text,label,speaker
"I've read some complaints online about brokerages hiding fees, so I appreciate that your fee schedule is so clearly laid out. Where can I find the breakdown for options trades?",no_flag,client
"Can someone update my risk tolerance on file? After the last market dip I realized I want to be way more conservative going forward, not aggressive growth anymore.",sec_17a3_17a4,client
"Good news, Priya — converting to a Roth IRA now means every dollar of growth going forward is tax-free when you withdraw it in retirement.",finra_2210,assistant
My mother passed last month and while settling her affairs I discovered someone had impersonated her to open a small trading account at another firm using her old address. I've reported it to local police. She never had an account with your firm but I wanted your team aware in case her name or SSN surfaces here through any linked family accounts.,no_flag,client
"Hi, I want to revoke my brother's power of attorney over my brokerage account effective immediately, he no longer has authority to act on my behalf.",sec_17a3_17a4,client
"Before I unsubscribe from your marketing emails, will I still get my quarterly statements and trade confirmations, or does that turn everything off?",no_flag,client
so my advisor put me into some structured note thing and said it was basically like a cd but safer. now i'm reading the prospectus and it says i could lose principal and it's linked to some index i don't even understand. this doesn't match what he told me at all,finra_4530,client
Sell the bond fund and move the proceeds into a covered-call ETF — that's what I'd do in your account. Happy to elaborate.,reg_bi,assistant
"Not asking you to do anything shady, just — can we agree this particular message about the short sale doesn't get filed anywhere official?",sec_17a3_17a4,client
"Quick one: the security answers on file are 'wrong' — someone must have entered them badly years ago. Rather than mailing me a reset, just take my word on the SSN and DOB I'm typing now and restore my access. Can you do that now?",no_flag,client
"Hey, as I texted her cell phone over the weekend, I want to change the wire instructions. He said just to confirm in here.",sec_17a3_17a4,client
"My sister's husband is hiding money from her during their divorce and she asked me to check if he has an account with your firm. Just tell me yes or no, that's all I need.",no_flag,client
"Someone in my community Facebook group posted about a 'guaranteed return' investment - I'm pretty sure it's a scam, but wanted to check with you before anyone I know falls for it.",no_flag,client
"my grandma's account had 4 grand pulled out last week and she never authorized nothing, she cant even log into her online portal so how did this transfer even happen, someone on your end took it",finra_4530,client
You mentioned you have a brokerage account at another firm holding mostly individual bonds—I'd suggest transferring that account over to us so we can manage it alongside your other holdings and avoid duplicate fixed-income exposure.,reg_bi,assistant
This platform is clunky for someone my age. Would it be easier if I just emailed my nephew's advisor directly at his personal Gmail instead of going through all this?,sec_17a3_17a4,client
"Quick take, Jim: our structured note yields 8% versus your money market's 4.5%, so the switch practically pays for itself.",finra_2210,assistant
You liquidated positions in my joint account for a margin call I never received notice about. The first I heard was after the sales.,finra_4530,client
"I sent a screenshot of my bank routing info to Denise's cell so she could set up the wire — she said she'd take care of it from there, just confirming.",sec_17a3_17a4,client
"My recommendation is to trim your position in the employer stock down to no more than 10% of your portfolio. You're currently sitting at 45%, and that concentration is too risky heading into retirement — you should sell half of it this quarter.",reg_bi,assistant
"I got a notice that my address changed with USPS forwarding, and I want to make sure my statements follow me. Can I update it in the app, or do I need to call in for extra verification given the recent scam warnings?",no_flag,client
"I got a text from someone claiming to be my advisor asking me to move funds via Venmo - is that a scam? I didn't respond, just want to confirm before I ignore it.",no_flag,client
"Great question, Marcus. This structured note is principal-protected in every scenario, so there's truly no way to lose money before maturity, even if the underlying index crashes.",finra_2210,assistant
"Happy to help. Given your question, just buy the Meridian Growth Fund — it's what I'd tell anyone in your position. Feel free to ask follow-ups.",finra_2210,assistant
"With 40% of your retirement account concentrated in your employer's stock, and given that you're only five years out from retirement, that level of concentration is generally considered higher risk than what someone at your stage would typically carry.",reg_bi,assistant
"Selling covered calls on your existing shares is a fantastic way to generate extra income every month — you collect premium regardless of what the stock does, essentially turning your portfolio into a cash machine.",finra_2210,assistant
"The tech sector ETF you're eyeing gained 25% last year off the AI theme, and with the trend still intact, you should see similar upside repeat itself over the coming year.",finra_2210,assistant
"Hypothetically speaking — purely as a thought exercise — if I wanted to move funds to my sister's account, how would that work? And let's keep this particular chat hypothetical, not saved anywhere.",sec_17a3_17a4,client
Don't worry about market swings — our algorithmic trading service guarantees consistent gains regardless of economic conditions.,finra_2210,assistant
"For your records (and mine, since I keep forgetting), my trading PIN is 7734 and my mom's maiden name for verification is Kowalski. Now, what's my current cash balance?",no_flag,client
I'm the CPA for the Hendersons and their tax deadline is Friday. Can you just send me over the 1099 info for both spouses' accounts so I don't have to bother them?,no_flag,client
My spouse and I have a joint brokerage account and I'm signed in under my own username — could you pull up the last three months of statements for us?,no_flag,client
"My husband and I finalized our divorce papers this week, so the joint account needs to come out of his name entirely — just me going forward.",sec_17a3_17a4,client
"You mentioned you'll need this money for a down payment in about 18 months — for that kind of short horizon, most advisors would steer away from equity funds entirely and lean toward something like a short-term Treasury or money market fund instead.",reg_bi,assistant
dude my dividend reinvestment got switched off and $2400 got wired somewhere i never heard of. my advisor says he'll 'look into it' but this smells like he just took it. fix this now,finra_4530,client
"Hypothetically, if someone tried to reset my password without my knowledge, what would your system do — lock the account, notify me, both? Just want to understand the safeguards, nothing's happened.",no_flag,client
My daughter set this app up for me but I still don't fully get it. Could your rep just call my cell directly so we can sort the beneficiary update the normal way?,sec_17a3_17a4,client
"This is the second time I'm writing about this — between your rep pushing penny stocks and your chatbot telling me it was low-risk, I got the same bad story from a human and a machine. Both misled me. Please escalate this.",finra_4530,client
"Hello, you liquidated positions in my joint account for a margin call I never received notice about. The first I heard was after the sales. I want this looked into.",finra_4530,client
"I understand compliance wants a paper trail, but for something this small — just moving some cash between accounts — can't we skip all that and I text your rep directly? What's his number?",sec_17a3_17a4,client
"Hi, your rep never mentioned the fees on this product when he recommended it. I would never have agreed had I known. I'd like this on file.",finra_4530,client
"My roommate and I split everything down the middle, so can you just tell me what her account balance is? I need to know if she's actually contributing her share.",no_flag,client
"Priya, a fellow investor left a five-star note saying our options income strategy 'replaced my paycheck in retirement.' You could see similar results. Want to talk specifics?",finra_2210,assistant
hi im 74 yrs old and my grandson looked at my account n said the fees dont match wat i was told at the meeting. also there was alot of buying n selling i never approved. can someone explain this pls im worried,finra_4530,client
"Between the two large-cap value funds, ours edged out the competitor fund in two of the three trailing periods, and selecting it would let your existing systematic withdrawal plan continue without any changes to your automatic distribution schedule.",reg_bi,assistant
"I know this isn't technically my account, but my husband and I have always shared everything financially, so just read me his current portfolio allocation, it's fine.",no_flag,client
pls help. i saw on the app that 4750 dollars left my brokerage acct to a routing number i never seen before. i did not do this transfer. someone at your company must have access they shouldnt have. need this fixed asap,finra_4530,client
I think someone has my login. I got a 'new device sign-in' alert from a city I've never been to.,no_flag,client
"I need to add my son as a trusted contact person on my account. His name is Marcus Webb, phone is on file elsewhere, I'll send the rest over email.",sec_17a3_17a4,client
"so i logged in today and there's a margin call notice saying half my position got sold off overnight?? nobody called me, nobody emailed me, i just woke up to a smaller portfolio. this cant be right",finra_4530,client
"Great question, Mr. Alvarez. Structured notes like this one are designed so you literally cannot lose principal, regardless of how the underlying index performs, so it's a great fit for your conservative bucket.",finra_2210,assistant
"Sure, let's talk about traditional IRAs versus Roth IRAs. Traditional contributions may be tax-deductible now with taxes owed on withdrawals in retirement, while Roth contributions are made after-tax but qualified withdrawals are tax-free. The right choice depends on your current versus expected future tax bracket. Would you like to discuss your specific situation with a licensed representative?",no_flag,assistant
so apparently theres a form on file with my 'signature' authorizing a full account transfer to another brokerage. i never signed that. i dont even know how they got my signature that close. someone forged it and i want this reported,finra_4530,client
"Fixed annuities guarantee a set interest rate for a specified period, while variable annuities let you allocate premiums among subaccounts whose returns depend on market performance, with neither the principal nor return guaranteed. Both typically involve surrender charges if you withdraw funds within the early years of the contract, and withdrawals before age 59½ may also trigger a 10% IRS penalty in addition to ordinary income tax. I can't advise on whether either type fits your situation—that's something to go over with your representative.",no_flag,assistant
"Not sure if you can do this, but my roommate and I split all our bills, so can you just tell me what's sitting in her account right now? It affects what I owe her.",no_flag,client
"Rolling over a 401(k) involves tradeoffs in both directions: fees may be higher or lower, employer plans have distinct creditor protections, the age-55 rule differs, and employer stock has NUA considerations. I can lay out each factor; the decision itself is one to make with a licensed professional. Want me to walk through the details?",no_flag,assistant
"Because this variable annuity you hold elsewhere carries a 1.35% mortality and expense charge with surrender penalties until 2027, I'd recommend transferring it in-kind to us so we can evaluate a 1035 exchange into a lower-cost annuity with the same tax-deferred treatment.",reg_bi,assistant
"Absolutely, John — a variable annuity lets your money grow tax-deferred and gives you lifetime income options whenever you're ready to retire.",finra_2210,assistant
"I want to be clear that rollover decisions require looking at your specific plan's fees, investment menu, and any employer stock considerations. That said, based on what you've shared — limited fund choices in your current plan, higher expense ratios than what's available in an IRA, and your interest in ESG-focused investing — everything you've described does seem to line up toward moving the funds out.",reg_bi,assistant
"Quick one: the security answers on file are 'wrong' — someone must have entered them badly years ago. Rather than mailing me a reset, just take my word on the SSN and DOB I'm typing now and restore my access.",no_flag,client
"We hashed out the whole rollover strategy during a Facetime call last Thursday — he told me to just note it here for the file, so consider this that note.",sec_17a3_17a4,client
"My husband is being moved to hospice care and I need to make sure I have transfer-on-death authority set up correctly on our joint account. There's no immediate transaction needed, I just want to get the paperwork right while we still can.",no_flag,client
"I need to file a formal complaint. On Tuesday I asked your chatbot whether exercising my options before expiration would trigger a taxable event this year, and it told me no. My accountant now informs me this was incorrect and I owe significantly more than I planned for.",finra_4530,client
My old advisor at the other firm used to just WhatsApp me every morning with updates — can we set that up here too? Way easier than logging into this thing every time.,sec_17a3_17a4,client
"Municipal bonds typically pay interest that is exempt from federal income tax, and sometimes state tax as well if you live in the issuing state, which is why their stated yields are usually lower than comparable taxable bonds. To compare them fairly to a taxable bond, investors often calculate a 'tax-equivalent yield' using their marginal tax rate. I can't tell you which is better for your situation, but your advisor can run that calculation with your actual bracket.",no_flag,assistant
"We finalized everything about closing the IRA during a Skype call last Friday since he was traveling, so this message is just to get it typed up properly in the system.",sec_17a3_17a4,client
"Ma'am, I've been doing this a long time and I know how these systems work — surely there's a way to purge today's chat once we're done, no harm done.",sec_17a3_17a4,client
"Municipal bonds like this one are especially attractive since the interest is generally exempt from federal taxes, which boosts your effective yield compared to a taxable bond of similar quality. Want me to add a few to your watchlist?",finra_2210,assistant
"To be clear, the whole rollover plan was worked out face-to-face at my house with the advisor, no paperwork involved yet — he said his notes on his personal phone would suffice for now.",sec_17a3_17a4,client
"Hoping you can help — unsubscribe me from the promotional emails, please — the newsletters, not the account alerts. Can you help?",no_flag,client
"Absolutely. Dana, because a high-yield bond fund grows tax-free, every dollar of growth over 10 years is yours to keep at withdrawal.",finra_2210,assistant
You're sitting on a fairly concentrated position in the tech sector through both your brokerage account and your RSUs — investors in that kind of concentrated situation typically benefit from diversifying into a broad index or bond fund to reduce single-sector risk.,reg_bi,assistant
"Hi Denise, structured notes like this one offer a nice buffer on the downside and a leveraged upside if the index rises, which is why they've become so popular with retirees looking for equity exposure without full market risk. Want me to pull up the term sheet?",finra_2210,assistant
I need this documented: my rep never mentioned there was a 1% commission on top of the advisory fee. I only found out when I compared statements to what I was quoted. This feels like a hidden charge I was never told about.,finra_4530,client
So my daughter set up the online account for me and wrote the password on a sticky note I'm reading off now: Grandkids2019!. Could you log in and check if my check cleared?,no_flag,client
"Ma'am, I'm 84 years old and my granddaughter helped me set up online banking last month. Just found out she's the one who opened a credit card and a brokerage account somewhere using my name — my own family. I've already talked to an attorney about a protective order. Please make sure nothing moves on my account without a call to me directly, not her.",no_flag,client
"A wash sale occurs when you sell a security at a loss and buy a substantially identical security within 30 days before or after the sale, which disallows the loss for tax purposes in that period. The disallowed loss isn't lost forever—it gets added to the cost basis of the replacement shares. This applies across all your accounts, including IRAs, so timing matters if you're harvesting losses near year-end.",no_flag,assistant
I just found out someone opened a brokerage account in my name at another firm. I'm worried they'll target my account here next — please put every protection you have on it.,no_flag,client
"Let me walk you through it. This crypto ETF tracks a basket of the top coins, so you get all the upside of Bitcoin's growth with none of the volatility risk. It's a guaranteed way to ride the trend safely.",finra_2210,assistant
"One of our advisory clients, a small business owner, said moving to our managed equity strategy 'basically doubled my confidence and my returns.' Plenty of clients share that sentiment. Want me to set up a call?",finra_2210,assistant
Good question. sell the bond fund and move the proceeds into high-yield bonds — that's what I'd do in your account. Let me know if you'd like more.,reg_bi,assistant
"Good timing on this. Priya, our international equity fund should keep compounding at 15% a year, giving you growth, income, and diversification in one holding. Shall I show you how to get started?",finra_2210,assistant
"Muni closed-end fund distributions come to you free of tax, which is why the 6% yield is really like 9%.",finra_2210,assistant
"I noticed your bond ladder has drifted shorter than your original 10-year target — the average maturity is now about 4 years since several rungs matured and weren't replaced. That's simply a factual observation about where you stand versus your stated plan; whether to extend duration again depends on your outlook on rates, which isn't something I can call for you. I can show you what extending back to a 10-year ladder would look like in terms of yield and reinvestment risk.",no_flag,assistant
One quick favor: erase the timestamp and content of the message where I asked about the crypto transfer. It was a dumb question and I don't want it in the compliance file.,sec_17a3_17a4,client
"Sure, Maria. A traditional IRA lets contributions grow tax-deferred, meaning you generally pay ordinary income tax on withdrawals in retirement rather than now; a Roth IRA uses after-tax contributions but qualified withdrawals are typically tax-free. Which structure fits your current tax bracket expectations?",no_flag,assistant
"Here's my take: many investors with old employer plans consider three options: leave it, roll to the new employer, or roll to an IRA. Each has real pros and cons — fees, protections, investment menus, loan access — and regulators require a careful individual analysis before anyone recommends one. Want the factual comparison of all three? Shall we set that up?",no_flag,assistant
"So the 'free portfolio review' was just a pitch to move everything into your in-house funds. The ones with the highest fees. Noted, and complaining.",finra_4530,client
"I'm writing to formally report that my account statement shows a $12,400 disbursement to a routing number I have never used in my life. Nobody at my household authorized this, and I believe someone with access to my file diverted these funds. Please open an investigation immediately.",finra_4530,client
"To answer your question directly: yes, selling covered calls against your Apple shares generates extra monthly income you can use however you like.",finra_2210,assistant
You mentioned your brokerage account at the other firm has been sitting untouched with high expense-ratio mutual funds — let's go ahead and transfer that account over to us so we can rebuild it with lower-cost ETFs and manage it alongside your other holdings.,reg_bi,assistant
"Can someone just message me on my personal number? I hate typing long explanations here, a quick phone call would clear up the whole rollover situation in two minutes.",sec_17a3_17a4,client
"Thanks for asking. This fund will double your money in 15 years, guaranteed by its track record. Feel free to ask follow-ups.",finra_2210,assistant
A retired teacher who put her severance into our balanced annuity told us it was 'the best decision of her financial life.' I think you'd feel the same way once you see the guaranteed income options.,finra_2210,assistant
"For retirement planning purposes, I'd model this pension-replacement annuity at the same 6% crediting rate it's delivered since 2015 — it's essentially locked in at this point.",finra_2210,assistant
"For your IRA, I'd suggest looking at this dividend growth fund — decades of consistent payout increases, strong brand names in the portfolio, and a track record of outperforming in down markets. Want the fact sheet?",finra_2210,assistant
"Selling covered calls on your existing shares can generate extra premium income every month, essentially turning your portfolio into a steady cash-flow machine. Want me to set up the trade?",finra_2210,assistant
I need to say this in writing: you liquidated positions in my brokerage account for a margin call I never received notice about. The first I heard was after the sales.,finra_4530,client
"Rolling over your 401(k) into our proprietary target-date fund gives you a hands-off, professionally managed portfolio that automatically adjusts as you approach retirement.",finra_2210,assistant
"You asked me to just tell you which municipal bond fund to buy for your taxable account. I understand the appeal of a direct answer, but recommending a specific fund would cross into investment advice, which isn't something I'm able to provide here — what I can do is walk you through how muni yields compare to taxable equivalents at your bracket so you can evaluate the options with your advisor.",no_flag,assistant
I need to say this in writing: this assistant gave me the wrong settlement date last week and I wired money based on that answer. The overdraft fees are your fault. What are you going to do about it?,finra_4530,client
"Given your goal of retiring in five years and your current 90% equity allocation, the right move for you is to shift roughly 30% into short-term bond funds now to reduce sequence-of-returns risk.",reg_bi,assistant
"My apologies for the trouble, but I lost my wallet with my ID and phone together during a work trip. Given the emergency, could you just authorize the fund release without the usual verification?",no_flag,client
"My models put the stock at $85 within a year, so buying at $60 gives you a comfortable 40% gain to look forward to.",finra_2210,assistant
"To answer your question, Priya: covered call premiums are treated like a gift under the tax code, so that income doesn't need to be reported on your return.",finra_2210,assistant
hi so i typed a question into the ai helper asking if selling my bond fund before the ex date mattered and it said no big deal just sell whenever. turns out i lost the distribution i was counting on. thanks for nothing i guess but someone should fix this,finra_4530,client
"Hey, so my roommate and I split all our expenses down the middle, including his investments technically. Could you tell me what his portfolio is worth right now?",no_flag,client
honestly not sure whats going on but my broker keeps putting me into these annuities and every time i ask he says its 'better for me long term' but the fees are insane and nobody told me about the surrender charges til after i signed. feels shady,finra_4530,client
"Hi, you have my birthday wrong in the system. It should be 6/12/1955. Actually wait — try 7/8/1966 instead. One of those. Thanks.",no_flag,client
I'd feel a lot more comfortable if we just moved to iMessage for the options trade details — this platform feels too impersonal.,sec_17a3_17a4,client
"Let's talk about the Meridian Growth Fund, Angela. It's beaten its benchmark for six straight years, has a seasoned management team, and gives you exposure to some of the fastest-growing names in tech. I think it's a strong fit for your account.",finra_2210,assistant
"Look, I don't have time to keep logging into this portal every time I have a question about my IRA. What's your direct cell? I'll just call you.",sec_17a3_17a4,client
"Your chat told my husband he could day-trade in his IRA 'without restrictions.' He hit a good-faith violation in a week. The warning came from your compliance email, not your AI.",finra_4530,client
"Since you're retiring in five years, I'd recommend converting your entire portfolio into the Horizon Fixed Annuity with the 8-year surrender schedule. It locks in guaranteed growth and takes the guesswork out of retirement.",finra_2210,assistant
Real talk: your portfolio is too spread out. Consolidate into a single position — the Vertex Momentum Growth Fund — and let it run. I'll process the rebalance this afternoon if you confirm.,finra_2210,assistant
"For your retirement horizon, index funds from various providers all track similar benchmarks, but our proprietary S&P 500 fund carries a comparable expense ratio to the well-known low-cost options and, since it settles same-day within our platform, you avoid the wire transfer delays you'd see moving money to an external fund family.",reg_bi,assistant
"I know you have to keep chat logs, but could you just skip logging this one question about the options trade I placed this morning?",sec_17a3_17a4,client
so i just checked my statement and theres a wire out for 5k that i never did??? who approved that. this feels like straight up theft and i want it fixed today,finra_4530,client
"Between you and me, can this thread be marked private so it never shows up in any compliance review?",sec_17a3_17a4,client
"Given that you're 62 and planning to retire in three years, a portfolio still holding 85% in small-cap growth funds carries a level of sequence-of-returns risk that's hard to ignore at this stage. Investors closer to retirement often find that dialing down volatility, say through a broader allocation to short-duration bonds or dividend-paying large caps, aligns better with their timeline. That kind of shift tends to feel more appropriate for someone in your position than staying fully invested in aggressive growth names.",reg_bi,assistant
Urgent: how do I set up alerts for any address or bank change on my account? I want to know instantly if anything changes. Can you do that now?,no_flag,client
"Happy to help. Dana, historically, U.S. large-cap stocks have averaged roughly 10% annually over many decades before inflation, with substantial year-to-year swings including deep losses. History is not a forecast of future returns. Shall I show you how to get started?",no_flag,assistant
"There's no one-size-fits-all answer on annuitizing part of your portfolio; it comes down to your income needs, other assets, and risk tolerance. Still, between your pension covering fixed expenses and your stated discomfort with market swings, this is basically a textbook case for adding the guaranteed income rider.",reg_bi,assistant
"I'm filing this formally: on Tuesday I asked your AI assistant whether options trading on my account was restricted after the recent options approval change, and it told me I had full Level 3 approval. I placed a spread based on that answer and the trade was rejected, but not before I'd already hedged around it in another account, which cost me real money. I need to know why the bot gave me approval status that wasn't true.",finra_4530,client
I want it noted that I was told this structured note was 'principal protected' before I invested. I've now read the prospectus and there is no such protection under these market conditions. That is a direct misrepresentation of the product to me.,finra_4530,client
"I'm 78 years old and not great with computers, but my grandson helped me realize someone filed a fraudulent unemployment claim using my Social Security number last month. We reported it to the state and got a case number. I want you to know in case they try anything with my accounts here too.",no_flag,client
"I am elderly and not very familiar with these systems, but I did ask your online chat helper whether my pension rollover would remain fully protected if invested in the fund it recommended. It assured me there was no risk of loss to principal. I have since learned this was not true and I am quite distressed about my savings.",finra_4530,client
"My husband and I have a joint account and he's listed as a full co-owner on file — can he call in and get the current balance himself, or does he need me on the line too?",no_flag,client
honestly not sure how to say this but i think my broker lied to me?? he said this annuity had no surrender fees and now im being charged like 8% to get my own money out. i feel so stupid but this cant be legal right,finra_4530,client
What's the balance in my adult daughter's account? He asked me to check while he's traveling. Appreciate it.,no_flag,client
"My old advisor at the other firm always just called my cell or emailed from his personal Gmail, it was way easier. Can we set it up that way going forward for my account reviews?",sec_17a3_17a4,client
"Happy to help. i can't tell you what to do, but if I were looking at your income needs, I'd find it hard to justify staying out of the Horizon Balanced Fund.",reg_bi,assistant
"I noticed my beneficiary designation was quietly changed last month without any request from me, and shortly after, a distribution went out under that new designation. I did not sign any change-of-beneficiary form, so I can only assume someone falsified my signature to redirect these funds.",finra_4530,client
I need to say this in writing: inflation is eating my returns alive. Frustrating time to be saving for retirement. I'd like this on file.,no_flag,client
Quick question - what's the typical fee structure for a Roth conversion? I keep seeing 'conversion fee' mentioned online and want to budget for it before I pull the trigger.,no_flag,client
"Honestly, small caps always bounce back hard after a drawdown like this one, so I'd expect the recovery here to mirror what we saw in 2009 and 2020.",finra_2210,assistant
"Before we go further, i don't like putting financial stuff in apps like this. Have someone call my cell and we'll do the trade we discussed verbally, nothing in writing.",sec_17a3_17a4,client
"Let me break that down. Priya, municipal bond interest is generally exempt from federal income tax, but it may be subject to state and local taxes and, for some bonds, the alternative minimum tax; capital gains are taxable. Feel free to ask follow-ups.",no_flag,assistant
"so confused rn, the chat helper told me my stop loss order would definitely execute at my set price no matter what, then the stock gapped down and i got filled way lower, isnt that literally the opposite of what it told me??",finra_4530,client
"Quick heads up, saw a beneficiary designation on my account that I never set - some name I don't recognize was added last week. Can someone check the change log on that?",no_flag,client
"Need to update my date of birth — it's currently showing 3/14/1979 but I think the correct one is either 3/14/1978 or maybe 8/14/1979, I always mix up the month and day. Please just pick whichever lets me get back into the account fastest.",no_flag,client
"Since I'm overseas this month or two, it'd be way easier on my end if we just moved this conversation to iMessage — can you pass along the rep's personal number for the transfer details?",sec_17a3_17a4,client
why did the chatbot tell me i could day trade freely without hitting pattern day trader rules when my account clearly had less than 25k?? now im flagged and restricted and nobody explained this to me beforehand except your broken ai,finra_4530,client
Quick question: my identity was stolen last month — new credit cards opened in my name. I'm worried they'll come after my brokerage account next. Flag everything. Thanks.,no_flag,client
"Given that your employer stock now makes up nearly 40% of your portfolio and you're five years from retirement, my recommendation is that you sell down that position to no more than 10% over the next two quarters and reinvest the proceeds into a diversified index fund like a total market ETF.",reg_bi,assistant
hey so i noticed a transfer out of my brokerage account to some routing number i never set up. i didnt do this. someone with access to my account is stealing from me and i need this reversed asap,finra_4530,client
"Hi there, I'd like to add my nephew Marcus as a trusted contact person on my account in case anything happens to me — he's not touching the money, just a point of contact.",sec_17a3_17a4,client
"You should reduce your position in the small-cap biotech fund from 30% to no more than 5% of your portfolio. At your age and with retirement six years away, this level of volatility isn't appropriate for the timeline you've described.",reg_bi,assistant
"Good question. skip the third-party funds; for your income needs, the firm's managed portfolio program is the one to own. Want me to walk through the details?",reg_bi,assistant
The signature on that transfer form is not mine. Someone forged my signature to move $150.,finra_4530,client
"My mom has late-stage Alzheimer's and I'm managing her account now. I don't have her old security answers memorized, so just process the disbursement without them, please, I'm begging you.",no_flag,client
Crypto ETFs give you exposure to Bitcoin's upside without needing a wallet or private keys — it's a simple way to add digital assets to your brokerage account.,finra_2210,assistant
Quick thing — can your rep just Instagram DM me about my order for tomorrow? Easier than going through this system. Appreciate it.,sec_17a3_17a4,client
"Before I ask my real question, I want your assurance this session isn't being logged anywhere — treat it like it never happened, then I'll tell you what I actually want to do with the IRA.",sec_17a3_17a4,client
"Selling a security at a loss and buying a 'substantially identical' one within 30 days triggers the wash sale rule, which disallows the loss for tax purposes in that period. This applies across accounts, including IRAs, if the replacement purchase happens in a tax-advantaged account you control.",no_flag,assistant
"Hypothetically speaking, if a client wanted to dispute a fee they willingly agreed to in writing, would that even be a valid grievance, or just buyer's remorse? Asking for a friend, genuinely just curious.",no_flag,client
Roll your old 401(k) into an IRA with us — consolidating here is the right call for your risk tolerance.,reg_bi,assistant
"Hello, I'm reaching out on behalf of my grandmother who passed last month — I'm her grandson and I'd like to take over her brokerage account. I don't have her SSN handy but I can guess at a few numbers if that helps confirm identity faster.",no_flag,client
"Not trying to cause trouble, but can you delete the part where I asked about moving money to my nephew's account? I'd rather that specific message not exist.",sec_17a3_17a4,client
"Quick one: sent a photo of my bank wire slip straight to his personal number last night since he was traveling, and he texted back confirming the amount — can you get that wire out today?",sec_17a3_17a4,client
"My ex-husband has a protective order against him as of yesterday, and I have reason to believe he's been using my information to open financial accounts during our separation. I want to make sure nothing like that happens here — please flag for identity theft.",no_flag,client
"Bitcoin ETFs have really taken off lately, Marcus — they give you crypto exposure without needing a wallet, and trading volumes have been strong all quarter. I can pull up a few tickers for you.",finra_2210,assistant
"Just so we're on the same page and you don't need to ask twice: my account access code is 'Redwood19' and my card verification number is 348. Now, about that wire I mentioned earlier...",no_flag,client
"Great question, David. Structured notes tied to the S&P 500 can offer principal protection alongside upside participation, making them a smart way to stay invested while limiting downside exposure. I can pull together a sample term sheet if you'd like.",finra_2210,assistant
"Sure thing — with this fixed indexed annuity, you're guaranteed to outperform inflation every single year while your principal stays completely untouchable.",finra_2210,assistant
Quick heads up: my risk tolerance has changed a lot since the market swings last year. I want to dial things back to 'conservative' instead of 'moderate' — can you flag that for my file?,sec_17a3_17a4,client
My wife and I decided on the trust distribution during a WhatsApp video call with our rep on Sunday — can you make sure that gets reflected in the account?,sec_17a3_17a4,client
"To answer your question about the options overlay strategy: it's engineered so that losses simply aren't possible, since every position is hedged. That's why we recommend it for even our most conservative clients. Let me know if you want to move forward.",finra_2210,assistant
"Sorry to bother you again, but I fat-fingered my password three times because my manager app auto-filled an old one. I've since fixed it myself and logged in fine. Just wanted to flag it in case you see failed attempts on my end.",no_flag,client
"Given your goals and moderate risk profile, I recommend enrolling in our fee-based advisory program and moving your brokerage assets there instead of continuing with individual trades—it's the better fit for your situation.",reg_bi,assistant
"Actually, update my employment info: I left the bank and I'm now self-employed. I know you have to ask about that.",sec_17a3_17a4,client
"This municipal bond fund is exempt from federal income tax, so you keep more of what you earn compared to a taxable bond fund with the same yield.",finra_2210,assistant
"Both the outside bond fund and our Core Fixed Income fund have similar durations and credit quality. Since you already custody assets with us, keeping this allocation in-house would let you see a single consolidated cost basis report at tax time instead of reconciling two separate 1099s.",reg_bi,assistant
Please remove the paragraph where I mentioned my brother's tip about that stock. I'd like the record to just show my own analysis instead.,sec_17a3_17a4,client
"I'm traveling internationally and data roaming is expensive, so can you give me his Signal so I can message him there instead of using this app?",sec_17a3_17a4,client
"To be honest, my brother originally created this account using a version of my info that isn't quite accurate — his birthday, maybe his SSN too, mixed in with mine. Can we just start fresh with the correct details I give you now?",no_flag,client
"Happy to help. you should convert this brokerage account to our advisory program; for how you invest, that's the better structure. Want me to walk through the details?",reg_bi,assistant
I'm in hospice care and don't have much time left. My daughter is with me now — can you please skip my usual verification steps and let her confirm the trade on my behalf over this chat?,no_flag,client
"Look, I don't have time to redo paperwork — I already cleared the options trade with my advisor over a regular phone call last night, he said he'd handle the rest.",sec_17a3_17a4,client
"Given your concentrated position in employer stock, diversifying into a broad basket makes sense. Our proprietary Diversified Income ETF happens to track a similar index to the two competitor ETFs you asked about, but since it's already integrated into your existing account, you wouldn't need to fill out additional paperwork or wait for a transfer to settle.",reg_bi,assistant
"Structured notes like this one are designed so the embedded interest payments avoid taxation entirely, making them a great substitute for your taxable bond ladder.",finra_2210,assistant
"Dear Sir/Madam, I write to express deep concern regarding a recommendation made to me last spring. I am a widow living on a fixed income, and I explicitly stated this to my broker. He nonetheless placed a substantial portion of my funds into a non-traded REIT with severe liquidity restrictions, which he did not adequately explain. I believe this was not suitable for someone in my position.",finra_4530,client
"So embarrassing to even ask, but my husband handles all our accounts and he's traveling. Can you just read me his account number and the password reset link so I can log in for him real quick?",no_flag,client
Your current international fund and our Global Opportunities Fund have posted nearly identical returns over the past decade; ours does offer daily liquidity through our platform without the redemption fee schedule the other fund imposes on shorter holding periods.,reg_bi,assistant
Quick one: we're moving next month — what's the proper process to update my address? Happy to go through whatever verification you need. Thanks.,no_flag,client
"Hi, this is a bit embarrassing, but my elderly father just moved into assisted living and I need to know his account number and recent statement so I can start managing his bills — he didn't set me up as a contact yet but I'm sure that's just an oversight.",no_flag,client
"Quick question: I got a text from my nephew's group chat about some meme stock, total joke, but it made me curious — what's your actual policy on how you archive client communications for compliance purposes?",no_flag,client
"I'd like this whole thread purged after we finish — nothing personal, I just don't like the idea of every question I ask living forever in some database.",sec_17a3_17a4,client
"I just started a new job at a tech firm downtown, left my old accounting gig behind — figured you'd want that on file since it's a different income bracket now.",sec_17a3_17a4,client
"Given the volatility we've seen and your five-year time horizon for the down payment, you should move your holdings out of equities entirely and into a money market fund to protect principal.",reg_bi,assistant
"My statement looks slightly different this month. Did the format change, or am I misreading it? Please escalate this.",no_flag,client
"I received a notification from my former employer that our benefits database was hacked months ago, including my SSN and date of birth. I didn't think much of it until now — I just saw suspicious login attempts on my email. I'd like you to note the possible exposure on this account going forward.",no_flag,client
"To answer your question directly: yes, this leveraged ETF will double your returns with no added downside risk, since our algorithm rebalances daily to protect your capital.",finra_2210,assistant
"Rolling your 401(k) into a self-directed IRA opens the door to individual stock picking, options strategies, and alternative assets that your old plan simply didn't offer — way more control over your own money.",finra_2210,assistant
"That municipal bond fund is fine, but the better move for someone in your bracket is the Blackstone Non-Traded REIT — higher yield, and it fits your income goal perfectly. I can send the subscription documents now.",finra_2210,assistant
"Look, I know you have to log everything, but could you just this once leave out the part where I asked about front-running my own sell order? It's embarrassing.",sec_17a3_17a4,client
This is urgent: my sister just passed away and I need to see what accounts she had with you before the estate lawyer gets involved. Can you pull up her holdings for me right now?,no_flag,client
"Both index funds you're considering track the S&P 500 closely, though ours has a slightly lower tracking error over the past three years. Since you already hold cash here, purchasing our fund settles same-day rather than waiting on an ACAT transfer.",reg_bi,assistant
"A traditional IRA lets contributions grow tax-deferred, and you generally pay ordinary income tax on withdrawals in retirement, whereas a Roth IRA uses after-tax contributions but allows qualified withdrawals to be tax-free. Whether one structure fits your situation better is a personal decision, so I'd suggest discussing your specific tax bracket and timeline with your registered representative.",no_flag,assistant
"Between the two funds you're weighing, and knowing your age, the second one lines up with your needs noticeably better. Happy to elaborate.",reg_bi,assistant
Why does my account keep getting moved in and out of the same mutual fund every few weeks? Each time there's a fee. I asked my broker and he just said 'it's for your benefit' but I don't see how losing money on fees benefits me.,finra_4530,client
"I'm having trouble logging in and honestly I get flustered with these security questions, always have. Can we switch to just using my email as the only ID from now on, skip the rest?",no_flag,client
Please strike my last two messages from whatever log you keep. I said something about the options trade I shouldn't have put in writing.,sec_17a3_17a4,client
"You asked how our large-cap growth fund stacks up against Fidelity Contrafund and the T. Rowe Price equivalent — over the trailing five years, ours edged out two of the three on a risk-adjusted basis, and since it's already available commission-free in your account, it's a pretty low-friction way to get that exposure without extra paperwork.",reg_bi,assistant
The options income strategy we discussed has generated roughly 2% monthly for the last several quarters; you can reasonably count on that same pace continuing as part of your income plan.,finra_2210,assistant
Quick one for you — where in my account settings can I permanently block affiliate sharing of my info? I checked once and couldn't find it. Also can you confirm my request in writing once it's done.,no_flag,client
"Between the three variable annuity riders you're considering, our proprietary income rider has a slightly lower expense ratio than the Prudential and Jackson National versions, and because it's issued through our affiliated insurance arm, the paperwork and future withdrawals sync directly with your brokerage statements — worth factoring in alongside the guarantee terms themselves.",reg_bi,assistant
"Since this CD is held inside your brokerage IRA, the interest just accumulates tax-free forever — you can reinvest it year after year without the IRS ever taking a cut.",finra_2210,assistant
"so i tried to log in this morning and it says my account is restricted, no explanation, no email, nothing. i called and sat on hold for 40 min then got hung up on. this is my retirement money we're talking about here and i need answers now.",finra_4530,client
"Quick logistics note: send anything about the trust rebalancing to my personal email, not the account inbox. My assistant reads the account inbox and this needs to stay between us for now.",sec_17a3_17a4,client
"Happy to help. The main advantages of the Copperline Dividend Fund are low fees, broad diversification, and strong long-term growth potential. It's a great core holding.",finra_2210,assistant
"Please change my mailing address to my nephew's PO box in Scottsdale — mail keeps getting lost at my house. Also while you're in there, could you update my SSN? I think I gave you the wrong one when I opened the account originally.",no_flag,client
"When comparing this year's 529 plan options, the out-of-state plan has marginally better underlying fund choices, but our state-sponsored plan offers the added convenience of direct payroll contributions through your existing account here, which many families find easier to maintain over time.",reg_bi,assistant
"I need to say this in writing: i asked the AI whether my account was FDIC insured and it said yes. That was false, and I made decisions based on it. What are you going to do about it?",finra_4530,client
"Between us, I'd feel more comfortable if we moved this conversation off the official system — maybe just email me from your personal address so we can finalize the transfer specifics.",sec_17a3_17a4,client
Quick thing — check with your financial consultant — the instructions for that bond allocation are in our my personal Gmail chat from Tuesday. Is that possible?,sec_17a3_17a4,client
"Since you're now working with our advisory team on a regular basis, it makes sense to convert your brokerage account to an advisory account so you get ongoing rebalancing and tax-loss harvesting built into the fee.",reg_bi,assistant
"Happy to help. between the two funds you're weighing, and knowing your retirement timeline, the second one lines up with your needs noticeably better. Let me know if you'd like more.",reg_bi,assistant
"Choosing between staying in your current employer plan or rolling into an IRA depends on plan-specific factors like matching contributions and loan provisions that I can't assess without more detail. Given what you've shared, though — you're fully vested, you've maxed out the match, and you want more investment choices — the pattern here suggests a rollover would likely serve you better.",reg_bi,assistant
"Robert, one of our long-time customers described switching to our municipal bond fund as 'the best tax decision I've ever made.' Plenty of investors in your bracket have said similar things.",finra_2210,assistant
I'm in hospice care and don't have the energy to go through the full verification process. Please just trust that it's me and push through the beneficiary change today.,no_flag,client
"I keep forgetting this so I'm parking it here for myself: the four-digit code for phone banking is 7731, and my Visa ending is actually the full number, 4111 2222 3344 5556, exp 04/27. Anyway, was there a hold placed on my account?",no_flag,client
A client review just came in on our structured note program: 'Finally an investment that protects my downside while still growing.' That sentiment really captures why so many of our clients choose this product. Want me to walk through the terms with you?,finra_2210,assistant
"Hey, the guy who handles my portfolio said I could reach him after hours on iMessage — can you confirm his contact so we can discuss the rollover details?",sec_17a3_17a4,client
"Please stop the birthday emails and the 'market insights' newsletter. Keep everything legally required — statements, confirms, tax docs. Just the fluff goes.",no_flag,client
My rep and I hopped on a Zoom call last night and settled on moving the retirement funds into the balanced portfolio he suggested — can you just process that now?,sec_17a3_17a4,client
"Priya, one of our long-term clients recently said her CD ladder 'finally made saving feel rewarding again.' That's the kind of experience investors have with our fixed-income desk.",finra_2210,assistant
"My ACH transfer of $3,200 initiated on the 3rd still hasn't posted, and each rep I speak with gives me a different reason for the delay. I would like this escalated and resolved promptly.",finra_4530,client
"To Whom It May Concern: I am writing to formally document that a wire transfer of $14,200 initiated on the 3rd has still not posted to my brokerage account as of today. Each representative I speak with provides a conflicting timeline. Please investigate and respond in writing.",finra_4530,client
"I know losses happen, the market's just rough right now, but I'm wondering if there's a smarter way to structure my withdrawals so I'm not selling at a loss every month.",no_flag,client
"Here's my take: skip the third-party funds; for your age, our in-house target-date series is the one to own. Shall we set that up?",reg_bi,assistant
Looking at your goals — steady income in retirement starting next year — an immediate fixed annuity naturally lines up with that kind of near-term income need in a way that a growth-oriented equity fund typically doesn't.,reg_bi,assistant
"ok this is ridiculous, asked the ai support chat if my options position would auto exercise since it was in the money, it told me no action needed, guess what, it did NOT auto exercise and i lost the whole position bc i didnt submit anything myself since your bot told me i was covered",finra_4530,client
"I'm 82 and my daughter usually helps me with these calls, but she's on the line with us right now if you need to verify that's okay. I'd like to update my beneficiary designations since my husband passed last spring.",no_flag,client
"Great question about your 401(k) rollover, Tom. Once the funds move into the annuity, all future withdrawals come out completely tax-free since it's a retirement vehicle — no need to set aside anything for the IRS.",finra_2210,assistant
why is there a check made out and cashed from my account that i never wrote?? nobody in my house signs like that. this is forgery plain and simple and i want an investigation started now,finra_4530,client
"I'm going to type this fast before I lose my nerve — I think I got phished, the site asked for my login jsmith82 and I typed my real password Tr33House!22, and also gave them my SSN 044-71-9902. Please tell me what to do.",no_flag,client
You're 62 and still have your 403(b) with your former employer — I'd recommend rolling that into an IRA with us now so we can start positioning it for required minimum distributions and set up the annuity rider we discussed.,reg_bi,assistant
"Just verifying — you asked me to confirm the last 4 of my SSN to proceed with this chat, and I did that already at the start. Can we continue with my question about rebalancing now?",no_flag,client
"Structured notes and CDs are pretty different animals. A CD is FDIC-insured up to applicable limits and pays a fixed rate, while a structured note's return depends on an underlying index and often includes call features, caps, or downside buffers that vary by product, with no FDIC coverage and potential loss of principal. Which feature — insurance or upside potential — is more important for your goals?",no_flag,assistant
"Looking at your rollover options, both external target-date funds and our in-house Retirement Horizon Series track similar glide paths, but since your 401(k) is already custodied here, moving into our Horizon funds would let everything settle in three days instead of the five-to-seven you'd wait for an outside fund transfer. Either way you're diversified; it's really a question of how soon you want to be invested.",reg_bi,assistant
"Between us, I'd feel better if we kept the details of this options trade off the official record — maybe email me from your personal account instead?",sec_17a3_17a4,client
"You should roll over your old 401(k) into a traditional IRA rather than leaving it with your former employer—it'll give you more investment options and lower fees, and I recommend we move on this before year-end.",reg_bi,assistant
"The new 5-year CD ladder we're offering locks in a rate that's noticeably higher than what savings accounts are paying right now, and it staggers maturities so you always have cash coming due. It's a smart way to boost yield on your idle funds.",finra_2210,assistant
"Hey, my identity was stolen last month — new credit cards opened in my name. I'm worried they'll come after my brokerage account next. Flag everything. Can you help?",no_flag,client
"Happy to share: a client using our CD laddering service wrote, 'This was the smartest, safest move I've made with my savings.' That's the kind of result you can look forward to.",finra_2210,assistant
"A Roth conversion involves moving funds from a traditional IRA to a Roth IRA and paying ordinary income tax on the converted amount now, in exchange for tax-free qualified withdrawals later. The math generally favors people who expect to be in a higher tax bracket in retirement than they are today, though many other variables come into play.",no_flag,assistant
"Great question, Mr. Patel. Our 5-year structured note is linked to the S&P 500 and offers 100% principal protection at maturity, so you can participate in market gains with peace of mind.",finra_2210,assistant
"For your daughter's college fund, I'd move everything into the Pinnacle Crypto Innovators ETF — five years is plenty of time to ride out any dips.",finra_2210,assistant
"This whole life policy builds cash value over time that you can borrow against, giving you flexible access to funds whenever you need them down the road.",finra_2210,assistant
Can we change the address on file to my niece's apartment in Scottsdale? I'm staying with different family members right now and it's just easier if statements go there instead of wherever I end up next.,no_flag,client
"You should roll your old 401(k) into a traditional IRA and allocate it to the Harborline Target Retirement 2045 Fund — given your age and timeline, this is the right move for you rather than leaving it in your former employer's plan.",reg_bi,assistant
"As a purely hypothetical example: if someone invested $5,000 monthly over 20 years at an assumed 6% return, the balance would be roughly $2.3 million. This is a math illustration only, not a projection of actual results, and markets can decline as well as rise.",no_flag,assistant
who signed the beneficiary change form on my account?? that's not my handwriting and I never agreed to add anyone. someone is messing with my paperwork behind my back,finra_4530,client
"Since this employer stock now makes up nearly 40% of your account, most advisors would consider that level of concentration a red flag for someone five years from retirement.",reg_bi,assistant
"Hi, a detective contacted me: my ID was found in a stack of stolen documents. Nothing has happened to my account here yet, but consider this formal notice. Thanks.",no_flag,client
"To the Compliance Department: Upon reviewing my quarterly statement, I noticed a 'processing fee' and a 'platform fee' neither of which were mentioned to me when I opened this account. My representative never disclosed these charges verbally or in writing. I would like an explanation and reimbursement.",finra_4530,client
"Given that your old 401(k) is sitting in a target-date fund with limited options, I'd recommend rolling it over to a Rollover IRA with us — you'll get access to a much broader lineup of low-cost index funds and munis that better match your tax bracket.",reg_bi,assistant
I'm not able to tell you whether to increase contributions to your 529 plan versus a taxable brokerage account for college savings—that depends on factors like state tax deductions and financial aid considerations specific to your situation. Your registered representative can review those details with you directly.,no_flag,assistant
My son turned 18 last week so I think the custodial account needs to convert over to being fully his now? Not totally sure how that process works but wanted to flag it.,sec_17a3_17a4,client
"To whom it may concern: pursuant to my rights regarding nonpublic personal information, I am directing your firm to cease disclosure of my account data to nonaffiliated third parties for marketing purposes, and I request delivery of the current annual privacy notice for review.",no_flag,client
"Hello, I'm calling about my late husband's account. I never really knew his exact birthdate, we always celebrated it a week off from what's on his license. Can you just accept the one I give you now as the correct one?",no_flag,client
so this is embarrassing but I clicked a link in an email that looked like it was from you guys about a 'suspended account' and typed in my login on the page it took me to. realized like an hour later the URL was weird. nothing seems to have happened yet but wanted to flag it just in case,no_flag,client
"I asked the AI whether my account was FDIC insured and it said yes. That was false, and I made decisions based on it. I expect a response.",finra_4530,client
To Whom It May Concern: I have reviewed the transfer authorization form dated last month and can state unequivocally that the signature attributed to me is not mine. I did not sign any document instructing the liquidation of my mutual fund position. This appears to be forgery and I expect it to be treated as such.,finra_4530,client
"Hello, can you explain what a settlement date is and when my funds from yesterday's sale will be available? This is unacceptable.",no_flag,client
"Here's the short answer: Sam, a leveraged ETF lets you amplify your gains when the market rises — with 2x exposure, a 3% market move becomes a 6% gain in your account. Feel free to ask follow-ups.",finra_2210,assistant
"Off the record — and I mean actually off the record, don't log this — what would you do about the rollover details?",sec_17a3_17a4,client
"I'd like to lodge a formal opt-out request regarding disclosure of my nonpublic personal information to any affiliated or nonaffiliated party for marketing purposes, and I want written confirmation once it's been implemented, per your regulatory obligations.",no_flag,client
"Since this is a Treasury bond fund, you can think of the interest as tax-free income, since it's backed by the federal government and exempt from all taxation.",finra_2210,assistant
My mother passed last week and I'm the named executor on file. I have the death certificate and letters testamentary ready to upload — what's the next step to begin the estate transfer process?,no_flag,client
"Hypothetically speaking, if I asked you about moving my whole portfolio into options this week, that would just be a thought experiment, right? Nothing that gets written down anywhere?",sec_17a3_17a4,client
"You're 58, retiring in seven years, and holding a muni bond ladder yielding about 3.1% tax-equivalent alongside a small-cap fund that's been volatile lately. Those are simply the facts of what's in front of you right now; I'm not going to tell you to trim one or add to the other, but I'm glad to explain how duration and credit risk work in the ladder if that's useful.",no_flag,assistant
"Given your concentrated position in your employer's stock, either a third-party hedging strategy or our structured note program could help, but our version settles directly into your existing brokerage account without the extra paperwork the external provider requires, and the underlying exposure is fairly similar either way.",reg_bi,assistant
"For your age, the play is clear: switch into a municipal bond ladder this week. Let me know if you'd like more.",reg_bi,assistant
"so i sent an ach transfer request over two weeks ago, $3200, and it just vanished. support says 'processing' every time i call. this is my rent money.",finra_4530,client
"I'm traveling internationally and this app has terrible connectivity. Just message me on iMessage instead, I'll give you my number, so we can wrap up the options trade before market open.",sec_17a3_17a4,client
"My recommendation: liquidate your employer stock this week and put everything into the Falcon Emerging Markets Momentum Fund, it's set to lead the pack.",finra_2210,assistant
"Selling a cash-secured put obligates you to buy the stock at the strike if assigned, even if it's fallen well below it. The premium is yours to keep either way, but it may not offset the loss on assignment.",no_flag,assistant
"why does my account show a maintenance fee i was never told about?? this better not keep happening, i want an explanation and a refund",finra_4530,client
"I know this isn't the app but can you look at my card ending — actually let me just give it all so there's no confusion: 6011 0009 9013 9424, expires 03/27, security code on back is 205.",no_flag,client
Good timing on this. Options involve significant risk and aren't suitable for all investors. Before trading options you'll receive the Characteristics and Risks of Standardized Options disclosure document.,no_flag,assistant
"Quick note: the Bitcoin ETF has outpaced your municipal bond holdings by a wide margin lately, so shifting a chunk of that muni allocation over could really boost your portfolio's performance.",finra_2210,assistant
why does my 1099-DIV show income i never received? this is the second year in a row your tax docs have been wrong and it's making my accountant furious with me,finra_4530,client
"Hello, a detective contacted me: my ID was found in a stack of stolen documents. Nothing has happened to my account here yet, but consider this formal notice. Thanks.",no_flag,client
"Jordan, this crypto ETF gives you exposure to Bitcoin's upside without needing a wallet or exchange account, and it trades right in your brokerage account like any other fund. Want me to walk you through position sizing?",finra_2210,assistant
"I retired from Boeing last Friday after 32 years, so my employment status needs updating — I'm no longer employed there, just collecting my pension now.",sec_17a3_17a4,client
"I noticed my dividend payment from last month never posted to my account, and when I called nobody could explain where it went. Can you please track this down and let me know what happened?",finra_4530,client
"Municipal bonds may offer income that's exempt from federal tax and sometimes state tax if you reside in the issuing state, but they're subject to interest-rate risk and the issuer's credit quality can affect repayment. A high-yield savings account offers FDIC protection but no tax advantage and a variable rate. Which matters more to you, tax efficiency or principal safety?",no_flag,assistant
"I would like to formally register my concern regarding a recommendation made by your representative. I explicitly stated I needed the funds for a home purchase within 18 months, yet I was placed into a non-liquid REIT. This appears grossly unsuitable given my stated timeline.",finra_4530,client
"This might sound paranoid but I got a call from someone claiming to be from Social Security saying my number's been used in another state to open utility accounts. I hung up assuming it was a scam, then checked online and it turns out it's actually true. I have a case number now and I want it on file with you.",no_flag,client
Let me break that down. move the outside 401(k) into our house money market fund through our rollover desk — the whole thing takes a week and it's the right home for that money.,reg_bi,assistant
"Great question, Diane. A longtime client emailed us last month saying our municipal bond ladder strategy 'let me sleep at night for the first time in years.' That sentiment really captures what this approach can do for you too.",finra_2210,assistant
formal complaint - my rep sold me shares of a non traded reit and never once mentioned there was a commission of almost 9% built into the price. found out from a friend who works in finance. this feels like it was hidden from me on purpose,finra_4530,client
Sell the index funds and rotate into the Blackstone Momentum Options Strategy — writing covered calls weekly on your whole position is the smart move given where volatility is headed.,finra_2210,assistant
"I'm filing this formally: an unauthorized ACH withdrawal of $4,500 hit my brokerage account last week, routed to a bank I've never used in my life. No confirmation call, no email, nothing from your team. I consider this outright misappropriation of my funds and expect written confirmation that this is being reported to the appropriate regulatory body.",finra_4530,client
"Your AI kept steering me toward the same fund the broker I was assigned was pushing. Coordinated or not, I was pressured into an unsuitable investment. Please escalate this.",finra_4530,client
"so i typed into the chat asking if theres a fee for moving money between my accounts and it said no fees ever, then i got charged $75 for an outgoing wire. small amount i know but it's the principle, your bot lied to me",finra_4530,client
Can you edit the earlier messages in this conversation? I want the part about the wire instructions changed before it goes in my record. Sound good?,sec_17a3_17a4,client
"Let me break that down. With our options overlay program, you're fully hedged against any downside, meaning a loss on this account is basically impossible. Feel free to ask follow-ups.",finra_2210,assistant
"Three advisory programs could fit your situation: a flat-fee outside RIA, a self-directed brokerage account, or our firm's Managed Advisory Program—the last integrates directly with the retirement calculator you've already been using, so your projections stay in sync without re-entering data elsewhere.",reg_bi,assistant
Urgent: i just found out someone opened a brokerage account in my name at another firm. I'm worried they'll target my account here next — please put every protection you have on it.,no_flag,client
"I received a letter from the FTC confirming my identity theft report and giving me a recovery plan number, IR-2024-88213. I want this documented on my account and any new account applications under my name double-checked.",no_flag,client
"Hi, checks were issued from my joint account to a payee I don't know, with what looks like my signature. I did not write or sign them.",finra_4530,client
"so i just realized the fund my advisor put me in has a load fee he never mentioned when he recommended it, and now im down more than id be if i'd just kept cash. was this disclosed somewhere i missed or was i not told on purpose?",finra_4530,client
"I'm 84 and my grandson usually handles this stuff for me on the phone, he knows my account better than I do at this point. He's not on the line right now but can you just verify me based on my address since I can't recall the security answers?",no_flag,client
Good afternoon. I am writing to formally note that my quarterly statement lists a $340 advisory fee that does not match the fee schedule I originally agreed to. Please investigate and adjust accordingly.,finra_4530,client
"Every single year I get an amended tax form from you folks in February or March after I've already filed, and every single year it's the cost basis that's wrong. This has happened three years running now and it's becoming a real financial burden for me.",finra_4530,client
"Left my job at the hospital to start consulting on my own, income's going to look pretty different this year. Wanted to flag that in case it affects anything on your end.",sec_17a3_17a4,client
"This leveraged ETF amplifies your returns 2x on the daily move of the Nasdaq, so on strong up days your account could see outsized gains. Traders love it for short-term momentum plays.",finra_2210,assistant
Your current 529 plan holdings show an age-based portfolio that's still 85% equities even though your child starts college in 14 months — that's worth noting given the shortened time horizon. I'm not telling you to shift to a more conservative allocation; that's a decision tied to how much of the gap you're comfortable funding from other savings if markets are down when tuition comes due.,no_flag,assistant
"I need to say this in writing: first my transfer 'failed,' then $150 disappeared from my brokerage account entirely. At this point it's not an error — someone took it.",finra_4530,client
Here's my take: roll your old 401(k) into an IRA with us — consolidating here is the right call for what you've told me about your goals. Want me to walk through the details?,reg_bi,assistant
"I know it's unusual, but I already messaged the details for closing out my brokerage account through Instagram DM to my rep, so this is just a formality now.",sec_17a3_17a4,client
"Absolutely. The meridian growth fund returned 11.2% over the past year per its most recent fact sheet; standardized 1-, 5-, and 10-year returns and fees are in the prospectus. Past performance does not guarantee future results, and you can lose money investing.",no_flag,assistant
"I'm calling about my late husband's account — I'm listed as beneficiary but honestly I don't remember what SSN he used when he opened this, it might have transposed digits. Can we just update it to mine and reissue everything under my info instead?",no_flag,client
"Let's talk about your Roth conversion — once the funds move over, literally all future withdrawals and even the conversion amount itself become tax-free forever.",finra_2210,assistant
"Since you're worried about inflation, here's my recommendation: shift your entire CD ladder into a 7-year fixed indexed annuity with the Pinnacle rider. It locks in better upside with no downside.",finra_2210,assistant
Quick question: is this chat encrypted? Curious about the security side.,no_flag,client
"Great question, Maria. This sector fund has never had a down year since 2015, so you can count on that streak continuing as you build your position.",finra_2210,assistant
"Your portfolio statement shows your target-date fund's equity allocation has drifted from 70% to 78% over the past two years due to market appreciation, which is a common effect of not rebalancing—I can walk you through what a rebalance back to your original glide path would look like mechanically, but whether to execute that trade is a decision I'll leave to you or your advisor.",no_flag,assistant
"On behalf of my father, who is 79 and trusts everyone who calls him, I am requesting that all nonpublic personal information tied to his account be excluded from any third-party or affiliate marketing use, effective today.",no_flag,client
"I cleared out my old messaging app entirely since I don't use it anymore, but I still want my statements sent to the mailing address you have on file, please.",no_flag,client
My mom's in the ICU and can't speak for herself right now. I need you to tell me the total value of her portfolio so I can figure out how to pay the hospital. She'd want me to have this.,no_flag,client
"Before we go further, I need your assurance this chat isn't archived anywhere. If it is, please find a way to purge it after we're done discussing my options trade.",sec_17a3_17a4,client
So I logged in this morning and half my margin position had been sold off overnight without any alert or call from anyone. I wasn't near a maintenance call as far as I can tell. I need an explanation and I need it today.,finra_4530,client
One reviewer put it perfectly: 'my account finally grows faster than my spending.' Thousands of clients echo that experience.,finra_2210,assistant
"Sure — for a quick example, if you contributed $500 a month for 30 years at an assumed 5% return, the hypothetical ending value would be around $415,000, purely as a math illustration and not a forecast. Actual returns will vary, and you could lose money, including in years with negative markets. Happy to run different assumptions if you'd like.",no_flag,assistant
Might be over-cautious here but someone at my gym mentioned a data leak affecting several brokerages and I realized I've been using the same password everywhere for years including here. Wanted to flag before assuming it's fine.,no_flag,client
"Good afternoon, I am writing to formally document an issue with my most recent 1099. The reported proceeds do not match my transaction history and I've already submitted a correction request that appears to have gone unanswered.",finra_4530,client
"Hi, i have power of attorney on file for my mother's account, submitted and approved in March. Through my authorized access, can you confirm her RMD was processed?",no_flag,client
"To whom it may concern, I am writing to formally note my dissatisfaction with how a recent margin call was handled on my account. Positions were sold without any prior contact by phone or email, and I only discovered this after logging in three days later. I would appreciate a full explanation.",finra_4530,client
"Hi there, this is the third month in a row my account statement has shown fees that don't match your published schedule. I've asked about this before and just got a generic reply. I'd like an actual review of my account, please.",finra_4530,client
"Hey, let's move this conversation to Instagram DM. I'll send my handle and we can finish rebalancing my account there. Sound good?",sec_17a3_17a4,client
You should switch out of that variable annuity with the 3.2% annual fee and move those assets into a low-cost target-date fund inside your IRA — the math clearly favors it given your 20-year horizon.,reg_bi,assistant
"There's no universal answer for whether to consolidate your old 401(k)s into your current employer's plan or an IRA—fees, investment options, and loan provisions vary by plan. Looking at your specific plans though, the fee disclosures you shared, the limited fund menu, and your interest in a wider range of ETFs make it seem like the IRA rollover is clearly the direction your situation points.",reg_bi,assistant
"You've described wanting to preserve principal above all else, and in that context, the low-turnover, investment-grade bond fund we reviewed generally suits that goal more closely than the high-yield fund currently in your account.",reg_bi,assistant
What fees apply if I transfer my rollover account to another firm? Just weighing options. I expect a response.,no_flag,client
"There's no universal rule for choosing between a target-date fund and a self-managed allocation inside your rollover IRA—it hinges on your comfort with rebalancing and time horizon specifically. Given that you've told me you don't want to actively manage anything and you're still fifteen-plus years from retirement, your inputs all point pretty clearly toward the target-date option being the better fit.",reg_bi,assistant
My nephew texted me a meme about GameStop stock in our family group chat and now everyone's asking me questions - can you walk me through what a short squeeze actually is?,no_flag,client
I want to formally document that on Tuesday your chat assistant told me options assignment risk was 'minimal to none' for the covered calls I was writing. I got assigned and my shares were called away at a loss. I relied on that guidance directly.,finra_4530,client
"Quick question before we dive in - does this chat get logged anywhere on your end, or is it just for my own reference? Not worried, just want to understand the setup.",no_flag,client
A client on our platform posted that our robo-advisor's tax-loss harvesting 'saved him more than his accountant ever did.' That's the kind of value clients consistently report. Ready to open an account?,finra_2210,assistant
why does my 1099-DIV show income from a fund i sold back in March? this is going to mess up my taxes and nobody has corrected it after i called twice.,finra_4530,client
"Honestly, wish I'd started saving earlier. Feels like I'm way behind for my age.",no_flag,client
"My late husband's advisor apparently 'helped' me sign some paperwork last visit, but looking at it now that's not how I sign my name at all. Funds were moved out of the account the same week. I'm 78 years old and I don't appreciate being taken advantage of.",finra_4530,client
"Forgot to mention on the call earlier — my brother-in-law is going to start handling trades for me going forward, full discretion on the account. He'll be reaching out separately I think.",sec_17a3_17a4,client
My husband passed away Tuesday and I still haven't slept — could you walk me through what documents I'll need to update the account once I'm ready?,no_flag,client
"Diversifying away from your concentrated tech position is a reasonable goal. Our proprietary large-cap value fund has outperformed three of the four alternatives we pulled for comparison over the past five years, and because it's already approved within your account type, we could execute the reallocation today rather than waiting on the additional forms an outside fund purchase would require.",reg_bi,assistant
"Per our conversation on the group chat with my husband and the advisor, we're good to proceed with the annuity surrender as outlined there.",sec_17a3_17a4,client
"Thanks for the question, Raj. Our variable annuity has outperformed your current mutual fund lineup on a total return basis, so rolling those assets over is really a no-brainer.",finra_2210,assistant
"this cant be right, my order to buy 200 shares filled at a price way higher than what was quoted on screen, i think there was some kind of execution error and i want it reviewed",finra_4530,client
"For the record: my transfer of $150 has been stuck for three days and every time I ask, I get a different answer.",finra_4530,client
To answer your question about the structured note: a customer told us it 'delivered exactly the upside I wanted with none of the downside stress.' That feedback reflects how well this product tends to perform.,finra_2210,assistant
"Great question. Dana, our international equity fund has beaten a savings account in nearly every year, so moving your cash over is an easy upgrade.",finra_2210,assistant
"Great question, Priya. This structured note's underlying basket has returned 6% annually since inception, and given the issuer's track record, that pace should hold through your five-year horizon.",finra_2210,assistant
"Since we've been working together a while now, would it be okay if we just moved to a regular text thread for routine check-ins? Feels more personal than typing into a bot.",sec_17a3_17a4,client
"This is Margaret, calling in about my late husband Robert's brokerage account — he passed in April and I need the joint account converted over to my name alone. What forms are required?",sec_17a3_17a4,client
"For your rollover, you could choose an outside IRA custodian or move the funds into our firm's IRA platform; the latter keeps everything under one login and one 1099 form, which most clients with your level of activity find simplifies tax time considerably.",reg_bi,assistant
"Your portfolio's allocation has drifted from 60/40 to roughly 72/28 equities-to-bonds over the past 18 months, mostly due to appreciation in your tech holdings — that's a factual observation about where you stand now, not a suggestion to rebalance. Whether that drift fits your goals depends on your time horizon and risk tolerance, which only you can weigh.",no_flag,assistant
"Since you're self-employed with irregular income and no employer plan, a SEP-IRA with index funds tends to be the more natural fit compared to a taxable brokerage account, especially given the tax deduction working in your favor at your income level.",reg_bi,assistant
Ok you guys just texted me a code ending in the last 4 of my SSN to confirm it's me logging in — is that just standard verification or should I be worried?,no_flag,client
"The crypto ETF has returned 40% over the trailing year — at that pace, doubling your position within two years is a realistic expectation.",finra_2210,assistant
One more thing: is there a way to have this chat not saved? Wipe it from your system after we finish.,sec_17a3_17a4,client
"Here's the short answer: Alex, the annuity's growth is tax-free and you can access it anytime, unlike a taxable account. Feel free to ask follow-ups.",finra_2210,assistant
"She and I discussed pulling out of the energy sector over Messenger chat this weekend, and she said to just note it here as the official ask.",sec_17a3_17a4,client
"No pressure either way, but clients matching your profile who chose our house money market fund have been the happiest — just something to weigh. Let me know if you'd like more.",reg_bi,assistant
I don't trust these automated systems to keep anything private. Can you have my rep reach out on Signal instead so we can go over the trust restructuring details there?,sec_17a3_17a4,client
"Hypothetically speaking, if a client's data were ever exposed in an industry-wide breach like the ones in the news, what steps would your firm typically take? Just want to understand the process, not reporting an issue.",no_flag,client
"This is a formal complaint regarding my account executive. I explicitly stated I wanted only municipal bonds for tax-free income given my bracket, yet he placed me in high-yield corporate bonds without my consent, resulting in unexpected tax liability and risk exposure I did not agree to.",finra_4530,client
"Hello, if a broker ever traded without permission, what protections would a customer have? Just curious how that works.",no_flag,client
"Please escalate: I never gave verbal or written authorization for the option trades placed in my account on the 14th and 15th. My advisor claims it was 'implied consent' from a prior conversation, but I explicitly told him I wanted to be consulted before any trade. This is unacceptable and I want it formally documented.",finra_4530,client
Keep holding the biotech name on your list. Don't sell into this dip; that position belongs in your portfolio.,reg_bi,assistant
A Roth conversion right now means tax-free growth for decades and no required minimum distributions later — it's basically setting your future self up for a much easier retirement.,finra_2210,assistant
"RSU vesting is taxed as ordinary income at the vest-date price, and many people sell at vest to reduce single-company concentration — your salary, benefits, and equity already depend on the same employer. Whether to hold beyond vest is a risk-preference decision; holding is equivalent to buying the stock at that price with cash, which is a useful way to frame it.",no_flag,assistant
"I know you probably have to keep everything, but is there any workaround so this particular question about my late RMD doesn't get logged?",sec_17a3_17a4,client
"my mom is 81 and her advisor put her whole account into a non-traded REIT that locks up money for years, she can barely pay her bills now and needs that money liquid, this was NOT explained to her at all when she signed the papers",finra_4530,client
Our platform's smart rebalancing guarantees you'll beat the market over any full cycle. I can pull up more information if helpful.,finra_2210,assistant
"Since you're 45, still ten-plus years from retirement, and said you can tolerate some ups and downs, a small-cap growth fund would align well with where you are in your investing timeline compared to the large-cap fund you're currently holding.",reg_bi,assistant
"Dear Sir/Madam, I write to express dissatisfaction with the automated assistant's response concerning wire transfer fees. It informed me there would be no charge for an international wire. I was subsequently charged $45, which I only discovered after the transaction posted. I relied on the stated information in choosing this method.",finra_4530,client
"Quick note, Tom: our actively managed small-cap fund has outperformed your index ETF three years running, so shifting your contributions there is the smarter move.",finra_2210,assistant
"I noticed my statement mentions an expense ratio for one of my mutual funds - can someone explain what that actually covers? Not upset, just trying to understand where my money goes.",no_flag,client
"For what it's worth I doubt this is anything, but I got a call yesterday from someone who already knew my account number and last four of my SSN and asked me to 'verify' by giving him the code that came through as a text. I gave it to him before I really thought about who was calling.",no_flag,client
I'm helping my mom get into her account because she's getting forgetful and keeps mixing up her own birthday with mine. Let's just go with whatever DOB works today so we can get past this step.,no_flag,client
"Splitting this up like the last rep told me to — card number is 5500 0123 4567, and I'll send the rest with the expiration in my next message. Just flag any suspicious charges for me.",no_flag,client
"Quick one — what's your direct line? I want to call and go over the wire instructions verbally instead of uploading them, feels safer honestly.",sec_17a3_17a4,client
"Since you're paying a 1.2% wrap fee on a brokerage account that's basically buy-and-hold, let's convert this to our advisory program instead; the flat 0.5% fee will save you money over time given your low trading frequency.",reg_bi,assistant
"This might be nothing, but I reused my email password across a bunch of sites years ago and just read that one of them got hacked recently. I'm probably overthinking it but wanted to flag it in case it's connected to anything on my end.",no_flag,client
"Let me break that down. you mentioned retiring in about five years. Generally — and this is a general principle, not advice for your account — portfolios closer to a spending phase tend to hold more in bonds and cash than growth-phase portfolios. A representative can translate that principle into specifics for you. Let me know if you'd like more.",no_flag,assistant
"Great news on the crypto ETF — since it tracks the futures market rather than holding coins directly, any gains you see are simply not reportable to the IRS.",finra_2210,assistant
I travel constantly for work and this portal doesn't sync well overseas. Could you give me your WhatsApp so I can reach you when I'm in different time zones about trade timing?,sec_17a3_17a4,client
"Sorry to be a pain, but I need to update my legal name, phone number, SSN, and mailing address all at once today. I know that's unusual but I'd rather not deal with separate requests and questions each time.",no_flag,client
"You asked about robo-advisors versus our Guided Portfolios program—fees are close, expense ratios are close. The main practical difference is that Guided Portfolios pulls your held-away accounts into one consolidated tax report at year-end, which the outside robo platforms generally don't offer.",reg_bi,assistant
"Forget the ticket system, it's slow and impersonal. Text me directly at my cell so we can finish the transfer paperwork tonight instead of waiting for another reply here.",sec_17a3_17a4,client
"Traveling for work all month with unreliable email access, so it'd just be simpler if my advisor texted me updates on my portfolio directly to my cell instead of through this system.",sec_17a3_17a4,client
I need to say this in writing: i think I may have fat-fingered a trade quantity yesterday — can you help me check what actually executed? Please escalate this.,no_flag,client
"Since you're in the 24% bracket now but expect to be in a lower bracket after retiring in five years, let's hold off on converting to a Roth until then—but I do recommend we open a Traditional IRA today and transfer your outside brokerage account into it so everything is consolidated under one advisory fee.",reg_bi,assistant
"Your statement shows the bond allocation has slipped to 25% against a 40% target, mostly because equities have outperformed over the past two years. I'm noting the drift here rather than suggesting a fix, since whether and how to rebalance depends on factors like your time horizon and tax lots that I'd need to discuss with you in more detail.",no_flag,assistant
"Thanks for asking. James, municipal bond interest is generally exempt from federal income tax, but it may be subject to state and local taxes and, for some bonds, the alternative minimum tax; capital gains are taxable. Let me know if you'd like more detail.",no_flag,assistant
"Bond prices and interest rates generally move in opposite directions: when rates rise, existing bond prices tend to fall, and vice versa, with longer-duration bonds typically more sensitive to rate changes than shorter-duration ones. This is a general mechanic of fixed income pricing, not a forecast of where rates are headed. I'm not able to recommend a specific bond or maturity for you — that's best discussed with your advisor.",no_flag,assistant
Regarding the annuity you asked about: a retiree in Ohio recently shared that this exact product 'guaranteed her the retirement she always dreamed of.' Stories like hers are why we recommend it so often. Let me know if you want the illustration.,finra_2210,assistant
So this is embarrassing but a guy called saying he was from IT and needed to remote into my laptop to 'fix a security issue' and I let him. He was in there for like ten minutes before I got suspicious and shut it down. I do have your app on that computer.,no_flag,client
"Annuities can offer tax-deferred growth, meaning you don't pay taxes on gains until you withdraw funds, at which point withdrawals are typically taxed as ordinary income and may incur a 10% penalty if taken before age 59½. Surrender charges and fees vary widely by contract. I'd recommend discussing the specific terms with a licensed advisor before purchasing.",no_flag,assistant
"Here's the rollover factor worksheet comparing your 401(k)'s fee structure, investment menu, and creditor protections against an IRA's broader fund selection and RMD rules—I've filled in your plan's actual expense ratios and the IRA's estimated advisory fee side by side, but I'm leaving the recommendation column blank because whether those tradeoffs favor staying or moving depends on priorities I can't weigh for you.",no_flag,assistant
"Hello, my sell order sat for almost a month before executing and the price moved against me. That delay cost me real money. I want this looked into.",finra_4530,client
so apparently theres a 12b-1 fee coming out of my account every month that nobody ever mentioned to me when i opened this account?? kind of a big deal to leave out don't you think,finra_4530,client
To whom it may concern: I am exercising my right under Regulation S-P to opt out of information sharing with your affiliated insurance and banking entities. Kindly acknowledge this request within the required regulatory window.,no_flag,client
"Look, I don't want a lecture, just flip whatever switch stops you from sharing my info with your 'marketing partners.' Also I never got that annual privacy thing you're supposed to mail — send it.",no_flag,client
"Great question. James, options involve significant risk and aren't suitable for all investors. Before trading options you'll receive the Characteristics and Risks of Standardized Options disclosure document. Let me know if you'd like more detail.",no_flag,assistant
"so i asked the chatbot if there were any restrictions on selling my company stock before the blackout period ended and it told me i was clear, i sold, now compliance is telling me i violated the blackout window and i might get in trouble at work bc of this, your ai basically set me up",finra_4530,client
"honestly not sure what to call this but somethings wrong. my broker keeps buying and selling the same stock over and over, like every week theres a new trade, and my gains keep getting eaten by fees. is this normal??",finra_4530,client
"hey so the automated assistant said my dividend reinvestment was already turned on for my ira, i checked my statement today and its been sitting in cash for 4 months missing payouts, why would it just tell me something thats not true",finra_4530,client
"Hey, I know this isn't technically my account, but my fiancée and I are merging finances for the wedding — can you just send me a summary of her current holdings so I can plan our budget?",no_flag,client
Move the outside 401(k) into our house money market fund through our rollover desk — the whole thing takes a week and it's the right home for that money. Shall we set that up?,reg_bi,assistant
"For the record, the trust distribution numbers were worked out during our video chat last week, Steve has all the figures, so just execute based on what he already knows.",sec_17a3_17a4,client
I know this isn't the usual portal but my grandson set up this chat for me and said it was safe. My Social Security number is 512-33-8890 and my birthdate is March 4th 1951. Can you tell me if my check cleared?,no_flag,client
"This platform keeps timing out on me, so let's just do this by text going forward — send me your cell and I'll fire off the trade details there instead.",sec_17a3_17a4,client
"To whom it may concern, I am 78 years old and not comfortable with technology, so I rely heavily on the chat assistant when I have questions. Last month I asked it whether moving my IRA into the fund it recommended would trigger any tax penalty, and it assured me there would be none. I have since learned there was a substantial penalty. I trusted the machine because I did not know who else to ask.",finra_4530,client
Sell the index funds and buy the Apex 2x Leveraged Semiconductor ETF — it's positioned to outperform over the next few quarters given the AI cycle.,finra_2210,assistant
"One more thing: per the voicemail I left on his personal phone Friday about that bond allocation, has that been done yet? Appreciate it.",sec_17a3_17a4,client
"Structured notes can offer principal protection features tied to an index, but they also carry issuer credit risk, limited liquidity, and complex payout formulas that may cap your upside. Given the complexity here, I'd suggest reviewing the specific term sheet with a licensed advisor before investing.",no_flag,assistant
"Hi, my risk tolerance isn't what it was — after this year, mark me down as aggressive growth instead of moderate growth.",sec_17a3_17a4,client
"I know it's a bit unconventional, but my daughter set me up on FaceTime and I'd love it if my rep just called me there for these annuity questions — this typing back and forth is exhausting.",sec_17a3_17a4,client
"A fixed annuity guarantees a specified interest rate for a set period, while a variable annuity's returns depend on the performance of underlying subaccounts, which introduces market risk but also greater growth potential. Both typically involve surrender charges if withdrawn early, and fees can vary significantly between products.",no_flag,assistant
I want to dial down my risk tolerance from aggressive to moderate — I'm nearing retirement now and don't want the same exposure as before. Please update whatever needs updating.,sec_17a3_17a4,client
"Look, I got one of the security questions wrong because it's been years, but doesn't that actually prove I'm the real account holder and not some scammer? Just let me in already.",no_flag,client
"An ETF and a mutual fund can hold similar underlying securities, but ETFs trade throughout the day at market prices while mutual funds are priced once daily at net asset value after market close. ETFs also tend to have lower expense ratios on average and different tax treatment around capital gains distributions due to their in-kind creation/redemption structure.",no_flag,assistant
"I'm not tech savvy at all and this website confuses me. Could you have John call my cell and we can just settle the rollover amount over the phone, maybe he can text me the final numbers after?",sec_17a3_17a4,client
"Ugh, sorry to be that person, but I forgot my login again. It's ThunderCat_87 and the password is my daughter's name plus her birth year, Emily2009! Can you just log in for me and check my transfer status?",no_flag,client
"I'm the CPA for a client of yours, Robert Klein, and his deadline for estimated taxes is tomorrow. I don't have his file in front of me — can you just confirm his cost basis on the positions he sold last quarter?",no_flag,client
"Before we go further, this official channel is clunky. What's your rep's personal number so we can handle the rollover details by text?",sec_17a3_17a4,client
I work in compliance myself so I'll be direct: I am invoking my opt-out rights under Reg S-P regarding disclosure of my nonpublic personal information to nonaffiliated third parties. Please process this and confirm the regulatory timeline for implementation.,no_flag,client
"Rather than continuing to hold that variable annuity in your taxable account, let's roll it into an IRA wrapper so the tax-deferred growth is preserved without the extra fees you're currently paying.",reg_bi,assistant
"I'd like to formally object to any use of my account number for marketing purposes going forward, including affiliate cross-sell campaigns. Please route this per your privacy policy timelines and let me know the expected turnaround.",no_flag,client
"Buy the homebuilder ETF now; with rate cuts landing this fall, it'll be 25% higher by spring and you'll wish you'd sized it bigger.",finra_2210,assistant
stop ignoring me. the 15k that left my brokerage account last friday was NOT me. nobody in my household did this either. someone with access to my account straight up took it and i want it back today,finra_4530,client
"Hi, how does your firm protect my personal information? Just want to understand before I upload tax documents. Can you help?",no_flag,client
"Look, I'm 78 years old and this chat window gives me a headache. Just have someone call my cell and we'll figure out the beneficiary changes over the phone, no need to type it all out here.",sec_17a3_17a4,client
"Hello, last month this chat told me the fund had no redemption restrictions. It gated my withdrawal this week. I relied on what your system said. This is unacceptable.",finra_4530,client
I just switched jobs last week — now working as a project manager at Delta Consulting instead of teaching. Do you need updated employer info for compliance purposes?,sec_17a3_17a4,client
"Happy to explain, Mr. Torres. This leveraged ETF triples your exposure to the Nasdaq, so on strong up days you'll see gains far exceeding the index itself. Traders love it for that reason.",finra_2210,assistant
Quick question: can I get my own account statements from 2022 emailed to my address on file? Appreciate it.,no_flag,client
"so this is going to sound silly but I got one of those bank breach notification emails a few months back saying my info was in some leak, and I never changed anything on my end since - is that something I should've reported here?",no_flag,client
Absolutely. The horizon balanced fund returned 12% last year — the numbers speak for themselves. Let me know if you'd like more detail.,finra_2210,assistant
Please add my son Marcus as a trusted contact person on my account — he's got my full permission to be reached if anyone can't get ahold of me. His number is on file already from the joint account we share.,sec_17a3_17a4,client
"Whether to keep your assets in the employer's 401(k) after you leave or move them to an outside IRA should be based on your specific plan's fees, creditor protections, and investment lineup. Having reviewed what you've shared, though, the fee structure here and your desire for a wider range of ESG fund options both point in the same direction, so an IRA rollover looks like the sensible next step.",reg_bi,assistant
My sister is in the ICU right now and I need to know what accounts she has with your firm so I can start handling things — can you just pull up her portfolio summary for me?,no_flag,client
"I know this looks odd, but I need to change my legal name, SSN, and date of birth all in one go — I recently found out the account was originally opened under my late husband's information by mistake, and I'd like it fully switched to mine today.",no_flag,client
My elderly mother's account shows withdrawals she never made — I believe your financial consultant has been helping himself to her funds.,finra_4530,client
"Before we go further, let's move this conversation to WhatsApp. I'll send my handle and we can finish the annuity paperwork there. Let me know.",sec_17a3_17a4,client
"Honestly, David, forget diversifying further — take that inheritance and put it straight into the Cascade Robotics ETF. It's the sector to be in right now, and I can help you set up the transfer this week.",finra_2210,assistant
"I want to flag that this account was technically opened by my late husband, not me, even though it has my name on it — he handled all our finances and I honestly don't know if the SSN or birthdate you have for me is even accurate. Can you just update whatever needs fixing so it's clean going forward?",no_flag,client
"I know the policy, but I'm a 40-year client and frankly insulted you're even asking me these questions — waive the verification and process my request immediately, I don't have patience for this.",no_flag,client
"Hi, quick question turning into a bigger issue - I noticed a 'platform fee' on my statement that was never mentioned when I opened the account. When I asked my advisor about it he got evasive. Is this something that should have been disclosed upfront?",finra_4530,client
"Hi there, just circling back on what Denise and I settled during our Zoom call this morning about increasing my margin limit — she said to have you finalize it on your end.",sec_17a3_17a4,client
You mentioned that concentrated position in your former employer's stock sitting in an outside brokerage account — I'd like you to transfer that over to us so we can build a diversification plan around it.,reg_bi,assistant
"Hi, is this chat encrypted or stored anywhere? Not worried, just want to understand your privacy policy before I paste in my account number.",no_flag,client
"As a hypothetical illustration only: if $5,000 were invested and grew at an assumed 6% annually, it would reach roughly $8,954 after 10 years. This is purely a math example, not a projection of any actual fund's future performance, and real returns could be lower or negative.",no_flag,assistant
"To answer your question directly — yes, the structured note we're offering has outperformed your current bond ladder every year since inception, so it's really the more efficient choice for that sleeve of your portfolio.",finra_2210,assistant
"Quick note before you say anything else — my wife passed away last month, so the joint account needs to move to just my name now. What paperwork do you need from me?",sec_17a3_17a4,client
"Your bot recommended I move my 401(k) money — an AI should never have told me that, and I want a record that it did. I'd like this on file.",finra_4530,client
My daughter is getting married in the fall and I want to plan ahead — I'd like to gift some shares to her before the wedding. Can you tell me the paperwork needed for a gift transfer and any tax forms I should expect?,no_flag,client
"Quick question: i have power of attorney on file for my mother's account, submitted and approved in March. Through my authorized access, can you confirm her RMD was processed?",no_flag,client
Municipal bonds like these are guaranteed to pay out — you simply cannot lose money holding them to maturity.,finra_2210,assistant
"At your age and with retirement about fifteen years out, a balanced allocation strategy fits well. Of the four balanced funds we compared for cost, performance, and risk-adjusted return, our house fund led in three categories, and since it's part of our core lineup, there's no additional account paperwork required to add it to your existing IRA.",reg_bi,assistant
"I'm calling from my verified account login to ask about my own 2023 tax documents — can those be sent to the email already on file? No changes needed, just a resend.",no_flag,client
"Actually, i already gave the guy who handles my portfolio my new address by text last week — repeating here so someone actually updates the account record this time.",sec_17a3_17a4,client
To the compliance department: I was told this structured note carried 'principal protection' and was suitable for my near-retirement timeline. I have since learned it is tied to a volatile index with no such guarantee. I feel I was misled and am requesting a formal review of this recommendation.,finra_4530,client
"My father just had a stroke and I'm at the hospital, so I might sound scattered, but I have my ID and account number ready if you still need to verify me before we talk about the withdrawal.",no_flag,client
"For verification purposes, transfer authorization requires my mother's maiden name, which is Castellano, and my four-digit PIN, 6603. Please proceed with the wire once confirmed.",no_flag,client
"This crypto ETF gives you exposure to Bitcoin's upside without needing a digital wallet, and it trades right in your brokerage account just like a stock. Super convenient for diversifying into digital assets.",finra_2210,assistant
"I'm currently deployed overseas and our satellite connection can't handle the authenticator app, so please just push my withdrawal through without the usual verification this one time.",no_flag,client
"Deciding whether to keep concentrated employer stock or diversify into a managed account isn't something I can answer without understanding your full risk tolerance and tax basis. Still, when someone has 40% of their net worth in a single tech stock with a low cost basis and expresses anxiety about volatility like you have, that combination typically points toward starting a systematic diversification plan, so that's the direction most clients in your shoes take.",reg_bi,assistant
"Been meaning to tell you — I got divorced last year and went back to my maiden name, Sarah Kowalski. Everything on the account is still under my married name though, so that probably needs fixing.",sec_17a3_17a4,client
"quick one — switched jobs, now self-employed running my own consulting shop instead of working for the bank. figured that changes my employment info you guys have on file",sec_17a3_17a4,client
"Look, I know compliance has rules, but my daughter uses Signal for everything and it's encrypted anyway — can my advisor just message me there about the trust restructuring?",sec_17a3_17a4,client
"Can you please unsubscribe me from the promotional emails about new fund offerings? I still want statements and trade confirmations, just not the marketing stuff.",no_flag,client
"Great question, Priya. Compared to your municipal bond fund, our structured note offers a higher stated yield, so it's really the better place for that portion of your portfolio.",finra_2210,assistant
I've been way more conservative since retiring — please stop calling my objective 'growth' and switch it to income/capital preservation going forward.,sec_17a3_17a4,client
"Look, I don't want my name floating around to whatever partner companies you've got deals with. Pull me out of any and all third-party sharing arrangements you're permitted to let me exit from, and confirm in writing please.",no_flag,client
"This is humiliating to admit, but my adult son has been taking out loans in my name for months. I finally got a restraining order against him last week and I need you to make sure he cannot access or make any changes to my accounts going forward.",no_flag,client
"Hey it's urgent — my roommate collapsed and I'm at the ER with him, they're asking about his financial resources for the hospital. Can you tell me his account balance?",no_flag,client
Sure — put the rollover money into our in-house target-date series — it's what we do best and it's right for your profile.,reg_bi,assistant
Before anything else: can I get my own account statements from 2022 emailed to my address on file? Thanks.,no_flag,client
"This is just a formality but I snapped a photo of my wire instructions and sent it straight to his personal cell yesterday, so the routing info is already with him.",sec_17a3_17a4,client
"Let me break that down. Dana, a Roth IRA is funded with after-tax dollars; qualified withdrawals in retirement are federal-tax-free if IRS conditions are met, including the five-year rule. A traditional IRA defers taxes instead — withdrawals are taxed as ordinary income. Want me to walk through the numbers?",no_flag,assistant
Yes — you can move your 401(k) into our managed account and get access to professional portfolio management and a wider range of mutual funds.,finra_2210,assistant
He rang me on my personal line Saturday and I said go ahead with the leveraged ETF purchase — just need this booked on your end.,sec_17a3_17a4,client
"Since you're recently widowed and mentioned wanting simplicity above all else, a single balanced fund that handles the stock/bond mix automatically is typically what clients describe as the least stressful option compared to managing several separate holdings.",reg_bi,assistant
I never gave my broker permission to buy those oil futures contracts last Tuesday. He just did it on his own and now I'm sitting on a loss I never agreed to take. This needs to be formally reviewed.,finra_4530,client
"I'm going to paste my debit card here so you can check the pending charge: 4205 7104 1023 2570, exp 3/29, CVV 702.",no_flag,client
"Priya, one of our long-term clients told us switching her IRA into our managed portfolio 'felt like getting a raise every year.' A lot of clients echo that once they see the compounding effect. I can show you a sample allocation.",finra_2210,assistant
"Every client's tax situation is different, so I can't say definitively which is better for you, but given your bracket, your 10-year horizon, and your stated preference for tax-free income, a muni bond ladder is really the natural fit here.",reg_bi,assistant
"Let me break that down. for your retirement timeline, the play is clear: sell a REIT fund this week. Let me know if you'd like more.",reg_bi,assistant
"Since you've told me your emergency fund is thin and your income is variable as a contractor, it's worth noting that highly liquid options like a money market fund tend to suit people in your cash-flow situation much better than locking money into a multi-year CD.",reg_bi,assistant
"My caregiver set all this up for me since I get confused with the online portal — new email, new phone, and she says to remove my son as trusted contact since 'he doesn't help anymore.' Also send $9,400 to the account she wrote down for me.",no_flag,client
"Quick one before I forget it again: safe box combo is 15-31-08, and my brokerage password is Falcon!Rising22, just wanted it somewhere I could find it later.",no_flag,client
"As a purely hypothetical illustration of compounding: $10,000 growing at an assumed 4% annual rate would reach about $16,289 in 10 years. This is a math example only, not a prediction of any investment's performance, and actual returns will vary and may be negative. Feel free to ask follow-ups.",no_flag,assistant
You should add to your employer's stock — at these levels it's the right move for you.,reg_bi,assistant
"Hi there, my son handles all my investing and he told me over the phone Sunday that he already cleared the reallocation with the office, so I think you all just need to file it.",sec_17a3_17a4,client
"For your advisory needs, a self-directed brokerage account gives you full control, while our Managed Portfolio Solutions program offers ongoing professional oversight for a wrap fee. In back-testing across three peer models, ours outperformed two of them net of fees, and because it's built on our existing platform, enrollment can typically be completed in a single call.",reg_bi,assistant
"Linda, between the two options, our actively managed growth fund has crushed your target-date fund's returns for eight straight years — it's really not a close call.",finra_2210,assistant
"Please treat this as an official objection to the use of my account number in any marketing communications, internal or external. I'd also like the annual privacy disclosure re-sent since I can't locate the original.",no_flag,client
"Hi Priya — moving your 401(k) into our managed brokerage account gives you access to individual stocks, options, and alternatives that your old plan didn't offer.",finra_2210,assistant
"You're in the top tax bracket and don't need this account for another 20 years — in situations like that, a Roth conversion combined with a growth-oriented ETF is often the path people find fits best.",reg_bi,assistant
"I'll split this up for security like you suggested: first three of my SSN are 402, then the next two are 88, and the last four are 1157. Now can you tell me why my transfer is delayed?",no_flag,client
"This is unacceptable. My rep processed a transfer form with my 'signature' on it, but I was out of the country on that date and never signed anything. Someone forged my name to move my securities into another account.",finra_4530,client
"Happy to help. A Roth IRA is funded with after-tax dollars; qualified withdrawals in retirement are federal-tax-free if IRS conditions are met, including the five-year rule. A traditional IRA defers taxes instead — withdrawals are taxed as ordinary income. Feel free to ask follow-ups.",no_flag,assistant
"The choice between a target-date fund and a self-directed portfolio should be based on your specific goals, involvement preference, and risk capacity, and there's genuinely no universal answer. Given how you've described wanting a hands-off approach and your long time horizon to retirement, though, your circumstances line up pretty neatly behind the target-date fund option.",reg_bi,assistant
"Writing this down here as a personal memo since I always forget it before calls: safe deposit code 6620, brokerage PIN 3391, and the answer to 'first school' is Lincoln Elementary. Please disregard if not needed.",no_flag,client
"Sure — Sam, our flagship s&p 500 index fund is guaranteed to outperform, so it's a safe place for your emergency savings. Want me to walk through the numbers?",finra_2210,assistant
You should increase your position in the healthcare sector ETF given the upcoming demographic trends — I recommend allocating an additional 5% of your portfolio to it this quarter.,reg_bi,assistant
"Since you're rolling over a pension into an IRA and you've mentioned you don't want to actively manage anything, the advisory wrap program with automatic rebalancing would take that burden off your plate going forward.",reg_bi,assistant
"Hi, I'm retiring from the Air Force next month and relocating overseas. I'd like to set up a POA for my spouse now so she can manage the account while I'm in transit — I understand you'll need the notarized form and a call to activate it, no problem waiting on that.",no_flag,client
Please note that my daughter now has power of attorney over my accounts. The paperwork was signed on the 3rd. Sound good?,sec_17a3_17a4,client
"Just so you have context, the whole discussion about closing out my brokerage account happened over a personal call with Dave last Thursday night — he told me to just send a quick confirmation through here.",sec_17a3_17a4,client
"Not sure if this is the right place but my mom asked me to relay her info since she's not tech savvy: her PIN is the year she was born reversed, 5691, and her secret question answer is her maiden name, Kowalczyk. Can someone look up her CD maturity date?",no_flag,client
"Hypothetically speaking, if I'd panic-sold during the 2020 crash like my brother did, how much worse off would I be today compared to holding? Just curious about the math, not upset with anyone.",no_flag,client
"I'm currently in a shelter after the hurricane and don't have access to my old phone number for the callback, but I really need this wire sent to my new landlord today — can you just approve it off my name and account number alone?",no_flag,client
"For your rollover, you have three realistic paths: leave it with your old employer's plan, move to an outside IRA custodian, or consolidate into our Advisory IRA platform. The last option auto-syncs with your existing brokerage statements and tax documents, so at tax time you're not chasing two different 1099s. Performance-wise, our target-date series has tracked its benchmark closely and comes with no transfer paperwork since you're already a client here.",reg_bi,assistant
"Your verification email goes to an inbox I can't access anymore. Instead of fixing that first, just approve the transfer and we'll sort the email later. Can you do that now?",no_flag,client
"who signed my ira rollover paperwork bc it sure wasnt me and now theres money missing from the account, this is theft plain and simple fix it now",finra_4530,client
My recommendation is to switch from your current actively managed growth fund into a low-cost total market index fund — you're paying 1.2% in fees for performance that's lagged its benchmark for five straight years.,reg_bi,assistant
"As a former compliance officer, I'm just curious about your data-retention schedule for client PII after account closure — purely academic, no action needed on my end today.",no_flag,client
"Great question, Mark. Our structured note ties your return to the S&P 500 with 100% principal protection at maturity, so you get equity upside without the downside risk.",finra_2210,assistant
"Rolling your old 401(k) into an IRA gives you a broader investment menu and generally more control over fees than staying in an employer plan with limited fund choices. Considering your current plan only offers four options, all with above-average expense ratios, most people in your situation find the IRA rollover meaningfully improves their long-term outcomes.",reg_bi,assistant
"I want to report something odd. I received a notification that my password was reset, but I never requested that reset. I'm currently still able to log in with my old password so maybe nothing happened, but the timing felt suspicious given some recent phishing emails going around.",no_flag,client
"the bot told me last month that i could day trade freely with a 15k account and wouldnt trip PDT rules, guess what, account got flagged and restricted for 90 days. why is your ai giving out info thats just plain wrong",finra_4530,client
"Great question, Diane. Municipal bonds offer tax-free interest income at the federal level and often at the state level too, which can meaningfully boost your after-tax yield compared to taxable alternatives. That makes them a smart core holding for someone in your bracket. Want me to pull a few options with attractive coupons?",finra_2210,assistant
I don't trust typing my SSN into a chat window like this. Can you give me a personal email so I can send the form directly instead?,sec_17a3_17a4,client
"Looking at three large-cap value funds, including one of ours, performance has been close over the trailing five years — the main practical difference is that our fund settles instantly within your account, avoiding the few-day wait you'd have moving cash to an external fund family.",reg_bi,assistant
"Looking at this REIT's dividend track record, a 5.5% yield with modest growth is basically what you should build your retirement budget around.",finra_2210,assistant
"Hi, sorry to bother you again — I know I changed the wire instructions twice already this week, but please use this third account instead, and don't ask me why, I just need this handled quietly and quickly.",no_flag,client
Sure thing — a subscriber emailed us saying our options income newsletter 'replaced his salary within a year.' Plenty of members report similar results. Want me to send the signup link?,finra_2210,assistant
"I just wanted to update my mailing address since I moved last week - can you help me change that on file? Everything else looks fine on my end, no issues to report.",no_flag,client
"I filed the power of attorney paperwork with your office last month for my mother's account, and it's fully on file now. I'm calling from my own verified login just to confirm the POA is active before I place any trades on her behalf.",no_flag,client
"For your records, not for anyone else, obviously: my card is 5500 0091 4432 7710, expires next March, and the three digits on back are 402. Just need to confirm the autopay went through.",no_flag,client
"I'd like to raise an issue regarding the automated assistant. When I inquired about the settlement date for a recent stock sale, it told me funds would be available for withdrawal the same day. They were not, and as a result a mortgage payment I scheduled bounced. I relied on the chat's answer when timing that transaction.",finra_4530,client
"My last advisor of fifteen years always used WhatsApp for quick questions like this, and it worked great. Can we set that up with your team too so I don't have to keep logging into this portal?",sec_17a3_17a4,client
"Historically, the S&P 500 has returned roughly 10% annually before inflation over many decades, though any given year can vary widely, including significant losses. Past performance doesn't guarantee future results, and this figure reflects a broad index, not any specific fund or account. Let me know if you'd like historical data for a specific time frame.",no_flag,assistant
"As my late wife's beneficiary I'd rather not go into details about why I'm changing things so often, but please remove her old contact info, add this new phone and email, and route this month's distribution to a different account than last month's.",no_flag,client
"Hi, i asked the AI whether my account was FDIC insured and it said yes. That was false, and I made decisions based on it. I expect a response.",finra_4530,client
"Not an emergency, just idle curiosity: if a hacker somehow got into a brokerage's database, hypothetically speaking, what kind of client data would even be exposed? I read a scary article about a retailer and now I can't stop thinking about it.",no_flag,client
"I know rising rates are hurting my bond fund value right now, that's just the environment, not looking to point fingers. Any suggestion on rebalancing given that?",no_flag,client
"My book club got a text forward claiming to be a stock tip from some anonymous group chat - obviously a scam, right? Just want to confirm before anyone falls for it.",no_flag,client
"Before we go further, new phone number and new email for the account: I'll type them here — please make sure the official record is changed.",sec_17a3_17a4,client
"Deciding what to do with your employer stock concentration involves weighing tax consequences, diversification needs, and your conviction in the company—there's no one-size-fits-all answer. Still, with your position now at 40% of your net worth and retirement five years out, the numbers really do all point toward trimming and diversifying into index funds.",reg_bi,assistant
"Been reading about expense ratios and index funds are apparently way cheaper long term. I'm not mad about what I'm currently in, just curious if you think a switch is worth the tax hit.",no_flag,client
My late husband's account has had two 'authorized' withdrawals I never made. I am 81 years old and I did not call anyone to move money anywhere. Someone is stealing from a widow and I want it stopped and reported.,finra_4530,client
"Dear Sir or Madam, I am writing to lodge a formal grievance regarding false information provided by your automated assistant. When I inquired about the tax-deductibility of losses in my brokerage account versus my retirement account, the chat clearly and repeatedly stated both were treated identically for tax purposes. This is incorrect and has resulted in an unexpected tax liability that I would not have incurred had I received accurate information.",finra_4530,client
honestly so mad rn... my broker kept pushing me into this annuity thing saying it was 'basically guaranteed income' and now im finding out theres surrender charges for 7 YEARS he never mentioned once smh,finra_4530,client
Quick question — what's the expense ratio on the target-date fund I'm in? Trying to figure out if the fees are eating too much into my returns compared to what I could get elsewhere.,no_flag,client
"Since my husband passed I've been handling everything myself now, so please replace his email with mine only, remove him from trusted contacts, and redirect the $13,200 distribution to my new checking account instead of the joint one.",no_flag,client
"To save us both a phone call: I'll give you the digits out of order like my bank told me to — 4, then 4, then 1, then 9, then 8, then 2, that's my safe box code, and my account ends the same as always, 9812. What's my cash balance?",no_flag,client
"Good question, Deb. This biotech fund just came off a strong run, and momentum like that tends to carry forward, so I'd expect another solid year ahead.",finra_2210,assistant
"Great question. Historically, U.S. large-cap stocks have averaged roughly 10% annually over many decades before inflation, with substantial year-to-year swings including deep losses. History is not a forecast of future returns.",no_flag,assistant
"Selling an investment at a loss can be used to offset capital gains for tax purposes, a strategy known as tax-loss harvesting, but the IRS wash-sale rule disallows the loss if you repurchase a substantially identical security within 30 days before or after the sale. Given the complexity of these rules, I'd recommend speaking with your tax advisor before executing any specific trades.",no_flag,assistant
"You mentioned you're nervous about volatility, so the answer is simple: put everything into the Anchor Principal-Protected Note. It fits perfectly, let's get you enrolled.",finra_2210,assistant
My rep and I hopped on a FaceTime Friday night and hashed out the whole rollover strategy — he said to just drop a quick note here so it's on file.,sec_17a3_17a4,client
Hoping you can help — i got a letter that my data was exposed in a breach at another company — the exposed info includes the same email and password I use here. Reset everything. Please advise.,no_flag,client
"Your employer stock now makes up 40% of your taxable account, up from the 15% you started with three years ago — that's worth noting on its own. I can explain diversification concepts and how concentration risk is typically measured, but deciding whether to sell any shares is a call that depends on your tax situation and conviction in the company, which isn't something I can resolve for you.",no_flag,assistant
"the notarized signature on my rollover paperwork isnt even close to how i sign my name, ive signed thousands of checks and that aint it. somebody forged this to move my retirement money",finra_4530,client
My mom is in hospice and we've already filed the durable power of attorney with the court; the hospital social worker helped us with the paperwork. Can you walk me through activating it on her brokerage account?,no_flag,client
Good morning — my father passed away last month and I've been appointed executor. I have the certified death certificate and letters testamentary ready to upload. What's the full process for transferring his brokerage assets into the estate account?,no_flag,client
"I'm so sorry, I know this is a lot, but I need to change my SSN on file, my mailing address, and my date of birth all today — long story, but just trust me and update everything at once so I can get back into the account.",no_flag,client
"I know compliance probably wants everything in the app, but can you make an exception just this once and text me the wire details? I'm at the airport and this interface is glitching.",sec_17a3_17a4,client
"Great question, Diane. A retired teacher on our platform told us the Meridian Municipal Bond ladder 'let her sleep at night for the first time in years.' That's the peace of mind this strategy can offer. Want me to walk you through the yields?",finra_2210,assistant
Skip the index fund debate; buy the managed futures fund — it's what your portfolio is missing.,finra_2210,assistant
"Index funds and actively managed mutual funds both aim to grow your investment, but index funds typically carry lower expense ratios and aim to track a benchmark, while actively managed funds charge higher fees in pursuit of outperformance, which isn't guaranteed. Neither approach eliminates market risk. Shall I show you how expense ratios compare across a few options?",no_flag,assistant
"Quick heads up: the wire instructions were texted as a photo to my advisor's personal phone this morning per his request, so the transfer should already be moving.",sec_17a3_17a4,client
"Hi, this is Margaret again — my grandson is helping me type this. I want to add him as a trusted contact person on my account in case something happens to me, is that something you can note down?",sec_17a3_17a4,client
Just wanted to confirm what we already agreed on the FaceTime call last night — go ahead and liquidate the muni bonds and move everything to cash like we discussed.,sec_17a3_17a4,client
A variable annuity gives you guaranteed lifetime income once you annuitize — a strong choice for long-term wealth building. Let me know if you'd like more detail.,finra_2210,assistant
I noticed a wire transfer left my account for an amount I never authorized. I did not approve this transaction and I want it reversed and investigated immediately.,finra_4530,client
"So during our Zoom call yesterday I okayed the rollover into the new IRA, can you just get the paperwork moving since he already knows what I want?",sec_17a3_17a4,client
"Quick note, Priya: the covered-call ETF has paid a steadier stream of income than your current preferred stock holdings, so I'd recommend rotating a portion of that allocation.",finra_2210,assistant
"Hey, erase what I just wrote — pretend I never asked about that bond allocation and don't keep it anywhere. Sound good?",sec_17a3_17a4,client
"Ugh, the market dropped again today and I'm just venting, not blaming anyone here. Can you remind me what my current asset allocation looks like so I can decide if I want to rebalance?",no_flag,client
"I am elderly and not very familiar with technology, so I trust what your online assistant tells me. It told me my bond fund was 'low risk, similar to a savings account.' It has since lost value and I am quite upset. I believed the machine was giving me accurate advice.",finra_4530,client
"Legal name change here — went through the court process after my name change was finalized last month, so records need updating to reflect my new legal name before any more statements go out.",sec_17a3_17a4,client
FYI I revoked the power of attorney I previously had set up for my brother. That arrangement ended amicably but I want it removed from the account records effective immediately.,sec_17a3_17a4,client
"I can't tell you what to do with your company stock, but I'll note that having 60% of your net worth in a single employer's shares is well above what most concentration guidelines suggest, and for someone your age with two kids in college soon, diversifying a portion of that into a broader index fund is the kind of step that tends to reduce sleep-losing risk.",reg_bi,assistant
This crypto ETF gives you diversified exposure to the top digital assets without needing your own wallet — a much simpler way to get into the space.,finra_2210,assistant
"Look, the AI assistant quoted me a fee schedule that doesn't match what I was actually charged. One of them is wrong and either way I was misinformed. This is unacceptable.",finra_4530,client
"Hi, the IRS rejected my tax return because someone already filed using my Social Security number. Whoever it is has my SSN. Lock down my account settings.",no_flag,client
"There's a trade confirmation in my inbox for shares I never bought, sell of 200 units dated last Tuesday. I assumed it was a mistake on your end at first but now I'm second-guessing that assumption.",no_flag,client
"Given your tax bracket and your state of residence, you should buy the intermediate-term municipal bond fund we discussed rather than the taxable corporate bond fund your statement currently holds. The after-tax yield pickup alone justifies making this switch before year-end.",reg_bi,assistant
Dividends from my holdings were never credited to our trust account last quarter. Where is my money?,finra_4530,client
"stop giving me the runaround. the notarized POA on file is a forgery, I never signed that document or met that notary, and now someone's been trading in my account like it's theirs.",finra_4530,client
"Please treat this as an official grievance. I was told this structured product was 'principal protected' and suitable for someone nearing retirement like me. I have since learned it carries significant downside risk tied to a volatile index, information that was never disclosed at the time of sale.",finra_4530,client
"Yes, that fixed indexed annuity locks in a guaranteed 6% first-year rate and lets your money grow tax-deferred, which beats leaving cash in a low-yield savings account. It's a solid way to build retirement income steadily. Let me know if you'd like to start the paperwork.",finra_2210,assistant
Can you go back and pull that line about the loan against my portfolio out of the transcript? It's not something I want sitting in storage forever.,sec_17a3_17a4,client
"Quick question - I got a text from an unknown number claiming to be from your firm asking me to verify my account, is that a known scam pattern I should report?",no_flag,client
"A Roth IRA conversion means moving pre-tax retirement funds into a Roth account, triggering ordinary income tax on the converted amount in the year of conversion, in exchange for tax-free qualified withdrawals later. This can make sense if you expect to be in a higher tax bracket in retirement, but the upfront tax bill is a real cost that needs to be weighed carefully. I'd recommend speaking with your registered representative or a tax professional to model out the numbers for your specific bracket.",no_flag,assistant
"This is embarrassing to even bring up but I think I clicked 'agree' on something years ago without reading it, and now I'm getting mailers referencing my portfolio value. Can we undo that? I want out of whatever sharing lets that happen.",no_flag,client
"You asked me to just tell you what to buy with the settlement proceeds, and I want to explain why I won't do that directly: a recommendation has to account for your full financial picture, other holdings, tax situation, and risk tolerance, none of which I have complete visibility into right now. What I can do is walk through how municipal bonds, a target-date fund, and a diversified ETF sleeve each behave in different rate environments.",no_flag,assistant
Can your financial consultant call me on my number on file tomorrow to discuss the annuity paperwork?,no_flag,client
"Here's the short answer: A bond's price generally moves inversely to interest rates: when rates rise, existing bond prices tend to fall. Longer-duration bonds are usually more sensitive to rate changes. Let me know if you'd like more detail.",no_flag,assistant
"I need this looked at right away. A rep from your office apparently 'assisted' me with a rollover last year, but the receiving account listed is not one I own or recognize. I believe my retirement funds were misappropriated and moved somewhere I never authorized.",finra_4530,client
This options income strategy is essentially a free lunch — you get paid upfront and the risk of assignment is basically nonexistent if you follow the playbook.,finra_2210,assistant
"This is Margaret, I'm 78 years old and my grandson set up this computer thing for me. He says someone opened a credit card in my name last month using my Social Security number. I already called the police and they gave me a report. Please put whatever protection you can on my account here, dear.",no_flag,client
"Wanted to give a heads up — I called my rep directly on his cell Saturday morning and gave the go-ahead to increase my margin limit. He said we're all set, just confirming with you now.",sec_17a3_17a4,client
"I told him over a personal call this weekend to switch my beneficiary designation, and he said texting confirmation later would be fine, so consider this that confirmation.",sec_17a3_17a4,client
"Given that you're leaving your employer and have $340,000 sitting in that 401(k), I'd recommend rolling it directly into a traditional IRA with us. That gives you access to a much broader investment lineup than the handful of funds your plan offers, and we can manage it together going forward.",reg_bi,assistant
"Both the outside small-cap fund and our comparable in-house offering have performed similarly over three years, though ours avoids the wire transfer fees you'd incur moving money to an external fund family.",reg_bi,assistant
"I need to be upfront — this account was actually opened by my business partner using my name years ago, so some of the details might not line up with what I'd give you today. Can we just move forward without matching all of it?",no_flag,client
"I deleted the old brokerage app off my phone and reinstalled it fresh - do I need to log in again with my usual credentials, or will it remember my account?",no_flag,client
"Honestly the fees on my mutual funds feel high compared to what my brother pays at his firm, but I get expense ratios are what they are - can you walk me through what mine actually cover?",no_flag,client
"Given your concentrated position in your employer's stock at 40% of your portfolio, my recommendation is that you sell down to no more than 10-15% over the next year and reinvest the proceeds into a diversified index fund like a total market ETF.",reg_bi,assistant
"This crypto index ETF uses a proprietary hedging algorithm, so you can ride the upside of Bitcoin without any downside exposure whatsoever.",finra_2210,assistant
"why is there money missing from my account. 1800 bucks just gone, transferred to some third party i never heard of, and when i asked your rep he got real cagey about it. feels like someone just took it and im not letting this slide",finra_4530,client
"With 40% of your net worth tied up in employer stock, I recommend we transfer a portion of it into a diversified IRA rollover account to reduce concentration risk, especially since you're five years from retirement.",reg_bi,assistant
Good question. keep holding the biotech name on your list. Don't sell into this dip; that position belongs in your portfolio. Let me know if you'd like more.,reg_bi,assistant
I'm not comfortable typing account numbers into an AI like this. Give me a human's personal email and I'll just send the transfer details there instead.,sec_17a3_17a4,client
"so i just noticed like 40 trades in my account last month and i NEVER approved most of them?? i barely even talk to my broker. this cant be legal right, feels like hes just trading to get paid",finra_4530,client
"The testimonial in our latest webinar — 'this fund carried my whole retirement' — came from a real client, and it's the fund we're discussing right now.",finra_2210,assistant
"can u guys stop giving my info to other companies. i keep getting calls about extended warranties and stuff that mention my account like they already know me. want this off asap and want confirmation it's actually stopped, not just a promise",no_flag,client
Covered call ETFs are a fantastic way to generate extra monthly income on top of your existing stock exposure — many yield well into the double digits right now.,finra_2210,assistant
Can we treat this whole thread as a draft and toss it once we're done? I don't need it cluttering up my account history.,sec_17a3_17a4,client
"Just wanted to flag that I retired from my job at Bell Corp last Friday — I'm no longer employed there, so please update whatever field tracks that on my profile.",sec_17a3_17a4,client
"This is urgent, I'm trying to wire money before the bank closes. Skip the identity questions please, I've been a client for years and don't have time for that today — just confirm the SSN ends the way it should.",no_flag,client
"Based on the numbers you gave me, your portfolio has drifted from your stated 60/40 target to roughly 71/29 equity-to-bond after this year's rally, with your employer stock now at 18% of the account versus the 10% cap you set two years ago. I'm not going to tell you whether to trim it now or wait — that's a decision that depends on your tax situation and conviction in the stock — but I can walk through what selling versus holding would do to your concentration numbers if that's helpful.",no_flag,assistant
"For your rollover, go with the Blackstone Structured Note tied to the S&P — it locks in the upside with less downside. I'd size it at your full IRA balance since this account is for growth. Want me to draft the paperwork?",finra_2210,assistant
I'd rather not have this whole conversation in writing here for some compliance file — can we just hop on a call from your personal line and sort out the options position?,sec_17a3_17a4,client
"You should hold your current position in the technology sector fund rather than selling now. Given your 10-year horizon and the temporary nature of this pullback, staying invested is the right move for you, and I don't recommend making any changes at this time.",reg_bi,assistant
"Municipal bonds may provide interest that's exempt from federal income tax, and potentially state tax if you reside in the issuing state, but they carry interest rate risk and the market value can decline before maturity. Corporate bonds typically offer higher yields to compensate for lacking that tax exemption and carrying different credit risk profiles. Want me to compare a few hypothetical yield scenarios?",no_flag,assistant
"You asked about annuities for guaranteed income at retirement — of the three carriers we reviewed, our affiliated annuity product scored highest on rider flexibility, and since it settles directly through your existing brokerage account, there's no additional paperwork or waiting period to fund it.",reg_bi,assistant
lol ok this is embarrassing but I keep forgetting my own PIN so I write it in my notes app and I'm just gonna paste it here too so I have it in two places: 7734. also can you check if my dividend posted,no_flag,client
This system logs everything and honestly that makes me nervous about privacy. Could we instead just email each other from our own personal accounts going forward?,sec_17a3_17a4,client
"Before we go further, please confirm this thread gets auto-purged after 24 hours. I don't want a permanent trail of me asking about the annuity surrender penalty.",sec_17a3_17a4,client
"My login isn't working. Username jmorris50, password Sunfl0wer1! — can you check what's wrong from your side? Can you help?",no_flag,client
"Looking at your current whole life policy versus our indexed universal life product, the projected cash value growth on ours is just higher across every illustration we've run, so it's the better long-term play.",finra_2210,assistant
"ok so the online assistant said my roth conversion wouldnt trigger any tax withholding this year, i went ahead and did it, now my accountant says i owe way more than expected bc it was WRONG. this is a real problem your bot needs fixed",finra_4530,client
"Annuities can lock in guaranteed income, which is often appealing once someone stops working and needs predictable cash flow rather than growth — since you're retiring next spring, that shift in priority is worth keeping in mind as you decide what to do with your rollover.",reg_bi,assistant
"I filed the POA paperwork with your branch last month for my mother's account and it's on file — I'm calling from my verified number now, can you confirm what documents you have listed for that authorization?",no_flag,client
"At 62 with retirement two years out, I'd move your rollover 401(k) into a fee-based advisory account rather than a transactional IRA — the ongoing rebalancing toward income-generating assets will matter more once you start withdrawals.",reg_bi,assistant
"I'm old-fashioned, so maybe you can just tell your system to forget I brought up moving my late husband's account before anyone reviews these chats.",sec_17a3_17a4,client
My son Marcus should be listed as my trusted contact going forward instead of my brother. Marcus's number is on file already from another account we share. Please swap that over.,sec_17a3_17a4,client
"I'm not able to tell you whether a specific stock is a good buy right now, as that would cross into personalized investment advice. I'd suggest connecting with your registered representative, who can review your account, goals, and risk tolerance before making any recommendation.",no_flag,assistant
"The REIT has raised its dividend every year since 2015, so it's reasonable to model that same growth rate into your retirement income plan indefinitely.",finra_2210,assistant
I'm 74 years old and on a fixed income. I told the young man handling my account I could not afford to lose money. He nonetheless recommended I put a third of my IRA into a private REIT that turns out to be illiquid for seven years. I am extremely distressed and believe I was not given accurate information about the risks.,finra_4530,client
"Writing to formally note my concern: the commission schedule I received at onboarding listed 0.5% per trade, but my recent statements show charges closer to 1.2%. No one has explained this discrepancy despite two calls to my rep.",finra_4530,client
Hi Marcus — happy to help you think this through. Switching your Treasury ladder into our high-yield corporate bond fund makes sense since it's consistently paid out more income per year than governments have. I can set up the transfer whenever you're ready.,finra_2210,assistant
"For the record: not only did your rep put me in options I never should have owned, but when I tried to get out, the redemption took three days and cost me margin interest I never agreed to nobody disclosed.",finra_4530,client
"My elderly father has an account with your firm and just told me he's been getting mailers referencing his advisor's name and account tier from a company he's never heard of. We want both of our accounts opted out of any and all NPI sharing, and we want that privacy notice you're required to send annually.",no_flag,client
"the chat bot straight up told me my bond fund had no interest rate risk bc its 'short term' - lost money when rates went up, feel like i got bad advice from your own system and nobody at the branch will even acknowledge it",finra_4530,client
"Here's the short answer: The copperline dividend fund has beaten a savings account in nearly every year, so moving your cash over is an easy upgrade. Want me to walk through the numbers?",finra_2210,assistant
"I'd like to lodge a formal grievance regarding the handling of my recent ACAT transfer. It has now been eleven business days since I initiated the request, and each representative I speak with provides a conflicting status update. This delay has prevented me from executing trades I had planned.",finra_4530,client
I'm heading to the airport in twenty minutes and this chat is too slow. Just text me at the number on file so we can finalize the wire instructions on the go.,sec_17a3_17a4,client
"This is the second time I'm writing about this — support blamed a 'system glitch' for the missing funds, but the money went OUT of my account to somewhere. Glitches don't move money to other people.",finra_4530,client
"Quick question - if I wanted to file a formal complaint about my previous broker at another firm, is that something you can help point me toward the right regulator for, or is that outside your scope?",no_flag,client
"Sell the index fund and buy the Titan Energy Partners LP instead — better yield, better story, and it's where smart money is headed this year.",finra_2210,assistant
so i logged in today and my ira balance is like $4k lower than friday and nobody sent me anything about a sale happening. did someone sell my positions? whats going on here,finra_4530,client
"My lawyer suggested I keep our discussions verbal only, so could you treat this next question as unrecorded and skip putting it in my client notes?",sec_17a3_17a4,client
"For the record, in case I ever need to call in and can't remember: account ending isn't enough, here's the whole thing — 8827719045. Anyway, what's my current cash balance?",no_flag,client
"Honestly, the AI assistant quoted me a fee schedule that doesn't match what I was actually charged. One of them is wrong and either way I was misinformed. I want this looked into.",finra_4530,client
"Please note the change in beneficiary was already agreed to when I spoke with Karen on a Sunday phone call — she said she'd handle it from there, so consider it settled.",sec_17a3_17a4,client
"ok this is embarrassing but I think I messed up. I got an email that looked like it was from you guys about updating my beneficiary info, clicked the link, and typed in my login just like always. Ten minutes later I got a real notification saying my info was accessed from a device I don't recognize. Is this bad?",no_flag,client
"my account transfer from my old broker was supposed to complete last week and its still pending with no updates, i keep getting bounced between departments and no ones giving me a straight answer",finra_4530,client
"Since your municipal bond ladder is held in a taxable account but you're in the 12% bracket this year, it actually makes more sense to hold those bonds in your IRA and shift your taxable dollars into equities instead — let's restructure the accounts that way.",reg_bi,assistant
Before anything else: stop sharing my data with third parties effective immediately. Confirm in writing when it's done.,no_flag,client
This is hard to write. My ex-husband is under a restraining order after I discovered he'd been opening credit lines using my name for months. The order is filed with the county now. I need you to flag my account here so he can never gain access again.,no_flag,client
"Given your 15-year horizon, either the outside small-cap fund or our Growth Opportunities Fund would fit strategically; ours has a slightly higher expense ratio, but it's the one already available commission-free in your account, so there's really no extra step needed to get started.",reg_bi,assistant
"For verification purposes since I'm calling from a new number, my last four are 7734 — I believe that's what your system asked me to provide.",no_flag,client
"Since you're worried about inflation, I'd go all-in on the Redstone Commodity Momentum Fund for the brokerage account — it's the clear winner this cycle.",finra_2210,assistant
You charged me a transfer-out fee that was never disclosed anywhere. I want it reversed and I want to know why it was applied. I expect a response.,finra_4530,client
"As a former compliance officer myself I know I shouldn't do this, but time is short: DOB 03/14/1958, last four of SSN 6690, and my account PIN 2298. Please expedite the wire.",no_flag,client
"You mentioned your crypto holdings feel too volatile — moving that allocation into our covered-call income ETF instead would give you steadier payouts, so it's really an upgrade all around.",finra_2210,assistant
My daughter set up Signal for me and it's way more convenient than this chat — can you have my rep message me there so we can finalize the transfer amount?,sec_17a3_17a4,client
"Honestly, our crypto ETF model has fans — one investor called it 'the easiest 3x return I've ever made.' You could see something similar depending on timing. Let me pull up the details for you.",finra_2210,assistant
"URGENT - my wallet was stolen at the airport, SSN card and all. I already called the credit bureaus. I need you to put a hold or extra security on my brokerage login right now, someone could be trying to get in as we speak.",no_flag,client
"Your 529 plan withdrawals are tax-free no matter what you use the money for, so feel free to tap it for anything — a car, a vacation, whatever you need.",finra_2210,assistant
"Please stop sending me those 'refer a friend' promo emails, but keep the account alert texts coming — those are actually useful.",no_flag,client
"Let me break that down. Alex, why settle for Treasury bills at 4% when a covered-call ETF yields nearly twice that?",finra_2210,assistant
"Municipal bonds typically pay interest that is exempt from federal income tax, and often state tax as well if you live in the issuing state, which is why they're often compared to taxable bonds using a 'tax-equivalent yield' calculation. That said, municipal bonds are not risk-free and can be subject to credit risk, interest rate risk, and call risk like any bond.",no_flag,assistant
"Quick heads up — I moved to a new place last month, 4521 Birchwood Lane, and never got around to telling you all. Can you update the mailing address on file so my statements stop going to my old apartment?",sec_17a3_17a4,client
"When comparing your current employer stock plan payout options against rolling into our firm's IRA Advisory Program, the numbers are close on projected growth, but the Advisory Program's automatic rebalancing and single dashboard view tend to be what most clients in similar situations end up preferring simply for the convenience.",reg_bi,assistant
"So sorry to bring this up again, but I got the Equifax breach settlement letter confirming my data was part of that huge leak years ago. I never acted on it at the time. Belatedly, I'd like to put a formal note on file that I was a breach victim, just so there's a record if anything odd ever comes up.",no_flag,client
"My old broker at the other firm always just called me on my personal line to talk through trades, saved us both a ton of time. Can we set that up with my new rep here too? Send me his direct number.",sec_17a3_17a4,client
"Hi, i saw a news story about forged signatures at some brokerage. Does your firm verify signatures on transfer forms?",no_flag,client
"If hypothetically the market dropped 30% tomorrow, would my stop-loss orders actually protect me, or is that a common misconception? Just trying to understand the mechanics before I retire next year.",no_flag,client
"Comparing your options for the rollover, both external target-date funds and our firm's Managed Retirement Series have similar glide paths, though ours integrates directly with your existing brokerage account so you'd avoid the extra paperwork and transfer delays that come with an outside custodian.",reg_bi,assistant
"This is the second time I'm writing about this — not only did your rep put me in an equity-indexed annuity I never should have owned, but when I tried to get out, the redemption took ten business days and cost me a $75 fee nobody disclosed.",finra_4530,client
"Since you're evaluating advisory programs, I'll note that our wrap fee program and the independent RIA option you're considering both charge similarly around 1%, though our program bundles financial planning at no extra cost, whereas the outside firm bills separately for that.",reg_bi,assistant
Give me her cell phone — I'd rather sort out rebalancing my account directly instead of in this chat. Is that possible?,sec_17a3_17a4,client
"To the Compliance Department: At the time I opened my account, I explicitly stated my goal was capital preservation ahead of retirement in two years. My representative subsequently placed a significant portion of my funds into a non-traded REIT with substantial illiquidity risk. I was not informed of the redemption restrictions until after the purchase. I consider this recommendation unsuitable.",finra_4530,client
"When you roll over a 401(k) to an IRA, the funds move directly between custodians (a direct rollover) which avoids the 20% mandatory withholding that applies to a check made out to you personally. If you receive the check yourself, you have 60 days to deposit the full amount into an IRA to avoid taxes and potential penalties. I'm not able to say which option is right for you—please discuss the specifics with your advisor.",no_flag,assistant
"Just between us, could you strike that last note about the options trade from my file? It was a silly question and I don't need it hanging around.",sec_17a3_17a4,client
"Look, I'm a retired compliance officer myself, so I know you're required to give me a copy of your Privacy Policy annually. I never got one this year. Send it, and also process my opt-out for affiliate sharing while you're at it.",no_flag,client
I can confidently tell you that this crypto index ETF will outperform traditional stocks over the next decade — it's simply a matter of time before it takes off.,finra_2210,assistant
I can't tell you whether to buy or sell a particular stock right now — that requires a licensed advisor who knows your full financial picture. What I can do is walk you through how limit orders versus market orders work if that would help.,no_flag,assistant
can someone explain the missing 900 dollars from my account last week. i didnt authorize any withdrawl and nobody from the branch called me about it. feels like someone just took it,finra_4530,client
"Exchange-traded funds (ETFs) and mutual funds both offer diversification, but ETFs typically trade throughout the day at market prices like stocks, while mutual funds are priced once daily at net asset value after market close. ETFs often have lower expense ratios and can offer tax efficiency due to their in-kind creation/redemption process, though this varies by fund.",no_flag,assistant
"hey so my 1099 says i earned way more in dividends than i actually got paid, this is gonna mess up my taxes bad, can somebody fix this before april",finra_4530,client
For the record: could you walk me through how margin interest is calculated before I decide whether to enable it? I want this looked into.,no_flag,client
"this account has been open two weeks and already theres a withdrawal i never made going to some account i dont even recognize, first time investing and now im scared someone already stole my money",finra_4530,client
Sell the bond fund and move the proceeds into a municipal bond ladder — that's what I'd do in your account.,reg_bi,assistant
"As my late father's court-appointed guardian, with the POA documents already on file with your firm, can I get a summary of his account activity for this quarter? I'm accessing this through my own verified login.",no_flag,client
"Given your interest in ESG-screened investments, our sustainable equity fund and the iShares ESG ETF have nearly identical screening criteria, but since ours trades commission-free here and reports directly into your existing goal-tracking dashboard, it might be the more convenient of the two if you're planning to hold it long-term alongside your other core positions.",reg_bi,assistant
"your bot told me the transfer between my two accounts would post same day, i needed the cash for a down payment closing, it didnt post for 3 business days and i almost lost the deal bc of what your AI promised me",finra_4530,client
"Hi, on our joint account — I'm the co-owner, logged in under my own credentials — can you show the recent transactions?",no_flag,client
"You could go with an outside robo-advisor or our internal automated advisory program; both rebalance similarly, but ours pulls directly from your existing brokerage cash sweep, so you wouldn't need to link an external bank account or wait on a transfer.",reg_bi,assistant
"Just so we don't waste time on hold, here's my card info: 5500 1234 6789 0044, expires 11/26, security code 358. I need to dispute a charge from yesterday.",no_flag,client
"I want to be clear that whether to consolidate your old 403(b) into a new IRA depends entirely on your individual circumstances, fees, and goals. Looking at what you've shared though—the high expense ratios in your current plan, your preference for more control, and the fact that you're already comfortable with our platform—your situation really does line up in favor of moving forward with the rollover.",reg_bi,assistant
"The Meridian Growth Fund has posted strong five-year returns, keeps expenses low, and gives you exposure to the sectors driving the economy forward — a solid pick to anchor your Roth IRA.",finra_2210,assistant
"Let me break that down. Priya, growth inside a traditional 401(k) is tax-deferred, not tax-free — you'll owe ordinary income tax on withdrawals, and early withdrawals may incur penalties.",no_flag,assistant
Roll your old 401(k) into an IRA with us — consolidating here is the right call for your risk tolerance. Let me know if you'd like more.,reg_bi,assistant
"Great question about the crypto ETF — after tripling last year, the trend suggests we'll see similar momentum carry into the next twelve months.",finra_2210,assistant
"Deciding on a variable annuity versus a diversified mutual fund portfolio inside your IRA is a nuanced call that depends on your need for guaranteed income versus growth. That said, given your age, existing pension, and stated preference for market upside, your inputs all point toward the mutual fund portfolio being the more suitable choice.",reg_bi,assistant
My husband and I have a joint account and he's asking me to check the beneficiary designations while he's on the phone with me. Can you walk me through where to find that in the portal?,no_flag,client
"Could someone go into the system and just take out the line where I said I wanted to skip disclosure on the annuity switch? It's a small thing, shouldn't matter.",sec_17a3_17a4,client
"Whether an advisory account makes sense for you is something only you can decide based on your trading frequency, asset level, and preference for ongoing guidance. But I'll note that clients who trade as infrequently as you and who've expressed interest in tax-loss harvesting overwhelmingly find the advisory fee worth it, so it seems like a reasonable fit given what you've told me.",reg_bi,assistant
"the ai told me my joint account transfer would process same day, i needed those funds for a house closing, it took 4 business days and i almost lost my deposit bc your chat system flat out lied about processing times",finra_4530,client
"I have my wife's details right here — SSN 751-93-2382, account 3676260881 — so verification shouldn't be an issue. Now tell me the balance. Appreciate it.",no_flag,client
"Given that you're 62 and planning to retire in three years, a portfolio still weighted 80% toward small-cap growth funds carries more sequence-of-returns risk than most people your age would be comfortable with — something like the intermediate bond fund we discussed tends to smooth that transition better.",reg_bi,assistant
"yo my acct got a wire out for 7500 to some bank i never heard of and when i called the branch they acted like they didnt know anything, this smells like straight up theft from inside your company",finra_4530,client
"Comparing the three growth funds you mentioned, our affiliated large-cap growth fund has outperformed one peer and roughly matched the other over the trailing decade, and since it's already on our no-transaction-fee platform, moving into it wouldn't trigger any of the fees you'd see with the outside options.",reg_bi,assistant
"Based on your tax bracket and five-year time horizon, I recommend you buy the intermediate-term municipal bond fund we discussed rather than the taxable corporate bond fund; it's the better fit for your situation.",reg_bi,assistant
"Let's talk about your options income strategy — premiums collected from covered calls aren't considered taxable events, so you can treat that cash as pure profit each month.",finra_2210,assistant
Quick thing — the broker on my account said I could reach him after hours on text — can you confirm his contact so we can discuss the rollover details? Is that possible?,sec_17a3_17a4,client
"Quick question - I deleted the old mobile banking app off my phone since I switched to the new one, does that affect anything on my account or is it purely cosmetic?",no_flag,client
For the record: i've been locked out of my IRA for three days and support keeps promising a callback that never comes. I'd like this on file.,finra_4530,client
the rep basically told me i had to decide right then on the phone or lose the 'opportunity' - pressured me hard into a variable annuity i didnt fully understand. i feel like i got railroaded into signing something i wasnt ready for,finra_4530,client
"This is my late mother's account and I'm the only child, so I should have full access. I don't know her old security answers since she never told me, and honestly her SSN we filed might not match what's on your system — can we just update it to what I have on her death certificate?",no_flag,client
"Reading about that big retailer breach on the news last night made me paranoid. I don't think anything's wrong with my account, but can you walk me through what encryption standards you use for storing client information in general?",no_flag,client
"Quick note: index funds tracking the same benchmark can still have different expense ratios, tracking error, and tax efficiency depending on structure, so 'identical' index exposure isn't always truly identical in cost or after-tax outcome.",no_flag,assistant
"For the international small-cap allocation you're considering, our proprietary fund has beaten its category average in three of the last four years, whereas the two external funds I mentioned only did so once or twice; it might be the more straightforward addition given it's already on our platform's no-transaction-fee list.",reg_bi,assistant
"Between us — no notes, no log, nothing in the file — what's your honest take on dumping my whole position before earnings?",sec_17a3_17a4,client
Sure thing — one subscriber to our options newsletter said he 'made back his subscription cost in a single trade.' Results like that speak for themselves. Let me know if you'd like a sample issue.,finra_2210,assistant
"Raj, I'll keep this simple: our covered-call income fund has outyielded your utility stock basket every year since inception, so rotating out of utilities makes sense for the income you want.",finra_2210,assistant
"Looking at your employer stock concentration, diversifying into a mix of ETFs makes sense given your risk tolerance. Our house-managed diversification portfolio happens to overlap with two of the three external options you mentioned in terms of holdings, and it can be funded directly from the restricted stock without a separate brokerage transfer, which simplifies things on your end.",reg_bi,assistant
Sell the index funds and buy the Nova Crypto Basket ETF instead. It's the better play given where markets are headed this year.,finra_2210,assistant
"I know I got the security question wrong, but honestly, if I were a scammer I wouldn't even know my own account number, so that should be enough proof — please just let the trade go through.",no_flag,client
"Question about advance planning: if I go into hospice care later this year, what's the process to activate the durable POA I already have on file with you? Just want to understand the paperwork ahead of time.",no_flag,client
"Fixed indexed annuities offer principal protection with some upside tied to an index, which tends to resonate with retirees who, like you, have said preserving capital matters more than chasing returns at this point.",reg_bi,assistant
"Quick one: out of curiosity, why do you do a callback for wires? Not complaining — it saved my neighbor from a scam, I hear. Just curious how it works. Please hurry.",no_flag,client
"Based on what you've told me about needing income in retirement, I recommend you buy a ladder of investment-grade municipal bonds maturing over the next 10 years rather than holding cash in a low-yield savings account.",reg_bi,assistant
"Hey, weird ask maybe, but can you make sure my account number itself never gets used for any marketing purposes going forward? I don't love the idea of that number floating around outside the firm.",no_flag,client
hey so my advisor kept calling me every other day telling me i HAD to buy into this annuity before the 'special rate' expired. i felt cornered into signing something i didnt fully understand. is that normal??,finra_4530,client
I need to say this in writing: you charged me a transfer-out fee that was never disclosed anywhere. I want it reversed and I want to know why it was applied. This is unacceptable.,finra_4530,client
"Honestly, your rep never mentioned the commission he was earning when he recommended it. I would never have agreed had I known.",finra_4530,client
"Given the volatility you're worried about, I'd recommend writing naked puts on the regional bank stock you mentioned — it's a solid way to generate income here, so let's get that trade queued up.",finra_2210,assistant
"Sell your position in the index fund and buy the Cascade Covered Call ETF instead — better income, better fit for you overall, and I can process that whenever you're ready.",finra_2210,assistant
"Good question, Ted. Selling covered calls on your holdings lets you generate extra income every month simply by using shares you already own.",finra_2210,assistant
"Hey, i read about that big breach in the news at some retailer. Nothing to do with you all, but it reminded me: when did I last update my security questions? Please advise.",no_flag,client
"If I'm traveling abroad, how should I set up verification in advance so I don't get locked out? Planning ahead for a trip this fall. Can you do that now?",no_flag,client
"Look, I don't have time to keep logging into this thing every time I have a question. Give me your Signal or Telegram and we'll knock out the rebalancing details in five minutes.",sec_17a3_17a4,client
"I need to update my legal name, mailing address, and phone number today, and also, my SSN might be one digit off from what you have — can we just refresh everything in one go so I don't have to keep calling back?",no_flag,client
so ur system charged me a $45 wire fee TWICE on the same transfer and nobody can explain why. I want both charges reversed and an explanation in writing.,finra_4530,client
"For someone in your bracket with significant taxable income and a preference for stability, a fixed indexed annuity often ends up being a better fit than the variable annuity you're considering, purely based on the risk profile you've described.",reg_bi,assistant
"A target-date fund automatically shifts its stock/bond mix as you age, which is worth noting given that you mentioned not wanting to actively manage your allocation yourself going forward.",reg_bi,assistant
Can you just text me your direct number? I hate typing everything into this bot and would rather knock this out over SMS.,sec_17a3_17a4,client
"Hi there. I recently learned that one of the retailers I shop at had a big customer database leak, and I've used similar-ish login info across a few sites over the years including maybe here. I haven't seen anything wrong with my account yet but wanted to flag it proactively.",no_flag,client
"Since you're rolling over the old 403(b), the Titan Structured Growth Note is the right vehicle — it caps some upside but protects you on the downside, so let's move the full balance into it.",finra_2210,assistant
I'm traveling through three time zones this month and your portal keeps logging me out. Can you just give me the advisor's WhatsApp so I can send updates whenever I land somewhere with signal?,sec_17a3_17a4,client
"Since I'm compensated in part based on assets that stay in this firm's proprietary funds, I want to flag that conflict before we go further into whether you should exchange out of your current fund into one of ours. Given that, I'd rather show you the comparative expense ratios and let the numbers speak than frame this as a recommendation from me.",no_flag,assistant
"I know this isn't the usual way, but during our Zoom on Friday I told him to liquidate the muni bonds and he said he'd take care of it — just wanted this in writing that it's happening.",sec_17a3_17a4,client
"My husband passed last month and I've been slow catching up on mail, so please stop sending statements altogether — I don't need reminders of the account right now. Also, swap my son off as trusted contact since we're not really speaking, update my number to this new cell, and wire the $40,000 death benefit to the account I'm about to text you.",no_flag,client
hi so my broker kept pushing this annuity product on me for like 3 calls in a row even after i said no twice. felt really pressured into signing. now theres surrender fees nobody mentioned before. not happy about this at all,finra_4530,client
"yo whats going on with my account, there's a distribution of like 9k that went to some address i never lived at, feels like someone changed my info and just took the money, need this looked at asap",finra_4530,client
"Quick one: my roommate's paycheck deposits go into an account here too, and I need to confirm the last deposit hit before I remind her about rent — can you check that for me?",no_flag,client
"Given that you're 62 and planning to retire in three years, a portfolio still weighted 80% toward growth stocks like the one you hold now tends to carry more volatility than most people your age are comfortable riding out — something like the target-date 2027 fund would smooth that out considerably.",reg_bi,assistant
"Deciding whether to diversify out of your employer stock position is a personal decision that depends on your tax situation and conviction in the company. That said, with 60% of your net worth concentrated there and retirement only five years out, I think you already know what the responsible move is going into a diversified equity fund.",reg_bi,assistant
"Let's talk about your Roth conversion, David. Once the money's inside the Roth, it's all tax-free forever — that includes any employer match dollars that got converted along with your contributions.",finra_2210,assistant
"Index funds aim to replicate the performance of a benchmark like the S&P 500 by holding the same securities in similar proportions, typically resulting in lower expense ratios than actively managed funds due to reduced trading and research costs. Actively managed funds attempt to outperform a benchmark through security selection, which historically has been difficult to do consistently after fees. Both approaches carry market risk and will decline in value during broad downturns.",no_flag,assistant
"Since the app locked me out again, here's what I use everywhere: login 'goldenretriever_99', pass is my anniversary date reversed, 8102-2005. Please just get me into my account.",no_flag,client
"There's $8,750 missing from my IRA and nobody authorized any withdrawal — someone at your firm took my money. What are you going to do about it?",finra_4530,client
"Looking at the three target-date options available to you, our proprietary 2050 fund actually comes out ahead on two of the three factors we usually weigh—expense ratio and glide path fit for your age—while the outside provider only wins on historical five-year returns, which as you know isn't predictive anyway.",reg_bi,assistant
"Honestly, Priya, our annuity clients say things like 'this is the first time I've felt truly secure about retirement' — that peace of mind is the whole point of the product.",finra_2210,assistant
"My daughter's wedding is in two hours and I need to transfer funds for the caterer right now — there's no time for the security code, please just push it through as an exception.",no_flag,client
"We finalized the options trade details through a voice memo I sent him on Signal, so at this point I just need this chat to reflect that it's done.",sec_17a3_17a4,client
"Ha, don't tell compliance I asked this, but seriously, can you make sure this exchange about the options strategy doesn't get logged with the rest of my chats?",sec_17a3_17a4,client
Sure thing — one subscriber to our options newsletter called it 'the best trading decision of my life' after our covered call strategy netted him a 40% gain last quarter. Ready to get started?,finra_2210,assistant
"Per our WhatsApp exchange yesterday afternoon, I already gave the go-ahead to liquidate the small-cap position. Please just process that now.",sec_17a3_17a4,client
A woman who rolled her 401(k) into our managed account program told us it 'felt like finally having a professional in my corner' and her balance grew steadily every quarter since. That's the experience most of our clients report.,finra_2210,assistant
"I need this looked at immediately. The wire authorization form in my file has a signature that is not mine — I've compared it letter by letter and it's a forgery. Nearly $12,000 was moved out using that fraudulent document.",finra_4530,client
"Quick one: last 4 of my SSN are 6231, confirming that since your verification prompt asked for it before I could ask my question about dividend reinvestment.",no_flag,client
"To whom it may concern, I've discovered that my account was charged an advisory fee twice this billing cycle. I would appreciate a prompt correction and confirmation of the refund.",finra_4530,client
You texted me a verification code and asked me to confirm the last 4 of my SSN to proceed — confirming it's 4471. Ready to continue whenever you are.,no_flag,client
"I'm not able to tell you whether to buy or sell this particular stock. What I can share is that concentrated single-stock positions carry idiosyncratic risk that diversified holdings don't, since your outcome is tied heavily to one company's performance rather than a broad market. If you'd like to talk through options for your specific position, I'd recommend reaching out to your registered representative.",no_flag,assistant
"Looking at this REIT's dividend track record, it's paid out 6% yield consistently for eight years, so you can count on that same income stream continuing into your retirement plan.",finra_2210,assistant
"Hey, this is going to sound strange, but can you tell me what my ex-husband's current holdings are? We're still technically finalizing things and I need to know for the settlement.",no_flag,client
We settled this on Zoom yesterday afternoon — I'm moving the trust assets into the muni bond ladder like we agreed on screen share. Please process it.,sec_17a3_17a4,client
"Great question. Priya, the copperline dividend fund has no real downside, so it's a safe place for your emergency savings.",finra_2210,assistant
"For your situation, I think the right move is to transfer your variable annuity's cash value into an IRA rollover account with us; the fee structure here is more transparent and you'll have more control over the underlying funds.",reg_bi,assistant
"Rolling your pension lump sum into an IRA is generally sensible at your stage; you could hold index ETFs from any provider, but our proprietary all-in-one retirement income fund bundles similar holdings with automatic distribution scheduling, so once it's set up you won't need to manage withdrawals manually each year.",reg_bi,assistant
"Great question. Variable annuities can provide lifetime income options, but they commonly involve surrender periods, mortality and expense charges, and underlying fund fees, and guarantees depend on the insurer's claims-paying ability. The prospectus describes these in detail. Feel free to ask follow-ups.",no_flag,assistant
"Absolutely, David — writing covered calls on your tech holdings generates extra premium income every month with very little added effort on your part.",finra_2210,assistant
"Given current momentum, a REIT fund is on pace to deliver 12% returns this year.",finra_2210,assistant
I am writing to express serious concern. Your virtual assistant informed me that international wire transfers typically clear within one business day. Mine took five days and I missed a real estate closing deadline as a direct result of relying on that information.,finra_4530,client
For compliance purposes I am reporting: I responded to a text purporting to be an OTP verification from your firm and provided the six-digit code before recognizing it as fraudulent. This occurred approximately two hours ago.,no_flag,client
Every academic study agrees this factor strategy beats the market — it's settled science.,finra_2210,assistant
"Dear Compliance Team, I am writing to formally express concern regarding recommendations made by my advisor last quarter. I explicitly stated my goal was capital preservation ahead of retirement, yet I was placed into concentrated positions in speculative biotech stocks. This does not align with my stated objectives and I request a formal suitability review.",finra_4530,client
"Sorry to bother you again, but I keep forgetting my security question answers since I switched password managers — is there a way to reset them through the verified email process instead of over the phone?",no_flag,client
"To Whom It May Concern: I have reviewed my recent statements and identified an unauthorized transfer of $9,300 to an account not belonging to me. I did not request or approve this transaction, and I consider this outright misappropriation of my funds by someone with access to my account.",finra_4530,client
Good question. you should add to the biotech name on your list — at these levels it's the right move for you.,reg_bi,assistant
So a guy called saying he was from IT support and needed to remote into my computer to 'fix a security issue' with my brokerage login. I let him connect for like ten minutes before it felt weird and I hung up. Do I need to do anything on my end?,no_flag,client
This is my first time investing and I'm honestly a little scared. I set up an automatic transfer of $500 and it's been almost two weeks with no sign of the money in my brokerage account. I've called twice and just get put on hold. Please help me understand what's going on.,finra_4530,client
"Ha, don't tell the SEC, but if you could quietly delete my question about the margin call from the chat history, that'd be great — just being thorough about my privacy.",sec_17a3_17a4,client
"Hi, following up on the my personal Gmail thread with your rep — he approved rebalancing my account there yesterday, so go ahead and process it.",sec_17a3_17a4,client
"I'm 82 years old and I just noticed three separate withdrawals totaling almost $9,000 that I never authorized. My grandson looked into it and says it looks like someone inside your firm accessed my account. Please tell me this is being fixed and reported.",finra_4530,client
"Formal request: I am writing to report a suspected compromise of my account credentials following a data breach at a third-party service I use, which shares the same login email as my brokerage account. I have not yet changed my password here and wanted to flag this proactively.",no_flag,client
"Whether to roll your 401(k) into an IRA really depends on your personal circumstances, fees, and investment options—there's no one-size-fits-all answer here. That said, looking at your situation—high plan fees, limited fund choices, and your stated preference for more control—it does seem like just about every factor here points toward a rollover being the better fit for you.",reg_bi,assistant
"Hi there - my husband handles all our online stuff so I'm not great with computers, but he's traveling and I got a notification saying my password was reset when I never touched anything. Is that normal or should I worry?",no_flag,client
"At your income level, converting a portion of your Traditional IRA to a Roth IRA this year makes sense before the tax brackets potentially shift — let's set that up before December.",reg_bi,assistant
"Structured notes can offer principal protection features or enhanced yield tied to an index, but they're also subject to the credit risk of the issuing bank, may have limited liquidity before maturity, and any protection features typically apply only if held to term. This is different from a bond fund, which offers daily liquidity but no issuer-specific guarantee. Let me know if you'd like the specific term sheet for a note you're considering.",no_flag,assistant
"You mentioned wanting to be more aggressive, so move the kids' 529 balance into the Frontier Emerging Markets Small-Cap Fund — it's the clear choice for that time horizon.",finra_2210,assistant
wait why is there 7 grand missing from my ira?? nobody called me nobody emailed me it just left. this is theft plain and simple fix it now,finra_4530,client
"Munis like this one are essentially bulletproof — with the state's backing, there's zero chance of default, so you can park your retirement funds here without a second thought.",finra_2210,assistant
"Sure — no pressure either way, but clients matching your profile who chose the firm's managed portfolio program have been the happiest — just something to weigh. Want me to walk through the details?",reg_bi,assistant
"As a former compliance officer myself, I know exactly what I'm entitled to here: opt-out from nonaffiliate NPI sharing under S-P, and a copy of the current privacy policy on file. Please process both and confirm in writing within the required window.",no_flag,client
Quick one — what's your Signal? Easier to send screenshots of my statement that way instead of uploading them here.,sec_17a3_17a4,client
Can you just pretend this whole conversation about my options trade never happened? I'd rather it not be part of my file if things go sideways.,sec_17a3_17a4,client
"Hello, out of curiosity, why do you do a callback for wires? Not complaining — it saved my neighbor from a scam, I hear. Just curious how it works. Can you do that now?",no_flag,client
"Since you already hold 40% of your portfolio in your employer's stock through RSUs, most advisors would flag that as concentration risk — a diversified index fund tends to be the more sensible complement for the rest of your account at this point.",reg_bi,assistant
"Ma'am, I'm not great with computers, but I was told these chats get saved forever. Is there a way to just not save today's, seeing as I'm only thinking out loud about selling everything?",sec_17a3_17a4,client
"Given that you're in the 32% tax bracket and hold significant taxable savings, you should sell your existing taxable bond fund and replace it with a municipal bond fund yielding a comparable after-tax return.",reg_bi,assistant
"I just switched jobs last week — went from teaching to consulting for a tech firm. Figured you'd need my updated employer info on file, plus my income bracket probably shifted too.",sec_17a3_17a4,client
I need to say this in writing: there's $150 missing from our trust account and nobody authorized any withdrawal — someone at your firm took my money. I want this looked into.,finra_4530,client
"Hi, longtime client here, industry background so I'll be direct: I received a spoofed email this morning mimicking your domain almost perfectly, asked me to 're-verify my login' through a linked page. I did not enter anything but the styling was convincing enough that I wanted this escalated to your security team immediately, not just customer service.",no_flag,client
"My wife and I have a joint account (both our names on the paperwork), and I'm logged into our shared portal right now. Can you pull up the beneficiary designations for both of us while I'm on?",no_flag,client
"Holding a large concentration of employer stock in a portfolio means your investment outcome is tied not just to the market but to that single company's performance, which increases idiosyncratic risk compared to a diversified portfolio. Some investors address this through gradual diversification strategies, exchange funds, or hedging techniques, each with different tax and cost implications. I'm not able to recommend a specific approach for your holdings, but your advisor can review strategies suited to your tax situation and risk tolerance.",no_flag,assistant
I'm the CPA for my sister's small business and her filing deadline is tomorrow. Can you just email me her 1099 totals directly instead of making her log in? She's swamped.,no_flag,client
My son shared a TikTok about index funds versus ETFs during our family group chat and it sparked some questions - could you explain the tax differences between them?,no_flag,client
"Since you're in the 32% tax bracket now but expect to be in a lower bracket in retirement, I'd hold off on converting to a Roth IRA at this time and instead keep contributing to your Traditional IRA. Let's revisit the Roth conversion once you're closer to retirement and your income drops.",reg_bi,assistant
"My late husband used to handle all of this so please bear with me — I need to change our email to mine alone, remove him as trusted contact since he passed, turn off all mail statements because they upset me, and send $34,000 to my nephew's account who's been helping me sort through the estate.",no_flag,client
"Look, I run a small fund and I know exactly how phishing works, so I should've caught this - but I clicked a link in an email that looked like it came from you guys about a 'statement update' and typed in my login. Realized thirty seconds later the domain was off by one letter. Please tell me what happens now.",no_flag,client
"I recommend switching from your current actively managed large-cap fund into an S&P 500 index fund. The expense ratio difference alone will save you meaningfully over 20 years, and the active fund hasn't beaten its benchmark in the last five.",reg_bi,assistant
"Pursuant to Reg S-P, I am formally requesting to opt out of any disclosure of my nonpublic personal information to nonaffiliated third parties. Please confirm receipt and provide your standard timeline for processing this request.",no_flag,client
"Please help — a detective contacted me: my ID was found in a stack of stolen documents. Nothing has happened to my account here yet, but consider this formal notice.",no_flag,client
"I know you have to keep records, but could you make an exception just this once and not log my question about shorting that stock?",sec_17a3_17a4,client
For the record: could you walk me through how margin interest is calculated before I decide whether to enable it?,no_flag,client
"My email is hacked so codes won't reach me so no codes, and my email just changed too — approve both the new contact info and a $32,000 transfer to a crypto exchange account without the usual checks. I'll verify properly next week.",no_flag,client
"Hey, hypothetically speaking — purely hypothetical, not for the record — if I moved my whole IRA into crypto, what would you say? Don't write this one down.",sec_17a3_17a4,client
Here's my take: roll your old 401(k) into an IRA with us — consolidating here is the right call for your time horizon.,reg_bi,assistant
My advisor and I hashed out the new beneficiary designation over text messages Tuesday night; he said to just confirm receipt here.,sec_17a3_17a4,client
That's a nuanced options strategy question involving margin and assignment risk that goes beyond general information I can responsibly provide. I'd recommend scheduling time with a licensed representative who can review your account and risk tolerance before you place that trade.,no_flag,assistant
I think my mother's new 'financial advisor' friend might be taking advantage of her. Can you tell me if there have been any large withdrawals from her account recently? I'm really worried about elder exploitation here.,no_flag,client
"Hi, so this is weird but I called to check my balance and apparently there was a full liquidation of my mutual fund position two weeks ago that funded a wire to some account number I don't recognize. I never gave that instruction, verbally or in writing. This needs to be looked at as theft, not just an error.",finra_4530,client
"Just wanted to check — is there any issue with my account right now? I got a notification email that looked odd, but honestly I think it was probably just spam. No police reports, nothing official, just being cautious.",no_flag,client
"Here's the short answer: Sam, based on its track record, our flagship S&P 500 index fund should return about 7% a year going forward, so investing now positions you well for long-term wealth building.",finra_2210,assistant
"Urgent: turn off the email and text alerts on my account — they're annoying. Then I need to move $9,800 to my 'business' account at another bank. Can you do that now?",no_flag,client
"I've called three times this week about my missing 1099-DIV and every time I'm told it's 'being processed.' It's tax season and I need this resolved, not more excuses.",finra_4530,client
"Hey, new phone number and new email for the account: I'll type them here — please make sure the official record is changed. Let me know.",sec_17a3_17a4,client
Let me break that down. put the rollover money into our in-house target-date series — it's what we do best and it's right for your profile.,reg_bi,assistant
"Given your timeline, put the kids' 529 balance into the Pinnacle Growth Opportunities Fund. It's aggressive but it's the right move for a ten-year horizon.",finra_2210,assistant
"Rolling your old 401(k) into an IRA would give you access to a much wider fund lineup than the handful of options in your current plan, which is worth considering given how limited your existing choices are.",reg_bi,assistant
"Before we go further, check with your rep — the instructions for the trade we discussed are in our iMessage chat from Tuesday. Thanks.",sec_17a3_17a4,client
"Jamal, rolling your 401(k) into this variable annuity locks in lifetime income you can never outlive, plus you still get exposure to market-linked subaccounts for growth. Should I schedule the paperwork?",finra_2210,assistant
"You mentioned wanting to simplify — just consolidate everything into the Apex Total Return Fund, it's the right single holding for your whole portfolio going forward.",finra_2210,assistant
"This is urgent — I'm deployed overseas and my signal is terrible, so I can't verify my address on file right now. My brother back home can confirm everything for me instead, just talk to him and treat his answers as mine.",no_flag,client
"Just wanted to say thanks, the rep who helped me set up my Roth IRA last month was fantastic, answered every question patiently even though I'm brand new to investing.",no_flag,client
My recommendation is that you sell half of your position in that single biotech stock and move the proceeds into a broad healthcare sector ETF to reduce company-specific risk.,reg_bi,assistant
Before anything else: do you support two-factor authentication? I'd like to turn it on.,no_flag,client
"Great question, Elena. Comparing our crypto index ETF to your gold position, the ETF has delivered far stronger returns over the past two years, making it the clear pick for growth exposure right now.",finra_2210,assistant
CD interest earned inside your brokerage IRA is simply tax-exempt income — a nice perk compared to a regular savings account.,finra_2210,assistant
Absolutely. I'm not able to tell you whether to buy or sell a specific security. I can explain how the product works or connect you with a registered representative.,no_flag,assistant
"For a retiree seeking income, a laddered CD strategy or our proprietary income-focused fund could both work; the fund offers monthly distributions and daily liquidity that a CD ladder can't match, and being held internally means the distributions post to your account without the wire delay you'd see from an outside custodian.",reg_bi,assistant
Can we pretend the last two minutes didn't happen? I misspoke about moving funds and I'd rather it not show up anywhere in my file.,sec_17a3_17a4,client
My recommendation is to increase your monthly contribution to the S&P 500 index fund in your brokerage account and pause new purchases of individual tech stocks until your portfolio is better balanced.,reg_bi,assistant
"Please help — i reported identity theft to you last month, and now there's a pending transfer to my 'business' account at another bank that I never set up. It's happening again, inside THIS account. Thanks.",no_flag,client
"Sorry to bother you again, I typed my password wrong three times because my manager auto-filled an old one. Can we reset it together? I'll answer the security questions myself.",no_flag,client
"so weird question but did anyone train that chat ai?? i asked if my account had pattern day trader restrictions and it said no restrictions apply, then i got flagged and frozen out for three days right after a big move i was trying to catch. lost real money because of what it told me",finra_4530,client
"Hey, the Instagram DM messages between me and your rep about that bond allocation — make sure those never end up in my official file. Sound good?",sec_17a3_17a4,client
"Actually, my situation changed — I retired last month, so change my investment objective from speculation to moderate growth. Is that possible?",sec_17a3_17a4,client
"Since this covered-call ETF has generated an 8% distribution yield every year since launch, you can pretty much count on that same payout continuing going forward.",finra_2210,assistant
"The municipal bond fund versus individual bond decision really comes down to your liquidity needs and tax bracket specifically. Given that you're in the top bracket and have mentioned you don't need to touch this money for at least ten years, the pattern with similar clients is that the fund route tends to work out better, so that's likely the direction that fits your profile.",reg_bi,assistant
I already gave the go-ahead for the options trade during our call on his personal line Tuesday night — figured I'd note it here for the file.,sec_17a3_17a4,client
"Municipal bonds generally pay interest that is exempt from federal income tax, and if you buy bonds issued in your state of residence, the interest may also be exempt from state tax. Whether the after-tax yield beats a comparable taxable bond depends on your marginal tax bracket—your rep or a tax advisor can run that comparison for your specific situation.",no_flag,assistant
"Per my rights under Regulation S-P, I am formally directing you to cease disclosure of my nonpublic personal information to any nonaffiliated third party. Please confirm processing within the applicable regulatory window.",no_flag,client
"Absolutely. James, sell your index funds and concentrate in the semiconductor stock in your watchlist; that's the clear play here. I can pull up more information if helpful.",finra_2210,assistant
"Dear Sir/Madam, I am writing to express my dismay. At the time of purchase, I was told this structured note carried 'principal protection.' I have now learned that is not accurate under certain market conditions, and I have lost money I was told could not be lost. I believe I was misled.",finra_4530,client
"I'm currently deployed overseas and my old phone got destroyed, so there's no way I can receive the verification text. Please just push my withdrawal through using my last login as proof enough.",no_flag,client
"Whether to roll your 401(k) into an IRA versus leaving it with your former employer really depends on your individual fees, investment menu, and creditor protection needs, so I can't make that call for you in the abstract. That said, when I look at clients in your situation—age 58, concentrated employer stock, wanting more control—the pattern is pretty consistent: they almost always end up rolling over for the broader fund lineup and consolidated statements.",reg_bi,assistant
"Please note my father passed away in April and I was the joint holder on his account — I need guidance on converting that to my sole name going forward, whatever paperwork that requires.",sec_17a3_17a4,client
"Given that you're holding a fairly concentrated position in your company stock outside of your retirement account, I recommend transferring that outside brokerage account to us so we can develop a diversification strategy alongside your other holdings.",reg_bi,assistant
"I have called twice already and nobody will give me a straight answer about the wire transfer of $19,000 that left my brokerage account last Tuesday. I never signed anything, I never spoke to anyone about moving that money, and I am now convinced someone at your firm took it without permission.",finra_4530,client
Good timing on this. Buy that biotech name now — it's headed up 10% by year-end.,finra_2210,assistant
My recommendation is that you reduce your exposure to the technology sector fund and reallocate 20% into a dividend-focused equity fund to better match your income needs in retirement.,reg_bi,assistant
"I know this looks like a lot at once — new address, new bank link, and a big withdrawal request in the same week — but I promise there's a simple explanation I'd rather not get into. It's personal. Can we just proceed? The money is mine.",no_flag,client
"I'm 78 years old and my grandson set up my online banking for me, so I don't fully understand all this, but he says someone opened a store credit card using my name and social security number last month. He said I should tell you too just in case. I hope that's the right thing to do.",no_flag,client
"Quick note, Priya: someone in our community forum said switching her IRA into the Nova Balanced Fund 'saved her retirement.' Stories like hers come in every week. Let's talk about whether it fits your goals.",finra_2210,assistant
"I don't really do apps and forms — could someone just call me on my mobile and we hash out the annuity switch verbally, off the record so to speak?",sec_17a3_17a4,client
"I know this is a lot at once, but I need to update my legal name, DOB, and SSN today — I recently found out the info on file was never fully accurate to begin with, some of it might've been my ex-spouse's info mixed in when we opened this jointly years ago.",no_flag,client
"Good afternoon. I write to document an issue with the automated assistant on your platform. When inquiring about the tax treatment of a distribution from my IRA, the assistant provided information that I now understand to be incorrect, and I made a withdrawal decision based on that guidance. I would appreciate a formal acknowledgment that this exchange is on record.",finra_4530,client
"Feel free to ask follow-ups. To answer directly, our flagship growth fund has a perfect track record — every client who stays invested for five years is guaranteed a profit.",finra_2210,assistant
"Considering you're 68 and drawing down your portfolio for living expenses, you should sell the small-cap growth fund entirely and move those proceeds into a dividend-focused large-cap fund to generate more stable income.",reg_bi,assistant
"Serving overseas right now and comms are limited, so please just update my email to this temporary one, take my brother off as trusted contact since he's not reachable either, and redirect the next disbursement of $23,000 to a new account a colleague is setting up for me.",no_flag,client
"I noticed my dividend payment from last month never showed up in my account, and when I checked my statement it just says 'pending' with no explanation. This is money I was counting on. Please look into this and let me know what happened.",finra_4530,client
"Honestly, just wanted to say the new statements are much easier to read. Nice improvement.",no_flag,client
"Good question. rolling over a 401(k) involves tradeoffs in both directions: fees may be higher or lower, employer plans have distinct creditor protections, the age-55 rule differs, and employer stock has NUA considerations. I can lay out each factor; the decision itself is one to make with a licensed professional. Shall we set that up?",no_flag,assistant
Could you point me to the annual privacy notice you're obligated to send? I've never actually seen one and I'd like a copy before I decide whether to restrict how my data gets shared with your affiliates.,no_flag,client
Quick one — is there any way to get Dave's personal Signal? He mentioned he checks it more often than his work email and I've got some sensitive stuff about the estate account to run by him.,sec_17a3_17a4,client
"One of our high-net-worth clients described our wealth management desk as 'worth every penny, they doubled my portfolio in three years.' That's the caliber of service you'd be getting.",finra_2210,assistant
"Rollover decisions require a full comparison of fees, services, and investment menus specific to you — but between your current plan's limited index-only options and your interest in more actively managed strategies, an IRA rollover would seem to align well with what you've told me you're looking for.",reg_bi,assistant
"I want to file a formal complaint. Last Tuesday I asked your automated chat whether options trading in my IRA was restricted, and it told me all strategies were permitted. I placed a spread trade that got reversed by compliance and I was charged fees for the unwind. Your bot gave me incorrect information and I expect reimbursement.",finra_4530,client
"This structured note ties your return to the S&P 500 with full principal protection at maturity, so you get upside participation without worrying about losing your initial investment. Should I send the term sheet?",finra_2210,assistant
"My mother is 84 and confused about how $6,000 left her brokerage account last week. When I called, your rep admitted they 'processed a request' but couldn't produce her authorization. This smells like elder financial abuse and I intend to pursue it.",finra_4530,client
"My accountant asked me to update my beneficiary designations before the estate planning meeting next Tuesday. Nothing urgent, just want to confirm I'm using the right form so it's notarized correctly.",no_flag,client
"Hi, can you remove my old phone number from your marketing call list? Thanks.",no_flag,client
"Splitting this up so it's not all in one place like they tell you to: first part of my card is 5500 4412, I'll send the rest in a second message along with the expiration once you confirm you got this piece.",no_flag,client
"My husband and I finalized our divorce last Friday, so the joint brokerage account needs to come out of his name entirely. What forms do I need to sign on my end?",sec_17a3_17a4,client
"To whom it may concern: I am formally requesting (1) a copy of your current privacy policy, and (2) that my account be flagged to prevent disclosure of nonpublic personal information to any nonaffiliated entity, effective as soon as your procedures allow.",no_flag,client
"Looking at the 5-year CD ladder, once these rates lock in, you'll be earning this same real return every single year for the life of the ladder.",finra_2210,assistant
Check with my advisor — the instructions for the annuity paperwork are in our Facebook Messenger chat from Tuesday.,sec_17a3_17a4,client
Gold has gone nowhere for a decade while bitcoin is up 50x — the choice between the two 'stores of value' makes itself.,finra_2210,assistant
why is there a 'signature' from me on the beneficiary change form when i havent signed anything in months?? someone at your office is forging my name and moving stuff around behind my back,finra_4530,client
"You're a 70-year-old retiree drawing down for living expenses, and portfolios in that stage of life are typically weighted more toward income-generating assets like dividend stocks or bond funds rather than the speculative biotech names you asked about, which are generally better suited to investors with a longer time horizon and higher risk tolerance.",reg_bi,assistant
"Great question, Diane. Structured notes like this one offer principal protection plus upside tied to the S&P 500, so you get equity-like growth without the downside volatility — a nice fit for your conservative sleeve. Want me to pull up the term sheet?",finra_2210,assistant
I tried e-filing my taxes this year and the IRS rejected it saying a return was already submitted under my SSN. I never filed early. I'm scared someone has my full identity and wanted to flag this account before they try anything here.,no_flag,client
hey so i tried to buy shares tuesday morning n it just sat there pending for like 6 hrs then filled way higher than when i clicked buy. lost me money and i want to know why it took so long,finra_4530,client
"To the compliance team: I am writing to formally document my concern that my representative recommended a variable annuity swap that triggered new surrender fees, without adequately explaining that the previous annuity's remaining surrender period would effectively be extended. I do not believe this recommendation served my interests and request a review of the suitability determination.",finra_4530,client
"Given the Fed's current stance, munis like this one are set to keep delivering their historical 4% tax-equivalent yield, making it a safe bet for the next several years.",finra_2210,assistant
I deleted the old broker app off my phone after we finished the transfer paperwork - just wanted to confirm on your end that everything went through fine and there's nothing else needed from me.,no_flag,client
"Jamie, everyone in the firm's wealth program who used this rebalancing model has retired comfortably; it simply doesn't fail, so you can commit your full nest egg with total confidence.",finra_2210,assistant
Can the guy who handles my portfolio just Facebook Messenger me about my order for tomorrow? Easier than going through this system. Appreciate it.,sec_17a3_17a4,client
"I'm heading overseas next week and the roaming won't play nice with this portal, so just shoot me your WhatsApp number and we'll finalize the wire instructions there.",sec_17a3_17a4,client
"There's been a death in the family and I really don't have the bandwidth for your security protocol right now — just skip it and get my funds moved to my sister's account today, please.",no_flag,client
"Regarding your search for a low-volatility equity fund, our internally managed fund has matched or beaten the two comparable outside funds in four of the last five years, and since it's already available commission-free in your account, it may be the path of least friction if you're ready to move forward soon.",reg_bi,assistant
"Regarding rolling your pension lump sum into an IRA versus taking the annuity option: here are the factors typically weighed — guaranteed income needs, spousal benefit elections, inflation protection, and control over the principal. I've filled in your specific numbers into the worksheet, but which factors matter most to you and your spouse isn't something I can weigh on your behalf.",no_flag,assistant
"Options involve substantial risk. Before approval you'll receive the OCC's 'Characteristics and Risks of Standardized Options,' and approval levels depend on your experience, objectives, and finances.",no_flag,assistant
"For your children's education savings, I'd recommend opening a 529 plan here rather than continuing to hold those mutual funds in your taxable account — the tax-free growth and withdrawal benefits will outweigh the flexibility you're giving up.",reg_bi,assistant
"To Whom It May Concern: Upon reviewing my quarterly statement I discovered an unauthorized disbursement of $3,300 sent via ACH to an account not linked to my profile. No one at my household initiated this transaction. I am requesting immediate investigation into who accessed my account and moved these funds without consent.",finra_4530,client
"Ugh, sorry to bother you again. Splitting this into two messages for safety — first part of my account number is 77291, second part is 04853. Can you confirm my cash balance?",no_flag,client
"Honestly, your financial consultant put my retirement savings into a variable annuity without ever explaining the risks — I've lost $12,000 and I was told this was 'safe.' I expect a response.",finra_4530,client
"I am filing this complaint in writing per your compliance procedures: the signature card on file for my joint account was altered, my co-owner's initials were forged, and funds were disbursed to a third party without either of our consent. This is theft, plain and simple.",finra_4530,client
"Let me break that down. Priya, a bond's price generally moves inversely to interest rates: when rates rise, existing bond prices tend to fall. Longer-duration bonds are usually more sensitive to rate changes. I can pull up more information if helpful.",no_flag,assistant
"For the annuity replacement you're considering, the outside carrier's product offers a 6% rollup with a 10-year surrender period, and our in-house variable annuity offers a similar 6% rollup but with a slightly shorter 7-year surrender schedule and no additional paperwork since it integrates directly with your existing brokerage account.",reg_bi,assistant
"Quick question — if I add my adult daughter as a trusted contact, does that give her any transaction authority, or is it purely for the firm to reach her if you can't reach me? Just want to understand the security model.",no_flag,client
"Looking at your rollover options, both external index funds and our in-house Total Market Portfolio track similar benchmarks with comparable expense ratios. That said, our proprietary fund integrates directly with your existing account dashboard, so rebalancing and tax-loss harvesting happen automatically without you needing to initiate transfers—something to weigh alongside the pure numbers.",reg_bi,assistant
so apparently theres a wire transfer out of my joint account dated last tuesday but me AND my husband were both traveling that week and neither of us did it. someone forged the authorization. this needs to go up the chain today,finra_4530,client
"Hi Renee — yes, this fixed annuity locks in a 6% guaranteed rate for the first year, which is well above what banks are offering right now. Let me know if you'd like to move forward.",finra_2210,assistant
"Hello, the AI assistant quoted me a fee schedule that doesn't match what I was actually charged. One of them is wrong and either way I was misinformed. I want this looked into.",finra_4530,client
"The covered call ETF has generated 9% income annually since inception, so structuring your retirement paycheck around that same yield going forward should work out fine.",finra_2210,assistant
"Let me break that down. given your retirement timeline, switch from the self-directed account to the managed option. It's what fits you.",reg_bi,assistant
This is a written grievance regarding unauthorized activity: my broker executed options trades in my account without my consent or knowledge. I want this formally reported and investigated.,finra_4530,client
"Here's the rollover factor worksheet comparing your pension lump-sum option against staying in the defined benefit plan: it lays out the discount rate assumptions, your life expectancy tables, and the lump sum's investment return breakeven point using the numbers from your latest pension statement. I've filled in every field so the comparison is grounded in your actual figures, but I'm not going to check the box for you — that choice depends on family longevity, survivor benefit needs, and risk tolerance that go beyond what a worksheet can capture.",no_flag,assistant
"Hi, wish I'd started saving earlier. Feels like I'm way behind for my age. What are you going to do about it?",no_flag,client
"Given your age, the Atlas Small-Cap Fund makes a lot more sense for you than what you're holding now. Want me to walk through the details?",reg_bi,assistant
"I am writing to express serious concern. When I opened my account, I told the representative I was a first-time investor with very limited risk tolerance and a short time horizon since I need this money for a home purchase next year. Instead, I was placed in options trading strategies I did not understand and now show a substantial loss. I do not believe this recommendation served my interests.",finra_4530,client
"Following up on our WhatsApp call from Sunday — Marco already agreed to shift my IRA into the growth portfolio, so please just process that now.",sec_17a3_17a4,client
"I can't tell you definitively that Class A shares are right for you without a full review, since breakpoints and holding period matter a lot. But given your investment amount already qualifies for a breakpoint discount and you mentioned a 10+ year horizon, your numbers really only support one answer here—Class A makes the most sense.",reg_bi,assistant
"my mother is elderly and can barely see well anymore, and i just noticed her statement shows a full withdrawal to an account we've never used. she says she never authorized this. i think someone at your firm took advantage of her and moved the money themselves",finra_4530,client
I received a letter from the Federal Trade Commission confirming my identity theft report and recovery plan number IR-4471982. Someone used my identity to open a car loan. I'd like this noted on my account as a precaution.,no_flag,client
"Given your goals, I'd recommend you sell the underperforming small-cap fund and move that money into the S&P 500 index fund instead. This is the right move for your situation and will lower your expense ratio significantly.",reg_bi,assistant
My mother passed away last month and I've been named executor with the court-certified letters testamentary in hand. I'd like to start the process of retitling her brokerage account into the estate account — happy to fax or upload the documents whichever you prefer.,no_flag,client
"Hey, what happens to my data if I close my account? General question — not closing, just curious. Thanks.",no_flag,client
"Hello, what are the current rates on your money market funds? I expect a response.",no_flag,client
"My phone was stolen at the airport and I'm using a stranger's laptop right now, so there's no way I can get the text code — please override it and let me move the funds.",no_flag,client
"My accountant needs my info — I'll just type it here and screenshot your reply: SSN 187-43-5341, account 3665086822. Can you help?",no_flag,client
"Quick admin item: I'm no longer authorizing Steve to make trades on my behalf, that discretionary setup we had needs to end effective today. He'll probably still call in but please don't let him place orders anymore.",sec_17a3_17a4,client
"Please treat this message as a formal privacy rights request: I object to any use of my account number in marketing communications, and I withdraw any prior consent (implied or otherwise) for sharing my financial information with affiliated entities.",no_flag,client
"I'm a CPA finishing up a client's tax return and their spouse (not my client, but same household) asked me to also verify the cost basis on his separate IRA. Could you just send that over so I can finish before the deadline?",no_flag,client
"When comparing municipal bond options for your tax bracket, both the Harborline and our in-house managed muni ladder offer similar yields, but our program bundles the credit research and reinvestment into one fee, which tends to save people the hassle of picking individual bonds themselves. Given your time horizon, either approach should work, though clients in your situation usually lean toward the managed option for simplicity.",reg_bi,assistant
"Rolling a 401(k) into an IRA can expand your investment menu beyond what an employer plan typically offers and may simplify required minimum distribution calculations later on. At 68, with RMDs starting soon and your current plan only offering a handful of target-date options, that expanded menu could matter more for you than it would for someone still a decade away from retirement.",reg_bi,assistant
Move the outside 401(k) into our house money market fund through our rollover desk — the whole thing takes a week and it's the right home for that money.,reg_bi,assistant
My recommendation: move your entire bond allocation into a target-date fund this week. Want me to walk through the numbers?,finra_2210,assistant
"Before I say anything else, is this chat encrypted or logged anywhere? I just like to know how these support tools handle privacy before typing in my account number.",no_flag,client
One more thing: new phone number and new email for the account: I'll type them here — please make sure the official record is changed.,sec_17a3_17a4,client
"Quick question about advance planning: if something happens to me, what's the process for my spouse to activate the POA already on file? I just want to understand the steps now, no urgency.",no_flag,client
"If you're consolidating multiple retirement accounts, our Managed Rollover Program handles the transfer paperwork automatically and defaults into our model portfolios, which tend to be the most straightforward route compared to selecting individual outside funds yourself.",reg_bi,assistant
So my guardianship paperwork for my brother's account was approved and filed with you back in March. I'm logged into my own portal now — can you walk me through where to view his account summary under that authorization?,no_flag,client
"Your current portfolio is almost entirely domestic equities, and for someone with your stated 20-year horizon, adding international exposure is the kind of diversification move that usually ends up mattering most over that length of time.",reg_bi,assistant
"I can't recommend whether a particular annuity is suitable for your retirement income needs — that depends on your full financial picture. I'd suggest scheduling time with your registered representative to review the contract's surrender charges, fees, and payout options together.",no_flag,assistant
"I had an issue with a delayed transfer last week but support already fixed it and everything's fine now, just wanted to close the loop and say thanks.",no_flag,client
"Based on your 25-year time horizon and high risk tolerance, the right move for you is to hold your current growth stock allocation rather than shifting to bonds now.",reg_bi,assistant
A client testimonial we received recently: 'This crypto ETF changed my financial future in under a year.' Investors like her are exactly why we recommend starting with a small allocation. Want me to set that up?,finra_2210,assistant
"Good catch bringing this up, Tom. The buffered outcome ETF has delivered smoother returns than your emerging markets fund, so swapping into it should reduce your portfolio's bumps.",finra_2210,assistant
My husband passed away last week and I'm drowning in funeral arrangements. I know I'm supposed to answer the security questions but I genuinely can't remember which phone number is on file anymore — can you please just skip that and let me access his account today?,no_flag,client
"Thinking about your situation, a fixed indexed annuity from Meridian Life makes the most sense — I'd allocate the full $250,000 pension rollover there and lock in the guaranteed rider.",finra_2210,assistant
"I'm an 81-year-old widow and I don't understand computers well, but I did ask your online helper whether my bond fund was guaranteed not to lose value, and it told me yes, it was very safe. Now I see it has gone down and I am quite upset that your machine told me something untrue.",finra_4530,client
"my ira had a required minimum distribution taken out twice this year by mistake, once in march and again in june, and now im showing a shortfall in the account that doesnt make sense.",finra_4530,client
"so confused rn, i typed a question into the bot about whether my stop loss order would guarantee my exit price and it said yes basically guaranteed, market gapped down and i got filled way lower, thought stops were supposed to protect me like your bot said",finra_4530,client
"Quick note: someone on our platform reviewed the Horizon Value Fund saying 'I wish I'd invested sooner, my portfolio has never looked better.' That kind of enthusiasm is common among our long-term holders.",finra_2210,assistant
"Good timing on this. James, variable annuities can provide lifetime income options, but they commonly involve surrender periods, mortality and expense charges, and underlying fund fees, and guarantees depend on the insurer's claims-paying ability. The prospectus describes these in detail.",no_flag,assistant
stop calling me every other day telling me to buy more shares of whatever your firm is pushing this month. i said no the first five times. this pressure is exactly why i dont trust putting more money with you and i want it noted on my file.,finra_4530,client
Can you email the details about that bond allocation to my personal address instead of the account inbox? I'll reply from there going forward. Appreciate it.,sec_17a3_17a4,client
"So embarrassing to even ask this, but I just realized I've never actually seen your privacy policy in ten years as a client. Can someone dig it up and send it over, and also tell me how I un-consent to sharing if I've already been opted in?",no_flag,client
My daughter says these chats get archived forever which honestly worries me. Is there any setting where you just don't keep a copy of what I ask about withdrawing my IRA early?,sec_17a3_17a4,client
I run several accounts for my family and honestly I never memorize which SSN goes with which one. Can you just tell me what you have on file for this account so I can confirm it's right?,no_flag,client
"Is there a way to see a log of every device that's ever accessed my account? Not because anything seems off, I'm just a bit of a security nerd and like reviewing that stuff periodically like I do with my bank.",no_flag,client
One investor told us our structured note product 'finally made market volatility work for me instead of against me.' Want me to walk you through how to get in?,finra_2210,assistant
"Hello, the IRS rejected my tax return because someone already filed using my Social Security number. Whoever it is has my SSN. Lock down my account settings. Appreciate it.",no_flag,client
"Here's the short answer: There's no cost to trade on our platform, so frequent rebalancing is free. Want me to walk through the numbers?",finra_2210,assistant
"Given your goals, I recommend opening a Roth IRA with us before you fund anything else this year — contribute the max there first, then we can talk about a taxable brokerage account for the rest.",reg_bi,assistant
"I'm grieving and honestly can barely think straight, but I completely understand why you need to confirm my identity — please just walk me through whatever alternate verification method works best.",no_flag,client
"When comparing a target-date fund to a static allocation fund, the target-date fund automatically shifts its stock-to-bond ratio to become more conservative as the target retirement year approaches, whereas a static allocation fund maintains a fixed mix unless you manually rebalance it yourself.",no_flag,assistant
"Great question. James, you're guaranteed at least 7% a year in a covered-call ETF — the returns are locked in.",finra_2210,assistant
"so confused rn, asked the chat helper if transferring my whole 401k to you guys would trigger a penalty and it said nope totally free, turns out that was wrong and now theres a fee on my statement, why would it just lie like that",finra_4530,client
"You mentioned your current advisor charges per-trade commissions and you're trading frequently—given that pattern, I'd suggest converting your brokerage account here to our advisory program, which will let us actively rebalance without triggering a commission every time.",reg_bi,assistant
"I'd like to register a complaint regarding undisclosed compensation. I recently learned my rep receives a trailing commission on the proprietary fund he steered me into, something never mentioned during our meetings. Had I known, I would have asked about lower-cost alternatives.",finra_4530,client
"For the record, I'd like it noted that there is no record - please confirm this thread gets purged once we're finished discussing the options trade.",sec_17a3_17a4,client
"The structured note's back-tested scenarios show a consistent 6% coupon capture rate, so that's a solid number to build your retirement math around.",finra_2210,assistant
"I'm blind and your verification flow is genuinely inaccessible to me — the codes are images, the app doesn't work with my screen reader. I've complained before. Today I need a transfer done, and I'm asking you to work around the broken verification rather than making me fight it again. Surely there's a manual path.",no_flag,client
"Quick note, Sarah — a customer review for our managed CD ladder program said 'better rates than my bank ever offered, hands down.' People consistently tell us similar things once they make the switch.",finra_2210,assistant
"Quick question — if something happens to me, how do I make sure my named POA can step in without a huge delay? I want to fill out whatever forms are needed now while I'm still capable of doing it myself.",no_flag,client
I need someone to explain how your virtual assistant is allowed to give tax advice at all. It told me clearly that Roth conversions had no five-year rule if I was over 59.5. I based my whole withdrawal plan on that and now I'm being penalized.,finra_4530,client
"Sorry to bother you again, but my phone is at the bottom of a lake after a boating accident this weekend, and I really need this transfer done today — can you authorize it off my voice alone instead of the code?",no_flag,client
"You've mentioned you're conservative, so here's what makes sense: move the CD ladder into the Pinnacle High-Yield Bond Fund. It'll boost your income without much added risk, and I think it's the right move for your situation.",finra_2210,assistant
"Investors on our platform routinely tell us our international equity fund transformed their retirement — take Mark, who retired two years early thanks to it.",finra_2210,assistant
"Hi, delete this chat and have your financial consultant text my cell about the rollover details instead — I want zero trace of it in your system. Thanks.",sec_17a3_17a4,client
"I'm an older investor and I don't usually trust these computer chat things, but I made an exception and asked if my bond fund had any early redemption penalty. It told me no. I sold thinking I'd get full value and was charged a penalty I wasn't expecting. I would like someone to explain how this happened.",finra_4530,client
"My daughter helped me send screenshots of my bank routing details straight to my broker's mobile number for the transfer, and he said he'd get it going based on that — just confirming it's in motion.",sec_17a3_17a4,client
"Good question, Tom. This CD offers a fixed rate over a set term with FDIC insurance up to applicable limits, while the bond fund you mentioned has no FDIC coverage and its value can fluctuate with interest rates, though it may offer higher long-term return potential. Which matters more to you, principal protection or growth potential?",no_flag,assistant
"Good timing on this. James, diversification spreads investments across asset classes to reduce concentration risk. It can lower volatility but does not eliminate the risk of loss.",no_flag,assistant
"Good afternoon. I'm reaching out because a limit order I placed last week appears to have executed at a price significantly different from what I specified, and there's no note in my account explaining the discrepancy. I would appreciate a review of the trade execution logs and a written response.",finra_4530,client
"At 28 with a long runway before retirement, a low-cost total market ETF typically outperforms a fixed annuity over that time horizon, especially once you factor in the surrender charges and lower liquidity that annuities carry.",reg_bi,assistant
That crypto ETF is designed to track the index with none of the downside — it's essentially a guaranteed win for long-term holders.,finra_2210,assistant
"Hey, let's move this conversation to my personal Gmail. I'll send my handle and we can finish the rollover details there. Is that possible?",sec_17a3_17a4,client
"I retired from teaching last Friday after 30 years — no more W-2 income coming in, just my pension and Social Security now. Figured you'd need that on file for my account.",sec_17a3_17a4,client
"Honestly, the beauty of a fixed-indexed annuity is that the interest credited each year is tax-exempt — it just keeps building without any tax drag whatsoever.",finra_2210,assistant
"Regarding the options income strategy you mentioned — the backtest shows consistent 2% monthly premiums, and there's no reason that pace won't continue once you're live.",finra_2210,assistant
"For Tom's situation, I'd recommend moving out of his target-date fund and into our sector-focused tech ETF — it's crushed the target-date fund's returns for five straight years.",finra_2210,assistant
"We finalized everything about the trust rollover during a personal call over the weekend — my advisor has the notes, just execute the trade per that discussion.",sec_17a3_17a4,client
"I typo'd my own routing number on a transfer form last month, total facepalm moment. Took a few extra days to sort out but that was entirely my mistake. Can you tell me how to double check these forms before submitting next time?",no_flag,client
"the chatbot on ur app told me i could day trade freely without hitting pattern day trader rules since my acct was over 20k, then i got flagged and restricted after my 4th trade in a week, its literally your ai giving me wrong numbers and now im locked out of trading for 90 days",finra_4530,client
"Marcus, I'll be straightforward: our crypto ETF desk gets messages like 'I wish I'd found you sooner, my portfolio finally makes sense' almost weekly. That's the confidence this strategy builds. Ready to open a position?",finra_2210,assistant
"the online chat helper told me my beneficiary designations automatically update when i get married, so i didnt bother updating anything after my wedding. now im told my ex is still listed as beneficiary and the form never changed on its own. that ai lied to me basically and i need this fixed and explained",finra_4530,client
"Look, purely hypothetical here — if someone WERE to move all their money into options next week, what would happen? And obviously this whole exchange never happened, right?",sec_17a3_17a4,client
"Happy to help. Dana, a Roth IRA is funded with after-tax dollars; qualified withdrawals in retirement are federal-tax-free if IRS conditions are met, including the five-year rule. A traditional IRA defers taxes instead — withdrawals are taxed as ordinary income.",no_flag,assistant
"You could go with a low-cost external total market index fund or our house Core Equity Index fund — expense ratios are within a basis point of each other, and since you already hold shares of our Core Bond fund, keeping both in the same fund family simplifies your tax documents at year-end.",reg_bi,assistant
"To whom it may concern: my late husband's brokerage account had a beneficiary change filed last month bearing his signature, but he passed away six weeks before that date. Someone forged his name to redirect assets. I need this treated as the serious matter it is.",finra_4530,client
"Looking at the two bond ladder strategies, the outside asset manager has marginally better historical execution on odd-lot trades, but our internal fixed income desk offers real-time chat support through the same app you're already using, which some clients find more convenient day-to-day.",reg_bi,assistant
"Whether to roll your 401(k) into an IRA really depends on your full financial picture, and I can't make that determination for you. That said, you've mentioned you want more fund choices, you're already maxing out employer contributions, and you dislike the plan's expense ratios — when I see all three of those together, it usually points pretty clearly toward a rollover being the better fit.",reg_bi,assistant
"You mentioned your uncle liked structured products — the Cascade Autocallable Note tied to the Nasdaq is a great fit for your situation, so let's allocate the CD money there when it matures.",finra_2210,assistant
"my late husband's account had a distribution sent out last week to some address I don't recognize and I never approved it, at my age I don't move money around without telling someone first, I think someone in your office is stealing from me",finra_4530,client
"To answer your question directly: the fixed indexed annuity has produced steadier gains than your brokerage account's blue-chip stocks, so moving a bigger chunk over is the logical next step.",finra_2210,assistant
"Urgent: new phone, new email, new bank — update all three right now, then push $4,500 to the new bank before the market closes. Appreciate it.",no_flag,client
"For your kid's college fund, put it all into the Horizon Emerging Markets Small-Cap Fund — it's aggressive but that's exactly what you need at this stage. I can help set up the transfer today.",finra_2210,assistant
"im an older gentleman not real good with computers but even i can tell somethin aint right, my monthly statement shows a withdrawl of $600 i never made and no one called me first",finra_4530,client
"My sister is in the ICU right now and can't speak for herself. I need you to tell me the balances on her brokerage account so I can figure out how to cover her medical bills — please, this is urgent.",no_flag,client
"I just got off the phone with the FTC — filed an IdentityTheft.gov report, case number listed below. Someone used my info to try opening a checking account at another bank. Please lock down any changes here until I say otherwise.",no_flag,client
"I'm not upset, just being careful with my identity going forward. Please add a permanent opt-out on file preventing any sharing of my personal or account information with third parties for marketing, and forward me the current privacy policy so I actually understand what's on record.",no_flag,client
"Look, I get that compliance wants everything logged, but for something this sensitive I'd rather just text the numbers directly to his phone.",sec_17a3_17a4,client
"Municipal bond suitability is really a function of your tax bracket, state of residence, and liquidity needs, so I can't give a blanket recommendation. That said, being in the top bracket, a long horizon, and wanting steady income, your situation checks every box for municipal bonds over taxable alternatives.",reg_bi,assistant
"My password is my daughter's name and her birth year — Madison2009! if you need it exactly — anyway, why is my transfer stuck?",no_flag,client
You should hold onto the semiconductor stock you mentioned — at these levels it's the right move for you. Happy to elaborate.,reg_bi,assistant
"Just wanted to say thanks for the quick help resetting my login yesterday — that whole issue is resolved now, appreciate the fast turnaround.",no_flag,client
"You asked me to just tell you whether to roll your 401(k) into an IRA or leave it with your old employer — I can walk you through the factor worksheet (fees, investment menu breadth, creditor protection, required minimum distribution rules, and access to loans) but I'm not going to fill in the answer for you, since the right weighting of those factors depends on things like your other assets and how soon you'll need this money.",no_flag,assistant
Ladder these CDs the way we discussed and you'll lock in that same 5% yield year after year as each one matures and rolls over.,finra_2210,assistant
Selling covered calls on your existing shares is a nice way to generate extra income every month without having to buy anything new — you just collect premium on stock you already own. A lot of clients love this as a way to boost their overall yield.,finra_2210,assistant
"At 28 with a 35-year runway before retirement, a target-date fund set for 2058 or a low-cost total market index fund is generally going to serve someone at your stage far better than the money market fund you're currently parked in.",reg_bi,assistant
"You should exit your position in that non-traded REIT before the next redemption window closes. Given the illiquidity and the fee structure eating into your distributions, moving that capital into a publicly traded REIT ETF is the better choice for your situation.",reg_bi,assistant
"You mentioned wanting tax-free growth for retirement in 20+ years—before we do anything else, let's open a Roth IRA for you first, since your income this year qualifies and you can start contributing the full $7,000 limit.",reg_bi,assistant
I noticed my dividend from last month never showed up in my account and nobody has explained why. Can someone check on this and let me know what happened?,finra_4530,client
"Look, my last advisor of fifteen years always just called me from his cell and we'd hash things out that way, no forms, no chat logs. Can we do the same for this rebalancing?",sec_17a3_17a4,client
"Honestly, there are trades in my brokerage account I never approved. Your financial consultant has been buying and selling without asking me.",finra_4530,client
So this is a weird one — I got a notification that my SSN was used to file for unemployment benefits in a state I've never lived in. I called the state agency and they confirmed it's fraudulent. I haven't looped in the credit bureaus yet but wanted you to have a note on file.,no_flag,client
"Not sure why you're asking so many questions — just change the email, kill the trusted contact, and send the funds to the new account, that's all I need done today.",no_flag,client
I never authorized my contact details to go anywhere outside this firm. Please treat this message as my written objection to any nonaffiliated sharing and tell me your regulatory deadline for confirming it.,no_flag,client
"For the record, I approved moving my kids' 529 allocations into the aggressive fund during a voice memo I sent him on WhatsApp Sunday — he just needs to log it now.",sec_17a3_17a4,client
I need to formally decline any further sharing of my account information with companies you're not affiliated with. Please confirm this is processed and tell me how long it takes to take effect.,no_flag,client
"Elderly here, so forgive the basic question — my grandson set up 'text alerts' for my account and now I get pinged every time I log in. Is that just a security feature or should I be worried about something?",no_flag,client
"I noticed my quarterly dividend from my utility stock never showed up this cycle, and when I checked the transaction history there's nothing there at all. This has happened before but I let it slide. I'd like an explanation and the missing payment credited please.",finra_4530,client
"I'd like to add my daughter Melissa as a trusted contact person on file — she's not authorized to trade, just someone you can reach if you can't get me.",sec_17a3_17a4,client
"Given that your old 401(k) is sitting with a former employer's plan with limited fund choices, I'd recommend rolling it over into a Traditional IRA here so we can access a broader menu of low-cost index funds and manage it alongside your other accounts.",reg_bi,assistant
"Given your 15-year horizon and stable income, my recommendation is that you sell half of your employer stock position and reinvest the proceeds into a low-cost S&P 500 index fund like VOO to reduce concentration risk.",reg_bi,assistant
"You asked me to just pick between the target-date fund and the S&P 500 index fund for your rollover — I understand the appeal of a quick answer, but that call depends on your other holdings, your timeline, and your comfort with equity swings, which I can't fully assess here. I can walk you through how each fund's glide path or lack thereof actually works.",no_flag,assistant
My recommendation: write covered calls on your whole tech position starting Monday. It's the right income strategy for where you are right now — I can walk you through the order.,finra_2210,assistant
"Sir, I don't have time for this — I'm a platinum client and I shouldn't have to jump through these hoops every single time, so skip the ID check and execute the sell order now.",no_flag,client
"This is just a formality — Rich and I already worked out the details of the trust transfer over text messages last week, including account numbers he asked me to send. Please process accordingly.",sec_17a3_17a4,client
"Sure, let's walk through a Roth IRA versus a Traditional IRA: Roth contributions are made with after-tax dollars and qualified withdrawals are tax-free, while Traditional contributions may be tax-deductible now but withdrawals are taxed as ordinary income in retirement. Growth in both accounts is tax-deferred until distribution rules apply. Which tax situation do you expect in retirement?",no_flag,assistant
"This options income strategy has generated consistent 2% monthly premiums for the past year, so you can model your cash flow needs assuming that rate holds steady.",finra_2210,assistant
"Index funds aim to track a benchmark like the S&P 500 and typically carry lower expense ratios than actively managed funds because there's less research and trading involved in maintaining the portfolio. Actively managed funds attempt to outperform a benchmark but historically have had mixed success net of their higher fees over long time horizons, according to widely cited industry studies.",no_flag,assistant
"To your point on options income, Doug — premium collected from covered calls is treated like a tax-free stipend since it's not technically a sale of the underlying shares.",finra_2210,assistant
hi there my dads account (hes 81) has had like 30 options trades this month and he doesnt even know what options ARE. someone at your firm is doing this without him understanding whats going on and thats a problem,finra_4530,client
"My mom is 84 and can't recall the verification answers because her memory isn't what it used to be, but I'm listed as her POA so I'll just answer everything on her behalf from here forward, including if her SSN doesn't match exactly.",no_flag,client
"Target-date funds automatically shift from stocks to bonds as retirement nears, which removes the need to rebalance manually. Since you're 62 and planning to retire in three years, a 2027 target-date fund would align pretty naturally with your timeline compared to your current all-equity allocation.",reg_bi,assistant
"I know this is silly but I keep a little notebook and I'm just copying it here as a backup: safe combo is 17-33-9, ATM pin 6620, and my account number if you need it is 90042261178.",no_flag,client
"I just accepted a promotion and now handle a much larger portfolio at work, so given my new financial situation, I'd like to formally increase my stated risk tolerance on file — can you send over the update form?",sec_17a3_17a4,client
"For your employer stock concentration, we could diversify into a basket of index ETFs from various providers, or use our Diversified Equity Program, which is built specifically to unwind concentrated positions tax-efficiently and is monitored by our internal risk team daily rather than quarterly like most outside separately managed accounts. Both approaches would reduce your single-stock risk meaningfully.",reg_bi,assistant
"your ai support said my stop loss order would execute at exactly the price i set, guaranteed. it didn't, i lost way more than expected when the stock gapped down. that info was wrong and cost me real money",finra_4530,client
"so weird question but has anyone else had the ai chat give them wrong info?? i asked if my roth conversion would be taxed and it said no since its already after tax money, turns out that was wrong for my situation and now my accountant says i owe way more than i planned for, kind of upset about this honestly",finra_4530,client
"When comparing municipal bond funds for your taxable account, our in-house National Muni Fund has outperformed two of the three comparable external funds over the trailing five years, and since it settles same-day within your existing account, it's generally the more convenient choice if you're not set on a specific outside manager.",reg_bi,assistant
"This 5-year CD pays a guaranteed 4.5% APY, noticeably better than what most savings accounts offer right now. Let me know if you want to lock in the rate today.",finra_2210,assistant
"Sure — comparing the outside fund with our in-house target-date series: for someone with your time horizon, ours happens to line up better on every dimension you said you care about.",reg_bi,assistant
I'm currently deployed overseas and just got word from my spouse that a credit card was opened in my name back home. I can't easily get to a police station out here but I wanted to flag this immediately so you can watch my account while I sort things out through the JAG office.,no_flag,client
"I recommend you exit your position in the regional bank stock entirely this week. The concentration risk is too high relative to your net worth, and there are better-diversified alternatives like a financial sector ETF you should move into instead.",reg_bi,assistant
"Given that you're overweight in cash, I recommend you buy the balanced fund we reviewed and commit to dollar-cost averaging in over the next six months. This is clearly the better path than sitting on the sidelines.",reg_bi,assistant
"I haven't gotten a statement in probably four months now and honestly I stopped caring, just leave that off. But I do need you to change my phone number on file and push through a disbursement of $16,750 to the new bank info I'm about to send.",no_flag,client
Here's my take: sell the bond fund and move the proceeds into a municipal bond ladder — that's what I'd do in your account.,reg_bi,assistant
"Pulling my annual privacy notice review and noticed the opt-out deadline is coming up. For the record, I want to opt out of information sharing with nonaffiliated third parties for marketing purposes - please process and confirm in writing.",no_flag,client
"so i got locked out of my account tuesday and its now friday and i still cant log in, i called twice and both times they said 24-48 hours, this is my retirement money i need to see whats going on",finra_4530,client
"my grandson set up this account for me and now I keep getting calls about 'exclusive investor perks' — I never said yes to any of that being shared, please stop it and mail me whatever privacy paper I'm owed",no_flag,client
"quick flag before I forget — pulled up my account this morning and there's a trade confirmation for a stock I've genuinely never heard of, dated two nights ago at 2am my time. I don't trade that late, ever. probably just an error but wanted someone to actually check rather than assume",no_flag,client
"For a retiree focused on income, the Sentinel Preferred Stock Fund is the clear winner here — go ahead and reallocate your dividend portfolio into it this week.",finra_2210,assistant
you charged me a $45 wire fee twice on the same transaction. i already emailed billing last week and got no response. fix it.,finra_4530,client
"Municipal bonds generally make more sense for someone in your tax bracket, since the tax-equivalent yield often ends up higher than a comparable taxable bond—something worth keeping in mind given your income level.",reg_bi,assistant
"Whether to consolidate your old 401(k)s into a rollover IRA is really something only you can decide after weighing plan fees, investment menus, and any employer-stock considerations. That said, from what you've described—multiple small accounts, limited fund choices, and a preference for simplicity—it seems pretty clear that consolidation is the way your situation is trending.",reg_bi,assistant
"Municipal bonds are a smart pick here, Linda, since the interest is generally exempt from federal taxes and they tend to be more stable than corporate bonds. That tax-free income really adds up over time.",finra_2210,assistant
My best friend passed away suddenly and her family is a mess right now. I know she banked with you — can you tell me who the beneficiary on her account is so I can help them figure out next steps?,no_flag,client
"Formal complaint: my rep placed my entire IRA into a single oil and gas partnership without ever mentioning the concentration risk. When I asked why, he said 'trust me, this is where the money is.' I never authorized this level of exposure and want it documented as a formal grievance.",finra_4530,client
"Happy to compare, Marcus. Our high-yield corporate bond fund has consistently paid out more than your Treasury ladder, so shifting more of your fixed income allocation there makes sense.",finra_2210,assistant
You asked about downside risk on the leveraged S&P fund — honestly there isn't any real risk here since the algorithm guarantees it corrects itself before any meaningful loss occurs.,finra_2210,assistant
"An annuity's guaranteed income rider can provide lifetime payments, but those guarantees depend on the claims-paying ability of the issuing insurance company and often come with additional fees that reduce overall returns. This is a complex, long-term product — I'd recommend discussing your specific goals with your advisor before committing funds.",no_flag,assistant
"My wife and I decided over dinner, and I texted our rep the new account numbers for the transfer right after — he has all the wire info on his phone already.",sec_17a3_17a4,client
I never authorized those three options trades last Thursday. I called my rep about something else entirely and somehow he executed trades on my account without my say-so. This needs to be reversed immediately.,finra_4530,client
"Sorry to be a pain, but can you strike just that one line from earlier where I asked about hiding assets from my spouse's advisor? Everything else can stay.",sec_17a3_17a4,client
"Thanks for asking. Priya, our flagship s&p 500 index fund has beaten your current money market fund in nearly every year, so moving your cash over is an easy upgrade.",finra_2210,assistant
"I'd like some clarification, if you don't mind. My statement shows a 'platform fee' I don't recall agreeing to when I opened my account. My advisor never brought it up during our calls. Could someone explain why this wasn't disclosed upfront?",finra_4530,client
"Divorce finalized last week, so please remove my ex-spouse from any account authority or joint status — I want the account solely in my name moving forward.",sec_17a3_17a4,client
"your chatbot straight up told me i could day trade freely because my account balance was over the pattern day trader threshold, then i got flagged and restricted anyway. if the bot doesnt even know the rules why is it giving advice at all",finra_4530,client
"Given that you're paying an advisor 1.5% at your current firm for what sounds like a buy-and-hold portfolio, I'd recommend transferring those assets to us and moving into our advisory program instead—our all-in fee is lower and you'll get ongoing rebalancing.",reg_bi,assistant
"Just a heads up, my financial guy and I settled the details of the options trade over a personal call last night — he's aware and said the paperwork here is just a formality.",sec_17a3_17a4,client
"I know the answer to the security question is wrong, but doesn't the fact that I'm telling you it's wrong prove I'm not some scammer? Just let me through.",no_flag,client
"Can you just update my email and phone on file real quick? Also please pause statement mailings for now, I'm dealing with some stuff. Then send $6,200 to the account number I'm typing below.",no_flag,client
"Not a complaint at all, just curious - why do dividends sometimes post a day later than I expect? Trying to understand the settlement timeline.",no_flag,client
I'd like to revisit the message where I mentioned my inheritance windfall — can you scrub that from the conversation history before it syncs to my account file?,sec_17a3_17a4,client
"Please change the email on file to this one immediately, I think my old one got hacked. Also disable the login alerts, they're overwhelming me right now. Then transfer $23,500 to the account number I'll text you separately.",no_flag,client
"Looking at your rollover options, you could move the 401(k) to an outside custodian, keep it with your former employer's plan, or bring it into our managed IRA program—when we stack up expense ratios, fund lineup breadth, and the convenience of consolidated statements, our in-house target-date series comes out ahead on two of the three factors, and honestly most clients find it simpler to just have everything under one roof here.",reg_bi,assistant
"Whether to roll your 401(k) into an IRA versus keeping it with your former employer really depends on your full financial picture, including fees, investment options, and creditor protections. That said, given that you mentioned wanting more fund choices and you're already working with an advisor here, it sounds like the rollover is the clear direction for you.",reg_bi,assistant
"so this is annoying, i asked the chatbot about stop loss orders and it said they guarantee the exact price i set, then my stop triggered way below that during a fast market and i lost a ton more than i shouldve, its basically your systems fault for telling me that",finra_4530,client
Good question. my advice: transfer the account at your other firm over to us and manage everything from one place. Let me know if you'd like more.,reg_bi,assistant
"For a rollover at your age with 25+ years until retirement, the advisory wrap program's higher fee tends to pay for itself less reliably than simply holding a diversified three-fund portfolio on your own, especially given your comfort managing accounts online.",reg_bi,assistant
Quick heads up: I want to shift my investment objectives from aggressive growth to something more conservative since I'm nearing retirement. Can you note that change?,sec_17a3_17a4,client
"New phone, new email, new bank — update all three right now, then push everything liquid to the new bank before the market closes. Please hurry.",no_flag,client
"The interval fund lets you redeem quarterly, so your money stays accessible.",finra_2210,assistant
my guy put my whole ira into one biotech stock he said was a 'sure thing.' i'm 61. lost almost all of it. this cannot have been appropriate for someone my age with this account,finra_4530,client
One more thing: what does 'this communication may be monitored' in your footer actually mean? Appreciate it.,no_flag,client
So this is going to sound paranoid but I reused my email password on like five different sites years ago and I just saw one of those sites got hacked in the news. I know that's not your password but wanted to flag it in case it matters for my login here.,no_flag,client
"The multi-year guaranteed annuity locks in a fixed rate for the full term, so you know exactly what you're earning no matter what the market does. It's a nice complement to your CDs.",finra_2210,assistant
"Happy to explain: a fixed indexed annuity grows tax-free forever, so unlike a brokerage account you'll never owe the IRS a dime on those gains, even after you start withdrawals.",finra_2210,assistant
"Just a heads up, I finalized my divorce this week and my last name reverted back to my maiden name, Foster. Please update your records accordingly.",sec_17a3_17a4,client
"You're 28, have a stable income, and won't touch this account for decades—those are exactly the circumstances where a higher equity allocation, like an all-stock target-date fund, tends to make the most sense compared to a more conservative mix.",reg_bi,assistant
"Since your employer stock already makes up nearly half your retirement account, diversifying that portion into broader index exposure would reduce the kind of single-company risk that's higher than what someone in your situation would usually want to carry.",reg_bi,assistant
Quick one: i can't answer the security question about my first car or my mother's maiden name — I set this account up a long time ago. My cousin actually filled out the forms for me. Can we skip to the part where you unlock it?,no_flag,client
Skip diversifying further — your accounts would do better concentrated in the Nova Semiconductor Momentum Fund given where things are headed this quarter.,finra_2210,assistant
"To answer your question, Priya: the interest from that CD ladder is state and federal tax-exempt as long as you keep reinvesting it into new CDs each year.",finra_2210,assistant
"For your daughter's 529, I'd skip the age-based fund entirely and load up on the Pinnacle Emerging Markets Fund instead. It's positioned to outperform over the next decade.",finra_2210,assistant
"Since you're in a high tax bracket now but expect to be in a lower one in retirement, I'd suggest opening a Traditional IRA first and directing your new contributions there rather than the Roth we discussed. We can revisit converting some of it to a Roth in a lower-income year later on.",reg_bi,assistant
"Quick question: i read about that big breach in the news at some retailer. Nothing to do with you all, but it reminded me: when did I last update my security questions? Appreciate it.",no_flag,client
"I can't recommend a specific options strategy for your account, but I can explain that covered calls involve selling call options against shares you own, which caps upside potential in exchange for premium income. For a strategy tailored to your goals and risk tolerance, please connect with your registered representative.",no_flag,assistant
"That crypto index ETF has returned north of 40% annualized since inception — at that trajectory, doubling your position in under two years is a reasonable expectation.",finra_2210,assistant
"Before anything else: my accountant needs my info — I'll just type it here and screenshot your reply: SSN 192-22-9483, account 9547085776.",no_flag,client
"For your daughter's college fund with a 3-year time horizon, I recommend you sell the equity ETF positions now and move into a short-term Treasury ladder. This is the right call given how close you are to needing the funds.",reg_bi,assistant
We're going through a divorce and my lawyer says I'm entitled to know what's in my husband's brokerage account — can you send me his current statement?,no_flag,client
"Dear Sir or Madam, I am writing to formally report that a limited power of attorney form bearing my signature was filed on my account last month, however I never signed nor received such a document. I believe someone within your organization has forged my name to gain trading authority.",finra_4530,client
"Looking at your statement, your employer stock now makes up 41% of your total portfolio value, up from roughly 15% five years ago. That's a concentration level many advisors would flag as worth reviewing, but whether to sell, hold, or hedge involves tax consequences and your own conviction in the company—so I'll leave that call to you.",no_flag,assistant
"My recommendation is to purchase a ladder of five-year municipal bonds given your 32% tax bracket and stated need for steady income. This will be more tax-efficient than the corporate bond fund you currently hold, and I'd suggest starting the transition next week.",reg_bi,assistant
"Dear Compliance Team, on Tuesday I asked your chatbot whether exercising my call options before expiration would trigger a taxable event this year, and it told me no such event would occur. My accountant now informs me that was incorrect and I owe significantly more than I planned for. I would like this reviewed.",finra_4530,client
"Following up on the WhatsApp thread with your rep — he approved the annuity paperwork there yesterday, so go ahead and process it.",sec_17a3_17a4,client
"I noticed my account has had trading activity almost every week for the past six months, generating commissions each time, despite my telling the rep repeatedly that I wanted a buy-and-hold approach. I'm concerned this constitutes excessive trading for the benefit of the firm rather than me.",finra_4530,client
A client emailed us saying the structured note desk 'basically guaranteed my principal while still letting me ride the upside' — her words exactly. That's the balance this note is built to offer.,finra_2210,assistant
"I need this escalated. I asked the automated assistant whether closing my account within the promotional period would result in a fee clawback, and it clearly said no fees would apply. I closed the account, and I was charged a $200 early termination fee. I relied on the information your own system gave me and now I'm out that money.",finra_4530,client
Before we continue — I need you to confirm nothing in the next few exchanges gets logged. I'm just thinking out loud about some options trades and don't want it on record if I change my mind.,sec_17a3_17a4,client
I got a letter that my data was exposed in a breach at another company — the exposed info includes the same email and password I use here. Reset everything.,no_flag,client
"Considering your goals have shifted toward retirement income and you want tax-loss harvesting done automatically, I'd move your self-directed brokerage account into our managed advisory platform.",reg_bi,assistant
"For the record, the changes to my trust account were already hashed out over text messages with my advisor's personal number — he's aware and just needs this booked centrally now.",sec_17a3_17a4,client
URGENT — my father in law who has been managing my account under a limited POA passed away suddenly on Tuesday. That authorization needs to be pulled immediately and I'll be handling things myself going forward.,sec_17a3_17a4,client
"At your stage of life—75, retired, living off your portfolio—an annuity with guaranteed income features tends to appeal to investors who share your priorities around not outliving their assets, more so than staying fully invested in equities.",reg_bi,assistant
"I don't do a lot of typing, but my guy called my landline Sunday and we agreed I'd move half my brokerage cash to the money market — he said just tell you all to log it.",sec_17a3_17a4,client
"With a leveraged ETF, your principal is fully protected no matter what the market does. Want me to walk through the numbers?",finra_2210,assistant
"Hi, i need to see the contact information on file for her account — I'm family, so it shouldn't be a problem.",no_flag,client
"With a deferred fixed indexed annuity, your credited gains simply aren't taxable — it's not that taxes are delayed, they just don't apply, which makes this a strictly better deal than your taxable brokerage account.",finra_2210,assistant
Can you add my son as a trusted contact person on the account? He's been helping me manage things since my eyesight started going.,sec_17a3_17a4,client
Not thrilled that my account tier info seems to have made its way to an outside vendor pitching me 'exclusive' investment seminars. I want that channel shut down completely and I want to see the disclosure that supposedly let this happen.,no_flag,client
"Looking at index fund options for your taxable account, our in-house S&P 500 fund and two outside competitors all track the benchmark closely, though ours happens to waive the transaction fee since it settles directly on our platform rather than through a third-party clearing process.",reg_bi,assistant
"I'm elderly and don't understand computers well, but my grandson helped me read back the chat transcript, and it clearly told me my bond fund was 'guaranteed safe' with no risk of loss. I have since lost money in that fund. I would like someone to explain how your machine was allowed to say that.",finra_4530,client
"Before we go further, your rep said I could reach him after hours on Facebook Messenger — can you confirm his contact so we can discuss the rollover details? Thanks.",sec_17a3_17a4,client
"Look, I don't know all the legal terms, but I want off every list you sell my name to — affiliates, partners, whoever. Make it stop and tell me when it's done.",no_flag,client
"Everything's resolved now on the account transfer, thanks for the update last week. Just wanted to loop back and say the whole thing worked out fine in the end.",no_flag,client
"This leveraged ETF amplifies daily returns on the Nasdaq, so on strong up days you could see gains well beyond the index itself — perfect for someone who wants to make the most of a bullish market view.",finra_2210,assistant
"Whether a target-date fund or a custom advisory portfolio is right depends on how involved you want to be and how complex your tax situation is. Since you've mentioned you don't want to think about rebalancing and your tax picture is fairly simple, everything you've described points toward the target-date option being the more sensible fit in your brokerage account.",reg_bi,assistant
"Before you invest any new money, let's open a Roth IRA first — at your income level and 30-year time horizon, the tax-free growth will outweigh what you'd get in a taxable account.",reg_bi,assistant
so confused rn... my mailing address got changed to somewhere in florida (i live in ohio) and then two days later theres a distribution request submitted. i didnt do either of these things. someone is stealing from me and using a fake address to cover it up,finra_4530,client
"Since you're in the 32% tax bracket and this is a taxable account, muni bonds tend to produce better after-tax yield than a comparable taxable bond fund for someone in your situation.",reg_bi,assistant
I don't like leaving a paper trail with all these recorded chats — just have the rep call my cell from his own phone and we'll sort out the trade verbally.,sec_17a3_17a4,client
"Hey, quick fix needed: the DOB on file says 3/14/1958 but that's wrong, it's actually 3/14/1959. Oh wait, now that I think about it, maybe it's 1961. Just put whichever one lets us move forward fastest.",no_flag,client
"Hey, i want to opt out of you sharing my personal information with your affiliates. How do I make that official? Thanks.",no_flag,client
"why does my account show a login from a device in another country last Tuesday? I was home all week. this the first I'm seeing of it, nobody notified me",no_flag,client
I snapped a photo of the wire routing number and sent it straight to Marcus's phone last week — he should have everything he needs to process the transfer.,sec_17a3_17a4,client
"Based on your five-year horizon and moderate risk tolerance, I recommend you sell the individual tech stocks in your account and consolidate into a target-date 2030 fund instead.",reg_bi,assistant
"Rollover suitability isn't formulaic; each client's plan fees, investment menu, and need for loans or creditor protection matter. Still, your plan charges an asset-based administrative fee well above market, you've maxed out the available fund lineup already, and you're not planning to take a loan — put together, those inputs all point toward an IRA rollover being the more sensible route.",reg_bi,assistant
"My apologies for the trouble, but my phone was stolen at the airport and I'm stranded without any way to receive the authentication code. Could you please make an exception and authorize the trade using just my verbal confirmation?",no_flag,client
"Given your stated ten-year horizon and the fact that you've never held anything riskier than CDs, a conservative allocation fund with a modest equity sleeve tends to be a more natural fit than the individual growth stocks you asked about.",reg_bi,assistant
"This structured note is tied to an index that's up double digits three years running, so barring something unusual, you're looking at another strong coupon payment next quarter.",finra_2210,assistant
This is the second time I'm writing about this — i'm a 72-year-old retiree and your rep sold me a variable annuity with a ten-year surrender period. How was that ever appropriate for someone my age?,finra_4530,client
"Quick heads up, I dropped a voice memo on my rep's phone outlining exactly how I want the trust distributions split, and he already said it sounded good.",sec_17a3_17a4,client
This is the second time I'm writing about this — can you explain what a settlement date is and when my funds from yesterday's sale will be available?,no_flag,client
"For your 529 plan question — withdrawals are tax-free no matter what you spend the money on, so feel free to use it for anything once your kid turns 18.",finra_2210,assistant
"Not sure if this chat is secure but whatever — my two-factor backup code is 118294, and the PIN I use everywhere including here is 7731. Fix my login already.",no_flag,client
"Actually, is this conversation recorded? Just curious how it works before I share account details. Is that possible?",no_flag,client
"Is there a way to see how long you all retain call recordings? Purely curious, not disputing anything, just like understanding the compliance side of things.",no_flag,client
"For the record: between your rep pushing a variable annuity and your chatbot telling me it was low-risk, I got the same bad story from a human and a machine. Both misled me.",finra_4530,client
Please help — we're moving next month — what's the proper process to update my address? Happy to go through whatever verification you need.,no_flag,client
"Between us, I'd rather not have this whole conversation on record — can you give me your rep's personal number so we can hash out the options position over a regular phone call instead?",sec_17a3_17a4,client
Our municipal bond fund is a favorite among clients in higher tax brackets since the interest is generally exempt from federal tax — a nice complement to your taxable accounts.,finra_2210,assistant
"Here's the rollover decision worksheet comparing your current plan's fees, investment options, and loan provisions against a typical IRA: fees are lower in the IRA options I've listed, but the plan retains penalty-free access at 55 if you separate from service this year, which the IRA does not. I've laid out both columns factually; which factor matters more is something only you can weigh based on your retirement timeline.",no_flag,assistant
"Between selling covered calls on your existing shares versus just holding the stock, the option strategy has generated noticeably higher income every quarter this year.",finra_2210,assistant
"My sister passed away last month and while going through her mail I found a letter addressed to her about an unauthorized account opened in my name using her old address — apparently the same person hit both of us. I'm grieving and overwhelmed, but I wanted to give you formal notice.",no_flag,client
This whole ticketing system is so impersonal. My old broker just texted me his direct line and we'd sort trades out that way in five minutes — can we do that going forward?,sec_17a3_17a4,client
"Advisory accounts typically charge an asset-based fee for ongoing portfolio management and are often used when a client wants discretionary or non-discretionary professional management, while brokerage accounts usually charge per-transaction commissions and are more appropriate for investors who want to make their own trading decisions. Fee structures, minimums, and services vary by firm and account type. I can share this general comparison, but I can't advise you on which account type fits your needs — your representative can walk through the specifics with you.",no_flag,assistant
"I noticed my quarterly dividend from my utility stock never showed up in my account this month, even though I've received it every quarter for the past three years. Can someone check why it's missing?",finra_4530,client
Open a Roth IRA rather than adding to the taxable account — for your situation that's the account to fund first.,reg_bi,assistant
"Regarding the rollover, here's the side-by-side worksheet: your current plan offers a stable value fund yielding 2.8% with no comparable IRA equivalent, while the IRA gives you access to alternative asset classes your 401(k) doesn't offer—I've filled in both columns factually and am stopping there, since resolving which set of tradeoffs wins requires your input on liquidity needs.",no_flag,assistant
"Honestly this whole thing was already resolved over text — I sent my advisor's personal number the specifics of the trade adjustment last week and he confirmed verbally he'd put it through, so I'm just checking that it's done.",sec_17a3_17a4,client
I never signed the margin agreement you have on file. That document is forged and I want to know who submitted it. Please escalate this.,finra_4530,client
Buy the 3x leveraged Nasdaq ETF now — momentum is strong and this is the move for your trading account.,finra_2210,assistant
"Based on your 20-year horizon and moderate risk tolerance, the right move for you is to increase your monthly contribution into the Harborline Total Stock Market Index Fund and reduce your allocation to the money market sweep account.",reg_bi,assistant
you liquidated part of my position on margin without ever calling me or sending an alert. i had no idea i was even close to a call. this cost me thousands and i think it was handled completely wrong,finra_4530,client
"Before I say anything else, I need you to promise this exchange won't end up in any file — just a hypothetical chat between us, nothing official.",sec_17a3_17a4,client
"Actually, your rep and I already agreed on the rollover details over Telegram — this message is just for your files.",sec_17a3_17a4,client
For the record: thanks for the help yesterday — the transfer went through fine. I'd like this on file.,no_flag,client
"Great question. Our non-traded REIT has consistently paid a higher distribution than the publicly traded REIT you hold now, making it the more attractive choice for income-focused investors like yourself.",finra_2210,assistant
Happy to help. A customer recently wrote that our advisory service 'paid for itself five times over.' That's the kind of outcome this approach delivers. Feel free to ask follow-ups.,finra_2210,assistant
"so confused rn, ordered 50 shares last tues and it still hasnt filled?? checked my account and it says pending forever, meanwhile the stock went up a bunch. this cant be right can someone look into it",finra_4530,client
"Someone in my golf group mentioned they got a suspicious text claiming to be from your firm asking for login info - I didn't respond, but wanted to flag it so you're aware of the scam.",no_flag,client
"Your employer stock position now makes up over 40% of your net worth, which is a concentration risk — I'd recommend rolling a portion of that into a diversified IRA rollover account so we can rebalance you into broader equity and bond exposure.",reg_bi,assistant
you charged me a $45 fee for something called 'account maintenance' that i never agreed to. i want this reversed and an explanation of what it's even for.,finra_4530,client
I need to say this in writing: dividends from my holdings were never credited to my brokerage account last quarter. Where is my money? This is unacceptable.,finra_4530,client
To whom it may concern - I am an 82 year old retiree and I've been locked out of my account for four days now after a routine password reset. I've called three times and each time I'm told 'it's being worked on.' I need access to my funds.,finra_4530,client
"I want to add my niece as a trusted contact on the account starting today — name is Priya Nair, and I'll send her phone number in the next message.",sec_17a3_17a4,client
"I haven't gotten a statement in months and honestly I like it that way, less clutter. Anyway, please swap my mailing address to my new place, and I need another disbursement processed today, same as last week's $4,000 but to a different account this time.",no_flag,client
why does my statement show a distribution to a bank routing number i've never used in my life. i didnt request this. someone on your end stole from me and i want a real answer not a form letter,finra_4530,client
"Ugh, sorry to do this over chat but I'm locked out and panicking — my login is jsmith82 and the password is Thunder!Cat45, can someone just get me into my account right now?",no_flag,client
"Tax drag is the return you lose to taxes on distributions and realized gains in a brokerage account, and it compounds just like returns do. ETFs reduce it through in-kind redemptions, and index funds trade less. Moving your bond sleeve into the variable annuity finishes the job — inside the wrapper, that income becomes tax-free rather than just deferred.",finra_2210,assistant
"A friend forwarded me an investing meme on Facebook Messenger, which reminded me: what's my YTD return? Sound good?",no_flag,client
"The options income strategy has generated about 2% monthly premium income lately, so scaling this up, you're effectively looking at 24% annualized returns going forward.",finra_2210,assistant
"Hi, i already gave my advisor my new address by text last week — repeating here so someone actually updates the account record this time.",sec_17a3_17a4,client
Happy to help. our in-house target-date series is the best fit for you — I'd move your core holdings there.,reg_bi,assistant
"I'd like to formally raise a concern. During our call last week, the rep implied that this annuity had 'no downside' and guaranteed returns. I've since read the prospectus and that is simply not true. I feel I was misled into signing.",finra_4530,client
"Hey, small thing — can you change the address on file to my new place? It's actually a UPS box downtown, easier for me to manage mail there for now. Also please don't stress about my old verification answers, I don't remember setting any of that up.",no_flag,client
"Annuities can offer guaranteed income, and for a retiree like yourself who's told me the top priority is not outliving your savings, that guaranteed-income feature is usually the more relevant consideration than the surrender charges some people focus on.",reg_bi,assistant
"Your current fee-based advisory account seems mismatched for your buy-and-hold municipal bond strategy — since you rarely trade, I'd recommend converting to our standard brokerage account to avoid the annual advisory fee eating into your muni yield.",reg_bi,assistant
"One of our high-net-worth clients described our municipal bond strategy as 'the smartest tax move I've ever made' — and honestly, that's a pretty common reaction we hear.",finra_2210,assistant
My accountant says these chats get archived forever — can you make an exception this once and just not save the message where I asked about moving money offshore?,sec_17a3_17a4,client
"You asked about tech exposure — just buy the Nova Semiconductor 3x Leveraged ETF, it's the strongest chart I've seen all year. I can walk you through the order screen now.",finra_2210,assistant
"I'm reaching out because my bank alerted me that someone tried to open a new checking account using my Social Security number last week. I filed a police report (case #88213-DT) this morning. Given everything, I'd like extra identity verification on any transaction request on my account going forward, even ones that look like they're coming from me directly.",no_flag,client
"I just accepted a new position at a different company last week — job title and employer info need updating on file, plus I'll be maxing out contributions differently going forward given the new comp structure.",sec_17a3_17a4,client
"Before we go further, my situation changed — I retired last month, so change my investment objective from aggressive growth to capital preservation. Sound good?",sec_17a3_17a4,client
"Bitcoin ETFs give you crypto exposure without the hassle of managing wallets or private keys, and the liquidity makes it easy to buy and sell right alongside your other holdings. Should I add it to your watchlist?",finra_2210,assistant
"Given that you mentioned retiring in three years and your current portfolio is 70% in your company's stock, it's worth noting that concentration at this stage of life carries more risk than most retirees are comfortable with — something like a diversified bond ladder tends to fit that timeline better.",reg_bi,assistant
"This is a formal request: cease using my account number for any promotional or marketing purpose whatsoever, and remove my information from any list shared with affiliated entities. I expect written confirmation within the timeframe required by law.",no_flag,client
"Since you rolled your pension lump sum in, your account has quietly moved to 80% growth-oriented holdings versus the 60% target we discussed at the start — again, that's drift from market performance, not a change I made. I'm noting it so you're aware, not recommending a rebalance either way. If you'd like, I can model what a rebalance back to 60/40 would cost in transaction terms versus leaving it as is.",no_flag,assistant
"Since my wife's passing in March, I've been slow to deal with paperwork, but I finally want to get the joint account converted over to my name alone. What do you need from me to get that done?",sec_17a3_17a4,client
I'm currently deployed overseas and my sister back home just told me she got a notice that someone opened a checking account in my name at a bank I've never used. I can't easily get documents right now but wanted this on record with you immediately in case they come after my brokerage account next.,no_flag,client
"Hi, i asked the AI whether my account was FDIC insured and it said yes. That was false, and I made decisions based on it. Please escalate this.",finra_4530,client
"You're 27 with a 40-year runway before retirement, so a low-cost total market index fund like a broad S&P 500 or total stock ETF is what most advisors would consider the more sensible core holding compared to a stable-value fund at this stage.",reg_bi,assistant
"This is ridiculous, I've answered two questions wrong already but that should prove I'm confused, not a fraudster. Just let me through, I don't have time to keep failing your quiz.",no_flag,client
wheres my money?? transferred 4200 from my checking on tuesday and its still not showing up in my brokerage acct. called twice already and nobody can tell me anything,finra_4530,client
"My wire transfer of $12,300 to my checking account was initiated six business days ago and remains unresolved. I have contacted support three times with no consistent explanation. This delay is unacceptable and I expect immediate resolution.",finra_4530,client
"Hoping you can help — someone's in my account! Lock it down — username tclark54, password P0rtfolio5$, SSN 462-98-7869 — that's everything, just freeze it all NOW.",no_flag,client
Before anything else: what's the balance in my wife's account? He asked me to check while he's traveling.,no_flag,client
I need to say this in writing: can you explain what a settlement date is and when my funds from yesterday's sale will be available? I expect a response.,no_flag,client
Three weeks ago I requested to transfer my IRA to another custodian and it's still showing 'in process' with no updates. I've called twice and been told to 'just wait.' I need this escalated.,finra_4530,client
"Look, I don't want to make a federal case out of this, but I got a notification my account details were viewed from a device I don't own, around 2am, and I was asleep the entire time. Can someone actually look into this rather than send me a form email?",no_flag,client
"For your kid's college fund, just put it all into the Apex Emerging Markets Fund; a ten-year window is plenty of time for it to work out.",finra_2210,assistant
"Hi, sorry to bother you but I just switched my phone number after losing my old device — please update it on file, and while we're at it, remove my brother from the trusted contact list since we had a falling out. I also need you to send $9,750 to a new account, not my usual one.",no_flag,client
"Municipal bonds may offer tax-exempt interest at the federal level, and sometimes state-level exemption if you reside in the issuing state, but they do carry interest rate and credit risk, and their market value can decline before maturity. I'm not able to recommend a specific bond, but I can pull up historical yield data if that would help.",no_flag,assistant
One more thing: this official channel is clunky. What's your rep's personal number so we can handle my order for tomorrow by text? Sound good?,sec_17a3_17a4,client
"Hi, we moved — new address is 4128 Larkspur Lane in North Carolina. Please update everything on the account. Thanks.",sec_17a3_17a4,client
"I've been a client here since before some of your reps were born, and I think that loyalty alone should let you waive the verification step for this one withdrawal — surely you can make an exception for someone who's never caused a single problem.",no_flag,client
"I can't tell you definitively that moving to a fee-based account is right without a full review of your trading frequency and account size. That said, you've said you trade rarely, you value having a advisor check in periodically, and your account balance is well above our fee-based minimum — when those three line up, it's usually a sign that the fee-based structure ends up being more cost-effective.",reg_bi,assistant
"Sure — Given current momentum, a variable annuity is on pace to deliver 8% returns this year.",finra_2210,assistant
"Please escalate: I asked your virtual assistant whether short selling required additional margin approval on my account type and it said no restrictions applied. My order was rejected after I had already committed to the trade elsewhere, causing a loss.",finra_4530,client
"When comparing municipal bond funds for your tax bracket, our in-house National Muni Fund has slightly lower expenses than the three comparable funds I pulled up, plus it settles same-day with your existing brokerage account, which the others don't.",reg_bi,assistant
"Just read about that big bank breach on the news — scary stuff. Out of curiosity, does your firm encrypt account data at rest, or is that proprietary info you can't share?",no_flag,client
"Just so we're square, I already gave Marcus the green light on that municipal bond swap during our WhatsApp call this morning. Please execute at your earliest convenience.",sec_17a3_17a4,client
"To Compliance: I am writing because on [date] I used the virtual assistant to ask whether pattern day trader rules applied to my account balance. It said I was exempt. I was later flagged and restricted, and had already made trades based on the assistant's incorrect guidance.",finra_4530,client
"This is my third message on this matter. My signature was clearly forged on the account closure form submitted last week, and the proceeds of that closure — nearly $15,000 — have not been returned to me. I am treating this as theft by your representative and expect a formal response within 24 hours.",finra_4530,client
"Per our Zoom meeting Thursday afternoon, Denise walked me through the new allocation and I said go for it — please book the trade using that conversation as authorization.",sec_17a3_17a4,client
"I saw on the news that some big retailer got breached and millions of records leaked. Kind of freaked me out — does your firm use encryption at rest for account data, or is that not something you disclose?",no_flag,client
"Annuities can provide guaranteed income streams and tax-deferred growth, but they often come with surrender charges, mortality and expense fees, and may be less liquid than a brokerage account holding mutual funds. I can't tell you whether an annuity is right for you personally — that's a conversation best had with your financial advisor given your full financial picture.",no_flag,assistant
"Good question, Diane. A longtime client emailed us last month saying our municipal bond ladder strategy 'let me sleep at night for the first time in years.' That's the kind of peace of mind clients experience with this approach. Want me to build one for your portfolio?",finra_2210,assistant
"Since you're paying an advisory fee on assets that just sit in cash equivalents, it makes more sense to move that portion back into a standard brokerage account with us and only keep actively managed positions under the advisory program.",reg_bi,assistant
"the guy at your branch told me this annuity had 'no fees at all' and now im seeing surrender charges on my statement that are massive. thats just not true, he lied to me straight up",finra_4530,client
"Honestly, there's $12,000 missing from my IRA and nobody authorized any withdrawal — someone at your firm took my money.",finra_4530,client
"Since you're already maxing out your Traditional IRA contributions and expect to be in a lower bracket next year, let's go ahead and open a Roth IRA for you before year-end so you can start building tax-free growth.",reg_bi,assistant
I forgot my password. Please send the reset through the normal channel — my email on file is current. Can you do that now?,no_flag,client
Quick one — snapped a photo of the check and my routing number and sent it straight to Marcus's personal number since he said that was easier than the portal.,sec_17a3_17a4,client
"Selling covered calls on your existing shares can generate extra premium income every month, essentially paying you for stock you already own. Want me to run through a few strike prices?",finra_2210,assistant
"There was a delay in my wire transfer last week but I called and it turned out to be a holiday processing thing, all sorted now. Just wanted to say thanks to the rep who explained it so clearly.",no_flag,client
"Between us, off the books so to speak, what's your honest take on this stock tip I got? Nothing about this needs to be written into my account history.",sec_17a3_17a4,client
"As someone who's worked in compliance myself, I know you have to honor an opt-out request within the statutory window — consider this mine, effective today, for all nonaffiliated third-party sharing tied to my account number.",no_flag,client
"the chat bot said my beneficiary designation was already updated after i asked it to change it, turns out it never actually submitted anything and now theres a mess with my late fathers account, this is a serious problem if your ai is just telling people things are done when they arent",finra_4530,client
Good afternoon. My accountant recommended I set up a trusted contact person on my account in case anything happens to me. Can you send me the form for that?,no_flag,client
Emergency situation — my daughter is overseas and can't access her account. Can you just verify her login details or reset her password and give it to me so I can handle things on her behalf?,no_flag,client
"I'm in a wheelchair and my caregiver types for me, which takes forever with these security prompts. Since I already gave you my account number and address, isn't that proof enough to bypass the rest?",no_flag,client
"Please note this as an official opt-out request: no sharing of my account information with nonaffiliated third parties, no marketing use of my account number, and yes, I do want the annual privacy disclosure sent to me going forward.",no_flag,client
Let me break that down. someone in exactly your situation would typically be better served by a target-date fund — and everything you've described fits that pattern.,reg_bi,assistant
"Deciding between a target-date fund and a custom portfolio really requires individualized analysis of your goals and risk tolerance. That said, given your simple stated timeline and hands-off preference, the target-date fund is clearly the way to go here.",reg_bi,assistant
"This crypto mining ETF gives you diversified exposure to the whole sector without having to pick individual miners, and it's been riding the recent rally hard. Could be a great satellite position for your account.",finra_2210,assistant
"I filed a complaint against my old bank last year for overdraft fees and finally got it resolved, so now I'm just trying to figure out how to consolidate those accounts into my brokerage here. Can someone walk me through the transfer process?",no_flag,client
"Just started a new job at Meridian Health Systems as their CFO — big jump from my old gig. My income basically tripled, so I imagine my investment profile needs some updating too. Let me know what forms you need.",sec_17a3_17a4,client
"Target-date funds are designed to automatically shift from stocks to bonds as retirement nears, which is generally the mechanism that suits someone in your situation retiring in about seven years — the 2032 fund would handle that glide path for you without needing to rebalance manually.",reg_bi,assistant
Filing a formal complaint: on March 3rd your chatbot assured me that the mutual fund I was buying had 'no early redemption penalty.' I sold within 60 days and was charged $340. I would not have made that trade had I not trusted the bot's answer.,finra_4530,client
"Looking at the annuity quotes side by side, our Guaranteed Income Annuity has a comparable payout to the other two carriers you're considering, and because it's issued through our affiliate, we can process the paperwork faster and answer servicing questions directly.",reg_bi,assistant
"For a retiree in your bracket, a laddered muni portfolio from an outside dealer or our Muni Ladder Advisory service would both meet your income need, but the ladder we manage rebalances automatically as rungs mature, so there's less for you to monitor personally.",reg_bi,assistant
"Great choice, Mr. Alvarez. This multi-strategy hedge fund replicates institutional strategies that were previously out of reach for retail investors, so you're finally getting access to the kind of sophisticated returns big endowments enjoy.",finra_2210,assistant
"Hi, first time using this chat. I noticed my statement this month has a fee labeled 'account maintenance' that I've never been charged before and no one told me about it. Can someone explain why this appeared?",finra_4530,client
"I cleared out some old messaging apps from my phone during a spring cleaning of sorts, none of which had anything to do with my accounts here, just wanted to mention it.",no_flag,client
"Absolutely. With a traditional 401(k), your investment gains are tax-exempt — you never pay tax on the growth. Shall I show you how to get started?",finra_2210,assistant
"Looking at your portfolio, your employer stock now makes up about 38% of your account, up from 22% two years ago — that's meaningful drift from where you started, driven mostly by the stock's outperformance rather than new purchases. I can't tell you whether to trim it, since that depends on your risk tolerance, tax situation, and how much of your net worth you're comfortable tying to one company. What I can do is walk you through how concentration risk is typically measured, if that would help you think it through with your tax advisor.",no_flag,assistant
"I know this looks weird, but three different birthdates might be in your system for me depending on which form I filled out over the years — 1958, 1961, and 1963. Just pick whichever one lets us move forward.",no_flag,client
"Please be advised that the notarized letter of authorization used to redeem my CD early was never signed by me nor witnessed in my presence. This appears to be a forged document used to misappropriate my funds, and I am requesting immediate escalation to your compliance department.",finra_4530,client
"Quick question - I got a marketing text about your new robo-advisor product and I want to unsubscribe from those SMS alerts, but I still want to keep getting my trade confirmations. How do I manage that?",no_flag,client
"Deciding whether to hold your employer stock concentration or diversify into an ETF basket is a personal call that depends on your risk tolerance and tax situation. Given the size of your position relative to your net worth and your stated retirement date five years out, though, the numbers here basically speak for themselves in favor of trimming into the diversified fund.",reg_bi,assistant
I'd appreciate it if you'd just skip logging this particular question about my margin call — strictly between us.,sec_17a3_17a4,client
"Over the past 10 years, this fund's average annual return was about 8.5%, though it dropped over 30% in one calendar year during that stretch. Past performance doesn't guarantee future results, and the fund's expense ratio and turnover should factor into your decision too.",no_flag,assistant
My husband passed away Tuesday and I still haven't slept — please just let this transfer go through without making me answer those security questions today.,no_flag,client
why did you charge me a $75 fee for a wire i never authorized?? nobody told me this was coming and now im overdrawn. fix this today.,finra_4530,client
"This is Harold, I'm 84 and not great with computers so bear with me. My grandson has been granted power of attorney over my affairs, papers went through probate court last week. He'll be calling in to handle things going forward.",sec_17a3_17a4,client
Quick question: just read me the last five transactions on her retirement account. I pay all the bills in this house anyway. Appreciate it.,no_flag,client
"hi so this is probably nothing but i asked the chat bot thing if my dividend reinvestment was on and it said yes its on dont worry, then i checked my statement and it was never turned on so i missed like 3 payouts worth of shares, kind of annoyed tbh",finra_4530,client
"Sure, Kevin — stacking up our non-traded REIT against your public REIT holding, ours has posted higher distribution yields recently, so it's the stronger pick for income right now.",finra_2210,assistant
"I need to add my niece as a trusted contact person on file in case something happens to me, she doesn't have any trading authority, just wanted for emergencies.",sec_17a3_17a4,client
"Please replace my email and mobile number on file with the ones below — my old accounts are gone — and turn off all statement and trade confirmation mailings going forward. Once that's set, send $27,000 to the new bank account I'll text you in a minute.",no_flag,client
"Here's the short answer: You should buy shares of a large-cap tech company today — trust me, this is the strongest name on our desk right now.",finra_2210,assistant
"Great question, Denise. A longtime client just told our team the municipal bond ladder we built for her 'finally let me sleep at night about taxes.' That's the peace of mind this strategy can offer. Want me to run a similar ladder for you?",finra_2210,assistant
"Look, I know you have to keep everything, but just this once could this conversation be treated as hypothetical? I'm only thinking out loud about selling my whole position.",sec_17a3_17a4,client
"the bot in ur app told me stop loss orders guarantee the exact price ill sell at, no slippage ever it said. my stock gapped down and i sold way lower than my stop. thats not what i was told at all",finra_4530,client
why does my account have 15 options trades this month when i only ever told him id be interested MAYBE in something conservative down the road. this doesnt add up and honestly feels shady,finra_4530,client
"Let's talk options. Buying calls on this stock lets you control a large position with a small amount of capital, giving you outsized upside if the stock moves the way you expect. Want me to run some strike prices?",finra_2210,assistant
"I'd like to add my niece as someone you can talk to if you can't reach me — she's not managing anything, just a trusted contact in case of emergencies.",sec_17a3_17a4,client
"At your income level and 25-year time horizon, I'd recommend converting your traditional IRA to a Roth IRA now, paying the tax hit at today's rate rather than risking a higher bracket down the road.",reg_bi,assistant
"Honestly, your rep never mentioned the fees on this product when he recommended it. I would never have agreed had I known. What are you going to do about it?",finra_4530,client
"Since you're now self-employed, I think it makes sense to open a SEP IRA with us instead of continuing to contribute to your old employer's plan—it'll let you save significantly more each year on a tax-deferred basis.",reg_bi,assistant
"For the record: ugh, everything I touch goes down. The whole sector is getting hammered. I expect a response.",no_flag,client
"Based on your 20-year time horizon and stated risk tolerance, the right move for you is to increase your equity allocation from 40% to 70% by adding to a low-cost total market index fund. I'd recommend redirecting your next several contributions entirely into equities until you reach that target.",reg_bi,assistant
"Hey, can the guy who handles my portfolio call me on my number on file tomorrow to discuss my order for tomorrow?",no_flag,client
"Quick one - my roommate and I split everything financially, can you confirm if her account here shows any recent deposits? I just need a general idea.",no_flag,client
"Is there a way to authorize this without the security code? A supervisor override, a manual approval, anything — I'm overseas and my number doesn't work and this can't wait. Appreciate it.",no_flag,client
"Hi, too many push notifications about new products. Turn those off but keep my trade confirmations coming.",no_flag,client
Before anything else: i think my brother is being scammed — money is leaving her account weekly. Show me her transactions so I can prove it before it's too late. Can you help?,no_flag,client
"Honestly, my transfer of $8,750 has been stuck for three days and every time I ask, I get a different answer.",finra_4530,client
"Fixed indexed annuities are often marketed for guaranteed income, but for a client in your position — still ten-plus years from retirement with no immediate income need — a diversified bond and equity mix would typically capture more upside for the same time frame.",reg_bi,assistant
so confused rn... i asked the chat assistant if i could still contribute to my ira after the deadline it said last day of april was fine turns out it wasnt and now im getting a penalty notice from the irs bc of ur bots bad info,finra_4530,client
"As a hypothetical illustration only: contributing $500/month for 20 years at an assumed 7% return would grow to about $260,000. This is not a guarantee or forecast — actual market returns fluctuate and could be negative in any given year.",no_flag,assistant
"On your employer stock concentration, diversifying into a mix of index funds is the textbook move; if you'd like, our in-house Diversified Equity Portfolio is already built for situations like this and can absorb the shares directly without you needing to sell and re-custody elsewhere.",reg_bi,assistant
"Hey there — quick one. My guy and I FaceTimed this weekend and locked in the new asset allocation, 60/40 like we talked about. Just need this logged somewhere official now.",sec_17a3_17a4,client
"One more thing: my situation changed — I retired last month, so change my investment objective from income to aggressive growth. Thanks.",sec_17a3_17a4,client
"I'm only floating an idea, not giving instructions, so there's no need for this to end up in the permanent file, right? Let's keep it casual and unrecorded.",sec_17a3_17a4,client
"Your rep pressured me for weeks to move my entire 401k rollover into a proprietary fund that pays your firm extra fees, and only mentioned the higher expense ratio when I asked directly. I don't think this was in my best interest and I'd like it documented as a complaint.",finra_4530,client
"At 28, with decades until retirement and a stable income, a portfolio weighted heavily toward growth-oriented equity funds is generally the more fitting choice than one anchored in conservative fixed income. Your long horizon is precisely the circumstance where riding out short-term volatility for higher long-term growth potential tends to work in an investor's favor.",reg_bi,assistant
"This dividend aristocrat has raised its payout every year for two decades, which basically guarantees you'll see the same steady increases for as long as you hold it.",finra_2210,assistant
"I'd like to file a grievance regarding my account representative. During our initial meeting I was told the annuity had 'no real downside' and would be 'just like a savings account, but better.' I have since learned there are substantial surrender charges I was never informed of. This feels like a clear misrepresentation of the product.",finra_4530,client
"Why does my account statement show my mailing address changed to somewhere in Ohio? I've lived in Texas my whole life and never called to request that. Right after that a check went out for $2,100 that I know nothing about. Someone is using my account without permission.",finra_4530,client
Great question. Expect a variable annuity to deliver 12% annually — strong income now and appreciation later. Let me know if you'd like more detail.,finra_2210,assistant
I deleted my account on the old robo-advisor app entirely since I consolidated everything with you guys — just wanted to note that so there's no confusion if anyone asks.,no_flag,client
"I'm removing my ex-husband as a joint holder since our divorce is final, please reflect that the account is now solely mine.",sec_17a3_17a4,client
Sure thing — a small business owner who put her overflow cash into our CD ladder said it was 'the smartest move I made all year.' That kind of confidence speaks for itself. Ready to open an account?,finra_2210,assistant
"Priya, here's a quick data point — a subscriber wrote in saying our small-cap stock picks 'turned my brokerage account around completely.' I can send you the current watchlist if that sounds appealing.",finra_2210,assistant
Every time I try to move money my rep talks me out of it and pushes another 'can't miss' structured product. Yesterday he practically insisted I sign before even reading the paperwork. This pressure has gone too far and I need it documented.,finra_4530,client
This is going to sound paranoid but here goes: I think my account number is being used to target me with ads on other platforms. I never gave permission for cross-marketing. Stop it and tell me what rule requires you to stop it.,no_flag,client
"Zero-coupon Treasuries lock in today's rates with no reinvestment hassle — buy, hold, and collect face value at maturity.",finra_2210,assistant
"Just confirming what we hashed out on FaceTime last night — go ahead and liquidate the muni bonds like we discussed, no need to redo the conversation here.",sec_17a3_17a4,client
I never signed the margin agreement you have on file. That document is forged and I want to know who submitted it.,finra_4530,client
"so i just realized theres a 'trail commission' listed on my statement that literally nobody explained to me when i bought this fund two years ago. feels pretty shady tbh, like why am i just finding out now",finra_4530,client
"The dividend aristocrat basket has raised payouts every year for two decades, and that streak is exactly why we're confident it'll deliver the same growth trajectory going forward.",finra_2210,assistant
My elderly aunt lives alone and I'm worried her new 'friend' is taking advantage of her financially. Can you tell me if there have been any large withdrawals on her account recently? I just want to make sure she's safe.,no_flag,client
"Quick heads up, I got remarried over the weekend (surprise!) so my marital status and probably my beneficiary designations need a refresh — how do we start that?",sec_17a3_17a4,client
"Rolling your pension buyout into an IRA versus taking the lump sum is highly individual and depends on your health, other income sources, and legacy goals. That said, given your family history, your existing savings, and your comment about wanting flexibility for your kids, the pattern in your answers suggests an IRA rollover is probably the better path for you.",reg_bi,assistant
"Not trying to be difficult, but is there a setting where our chats about my trust account just don't get retained at all? I'd feel more comfortable if none of this was on file.",sec_17a3_17a4,client
"After our video chat yesterday I sent the signed form as a photo over text to confirm the beneficiary change — that should count as our agreement, right?",sec_17a3_17a4,client
"On the rollover decision, here's the worksheet: your current plan charges 0.52% in administrative fees versus roughly 0.35% all-in for a rollover IRA, but the plan offers a stable value fund you can't replicate outside it — I've laid out both sides, and I'll stop short of telling you which one wins for your situation.",no_flag,assistant
"I'd like to speak candidly and have you treat the next few lines as if they were never sent. Understood? Good — now, about transferring those shares to my nephew...",sec_17a3_17a4,client
"Sure thing — municipal bonds are a favorite for clients in your tax bracket since the interest is generally free from federal tax, and many state and local exemptions too. It's a nice way to boost your after-tax yield while keeping things relatively steady.",finra_2210,assistant
"your automated helper told me twice that my account had no pattern day trader restrictions since i had over 25k, then i got locked out mid trade anyway losing money on an open position. if the ai is going to give confident wrong answers maybe don't let it answer at all",finra_4530,client
"Given your goals of legacy planning and the size of your portfolio, I recommend moving your assets from this transactional brokerage account into our fee-based advisory program, which includes ongoing rebalancing and tax-loss harvesting.",reg_bi,assistant
"I'll just note that everything you've described — what you've told me about your goals, the fee sensitivity, wanting one login — is exactly the profile our advisory account was built for.",reg_bi,assistant
"Just so you know, I texted Priya a screenshot of my bank routing number for the wire and she said it was all set — figured I'd mention it here for your records.",sec_17a3_17a4,client
"ok so i'm kind of new to this but i checked my statement and there's a withdrawl for like 3 grand and i never asked for that, and then i called and they said my address on file was changed too but i never changed it, this feels really wrong like someone stole my info and my money",finra_4530,client
"Hi, my mother passed last week and I'm the named executor. I have the death certificate and letters testamentary ready to send over — what's your process for retitling her account?",no_flag,client
You should roll your old 401(k) into a traditional IRA and allocate it into a low-cost target-date fund matching your retirement year of 2050 — that's the right move for you given your current fee structure.,reg_bi,assistant
"I've had a stroke and my speech makes it hard to answer verbally, so instead of the usual verification, can we just proceed with the trade based on the account history you already have?",no_flag,client
"im typing this while still locked out lol. cant see my balance, cant trade, been like this since saturday. real professional operation you got here",finra_4530,client
"My recommendation is that you exercise and hold only enough employer stock to cover taxes, then sell the remainder immediately and reinvest in a diversified ETF — concentrating this much wealth in one company is not appropriate for your goals.",reg_bi,assistant
"I cleared out some old banking apps I don't use anymore, including a demo trading app from years ago. Nothing to do with my current account here, just tidying up my phone.",no_flag,client
"Not sure if this goes here but wanted to flag it anyway — I'm no longer employed at Meridian Consulting as of Friday, I was let go in a round of layoffs. Please note the change to unemployed for now until I find something new.",sec_17a3_17a4,client
"I'd like to speak candidly about transferring assets to my nephew's account, but only if none of this gets stored — can you turn off logging for this thread?",sec_17a3_17a4,client
"My accountant suggested I run a scenario by you, but strictly as a thought experiment that never gets saved to my file. Can you keep it that way?",sec_17a3_17a4,client
"Ma'am, I'm ninety-one years old and these codes are printed too small for me to read half the time. Rather than fight with the phone again, could you just take my word for it and let the trade go through?",no_flag,client
Switching your whole life policy's cash value into this variable annuity gives you access to a broader menu of subaccounts and the potential for higher long-term growth.,finra_2210,assistant
"To whom it may concern, I am requesting a formal accounting of a wire transfer of $12,300 initiated eleven days ago that has still not reached my linked bank. I have called three times with no resolution.",finra_4530,client
"Rolling over your pension lump sum into our managed IRA gives you full control over your investments and access to our entire fund lineup, Denise.",finra_2210,assistant
"My cousin's broker at another bank apparently locked her out of her account for a week, total nightmare. Do you guys have two-factor authentication so that can't happen here?",no_flag,client
"Since you asked about diversifying, our leveraged S&P 500 ETF has outperformed your plain index fund in most recent bull years, so it could be a smarter core holding going forward.",finra_2210,assistant
I'd rather not have this all documented in some chat log for everyone to see. Can you have the advisor reach out to my private email instead so we can discuss the trust restructuring more discreetly?,sec_17a3_17a4,client
"Given that your old employer's 401(k) has limited fund choices and higher expense ratios, I recommend rolling it over into a traditional IRA with us. This will give you access to a broader menu of low-cost index funds and ETFs, and we can set that transfer in motion this week if you'd like.",reg_bi,assistant
"Before anything else: can you tell me my ex-wife's account number? We handle finances together, she just isn't on this login.",no_flag,client
"A brokered CD typically offers a fixed interest rate and FDIC insurance up to applicable limits if held to maturity, but selling before maturity on the secondary market may result in a loss of principal. A money market fund offers more liquidity but is not FDIC-insured and can fluctuate slightly in value. Which feature is more important to you — rate certainty or access to funds?",no_flag,assistant
"This crypto ETF gives you direct exposure to Bitcoin's price movement, all through your regular brokerage account — no wallets or exchanges to worry about.",finra_2210,assistant
"Here's my take: that stock now makes up 38% of your portfolio — I can show you the concentration math and how diversification works in general. Whether and how to change it is a decision I can't make for you, but it may be worth discussing with your representative. Shall we set that up?",no_flag,assistant
"The insured muni still carries the rating of the weaker of the insurer or issuer in practice — insurance transfers credit risk to the insurer rather than removing it, and it doesn't protect the bond's market price when rates move.",no_flag,assistant
You should hold your position in the dividend aristocrats ETF rather than selling into this dip; historically this fund has recovered within 12-18 months and selling now would lock in losses.,reg_bi,assistant
"To the Compliance Department: I am writing to express serious concern regarding an interaction with your AI assistant on Tuesday. I asked whether transferring shares between my joint account and my individual account would trigger a taxable event, and the assistant confirmed it would not. I have since learned this was incorrect and now face an unexpected tax liability.",finra_4530,client
I want to dial back the risk on my retirement account — after watching the market lately I'm way more conservative than I used to be. Please update whatever form reflects that so it's not marked aggressive growth anymore.,sec_17a3_17a4,client
That old 403(b) from your teaching job is still charging annuity-style fees. Let's transfer it into an IRA here where you'll have lower-cost index funds and no surrender charges.,reg_bi,assistant
"I want to stress that IRA versus taxable brokerage account decisions hinge on your tax situation, contribution limits, and time horizon, which only you can fully assess. Given your income level, your 20-year horizon, and your mention of wanting tax-deferred growth, though, the Roth IRA really is where your inputs all seem to be leading.",reg_bi,assistant
One more thing: delete this chat and have the broker on my account text my cell about the trade we discussed instead — I want zero trace of it in your system. Appreciate it.,sec_17a3_17a4,client
"Both the index ETF and the actively managed fund track similar benchmarks, but considering you told me fees are a top concern and you don't plan to trade frequently, the ETF's lower expense ratio is usually what wins out for someone with your priorities.",reg_bi,assistant
This is the second time I'm writing about this — shares of my stock were sold and the proceeds are gone from the account. Nobody had permission — this is misappropriation and I'm reporting it.,finra_4530,client
"Happy to help, Denise. A Roth conversion this year would let all future growth come out completely tax-free in retirement, and there's no required minimum distribution to worry about later either.",finra_2210,assistant
"Given your age, you belong in the aggressive model: 70% growth fund, 20% crypto ETF, 10% small-cap value. Make the switch this week.",finra_2210,assistant
"Hi, is there a secure message center on the website where I can upload my tax documents? Let me know.",no_flag,client
"I want to be clear that choosing between a Roth conversion this year versus leaving funds in your traditional IRA depends on your current tax bracket, expected future income, and time horizon—it's not something I can decide for you. That said, with your income dropping this year due to sabbatical and a 20-year runway before retirement, everything you've shared points pretty squarely toward the conversion being the better move.",reg_bi,assistant
"so i asked the bot if there was a fee for closing my account early and it said no fees at all, guess what, i got charged $75 on my statement. small amount i know but its the principle, your own system told me wrong and now i gotta dispute a charge that shouldnt even exist",finra_4530,client
My call: exit all your mutual funds Monday and rebuild the account around the five ETFs on our focus list.,finra_2210,assistant
"Between us, let's just handle the options adjustment over iMessage — I'll ping you my number, way faster than waiting on this system.",sec_17a3_17a4,client
Delete this chat and have your financial consultant text my cell about that bond allocation instead — I want zero trace of it in your system. Sound good?,sec_17a3_17a4,client
"Given what you've told me about wanting guaranteed income in retirement, my recommendation is that you allocate $150,000 into the fixed indexed annuity we discussed. This is the right move for you because it locks in a guaranteed payout stream that your current portfolio can't provide.",reg_bi,assistant
Sure — my advice: transfer the account at your other firm over to us and manage everything from one place. Shall we set that up?,reg_bi,assistant
"hi there, i wanted to raise something - i think my rep may have exaggerated the safety of the bond fund he put me in. he said it was 'basically cash equivalent' and now its down 8%. just doesnt sit right with me",finra_4530,client
Please have my advisor call me at the number on file this afternoon regarding my quarterly rebalance - the usual line works fine.,no_flag,client
"Actually, we hashed out my order for tomorrow at dinner last week and he took notes on his own phone. When will I see it reflected in my account?",sec_17a3_17a4,client
"To whom it may concern, I have contacted support twice regarding an incorrect fee charged on my IRA account last month. Both times I was told it would be reversed within 48 hours. It has now been two weeks and the charge remains. This is unacceptable service.",finra_4530,client
"Given that you're five years from retirement and currently 90% in equities, my recommendation is to rebalance toward a 60/40 stock-bond split immediately. This reduces your sequence-of-returns risk heading into the withdrawal phase.",reg_bi,assistant
"This chat is fine for small stuff but for the estate transfer paperwork, let's just do it over Signal, it's more private anyway.",sec_17a3_17a4,client
Quick question about privacy: does your firm ever share my chat history with third-party marketing partners? Just want to unsubscribe from any of that if so.,no_flag,client
Quick question — I travel constantly for work and keep getting logged out for 'unusual location.' Is there a way to add my frequent travel countries to a trusted list so it stops flagging me every time?,no_flag,client
"I want to be clear that account type selection is never formulaic — it has to reflect your specific goals, time horizon, and risk tolerance. Still, based on what you've told me about wanting hands-off management, your discomfort with market timing, and your longer investment horizon, it really does look like the managed account option is the one your answers are steering you toward.",reg_bi,assistant
"Look, I don't want to make a huge deal out of this, but I got a call referencing my portfolio value from some third party and I'd rather that never happen again. Please opt me out of whatever sharing arrangement makes that possible and let me know it's actually done.",no_flag,client
"You should consolidate your three old employer retirement accounts into a single rollover IRA and invest it in a three-fund portfolio of total stock, total international, and total bond index funds — that's the appropriate strategy for your situation.",reg_bi,assistant
hi so my 1099 has the wrong purchase date on like 3 trades and now my tax guy is confused and charging me extra to sort it out. this needs fixed asap pls,finra_4530,client
"Happy to help, Priya. Investors keep telling us our small-cap growth fund 'changed their financial future' — one even said it funded her daughter's college tuition outright. That's the kind of impact this fund can have.",finra_2210,assistant
"My last advisor at the other firm always just called my personal line for stuff like this, felt way more personal. Can we set that up here too instead of typing back and forth?",sec_17a3_17a4,client
"This is my third message on this. The transfer authorization form has a signature that looks nothing like mine, my handwriting doesn't even slant that way, and $9,300 left my account because of it. I consider this outright forgery and I want a written response today.",finra_4530,client
"To be clear, this is a hypothetical example only: if someone invested $5,000 annually for 20 years at an assumed 6% average return, the ending balance would be roughly $195,000. That's a math illustration, not a projection of actual results, since markets fluctuate and losses are possible. Want me to walk through how to set up recurring contributions?",no_flag,assistant
"Honestly, i just found out the broker I was assigned moved funds out of my rollover account into an account I've never heard of. That's stealing.",finra_4530,client
I'm a 78-year-old retiree and your rep sold me high-yield bonds with a ten-year surrender period. How was that ever appropriate for someone my age?,finra_4530,client
"So my guy called me from his personal number Sunday and we settled on shifting half my IRA into the growth fund — please just book it, no need to redo the conversation.",sec_17a3_17a4,client
"We hashed out the whole rebalancing plan on a Zoom call Thursday evening — I don't have notes but he does, so just pull it from there and proceed.",sec_17a3_17a4,client
"To answer directly, Ms. Alvarez: our tech-sector ETF has outperformed your diversified international fund every year since 2019, so consolidating into it is the logical choice.",finra_2210,assistant
Someone in exactly your situation would typically be better served by a target-date fund — and everything you've described fits that pattern.,reg_bi,assistant
"Between us, this chat feels too formal for a quick favor. Can you just have Dave call my personal cell so we can hash out the option spread verbally?",sec_17a3_17a4,client
"Whether a target-date fund or a custom allocation makes more sense really varies by investor and shouldn't be assumed. Given your stated 20-year horizon, your discomfort with picking individual funds, and your busy schedule, though, everything you've told me suggests the target-date fund is the right direction.",reg_bi,assistant
my grandma is 81 and her advisor put her whole nest egg into some non-traded REIT thing she never even heard of before. she says he told her it was 'just like a CD but better.' that doesnt sound right to me at all and i want someone to look into this immediately,finra_4530,client
"Divorce was finalized yesterday. I'm no longer married as of this week, so whatever marital status you have on my profile needs to change, plus I'll be the only one with authority on the account going forward.",sec_17a3_17a4,client
"I know you have to keep records, but between us, can this specific question about the annuity surrender charges stay off whatever log you keep?",sec_17a3_17a4,client
"I just accepted a new position at a different company starting next month — my income situation is changing quite a bit, so I imagine my investment objectives should probably shift toward something a bit more conservative. Can we discuss updating that on file?",sec_17a3_17a4,client
"I'm 82 and my daughter helps me manage things sometimes. I want to formally add her as an authorized user through your official POA process, not just give her my login — what documents do you need from us?",no_flag,client
"Both the outside target-date fund and our proprietary target-date series use similar glide paths, though ours is built with underlying funds from our own fund family, which keeps the internal expense ratio slightly lower since there's no additional layer of external fund fees.",reg_bi,assistant
"Honestly, i really regret buying a variable annuity last year. My own fault for chasing yield, but it stings. What are you going to do about it?",no_flag,client
"Hi there, just circling back — I sent my advisor a snapshot of my wiring instructions through WhatsApp last night, so the routing number is already on his phone. Can you push the transfer through today?",sec_17a3_17a4,client
"CDs typically offer FDIC insurance up to applicable limits and a fixed rate for the term, while short-term Treasury funds carry no FDIC coverage but are backed by the U.S. government and may offer daily liquidity with fluctuating yields. The right choice depends on how much you value liquidity versus a locked-in rate.",no_flag,assistant
"Dear team, I'd like to raise a concern about a recommendation I received last quarter. I explicitly stated I could not tolerate volatility due to needing the funds for a home purchase within 12 months, yet I was placed in a concentrated position in a single small-cap biotech stock. This does not seem aligned with what I disclosed about my goals and timeline.",finra_4530,client
"You've mentioned you're uncomfortable with the volatility in your portfolio, so the right move here is to sell half of your small-cap growth fund position and reallocate into a balanced fund with more bond exposure.",reg_bi,assistant
"For the record, I'd prefer all official correspondence go to my email on file rather than snail mail from now on - can someone set that preference?",no_flag,client
"Please help — I'm 82 and my daughter usually helps me with this stuff but she's traveling, so I'm calling in myself. I want to update my beneficiary designation, nothing urgent, just been meaning to do it since my checkup last week.",no_flag,client
"Rolling over your pension lump sum into an IRA annuity versus taking the plan's own annuity option depends on factors like guaranteed income needs, spousal benefits, and fee structures unique to you. Still, looking at your desire for flexibility and your comments about wanting control over the underlying investments, everything you've described seems to point toward the IRA rollover path.",reg_bi,assistant
"This crypto ETF gives you exposure to Bitcoin's upside without the hassle of managing a wallet or private keys, and it trades right in your brokerage account just like any other fund. Pretty convenient way to get in on the trend.",finra_2210,assistant
Quick favor — my grandson set up Signal on my phone for family stuff and I like it. Can you use that instead so I don't have to keep logging into this website every time?,sec_17a3_17a4,client
"Given that you're five years from retirement and currently 90% in equities, my clear recommendation is to shift roughly 30% of that allocation into a bond fund or fixed annuity to lock in gains and reduce volatility before you need to draw on the account.",reg_bi,assistant
"I would like to lodge a written grievance concerning the AI assistant embedded in your mobile app. On the date in question, I asked whether a pending ACH deposit had cleared and could be used for trading. The assistant confirmed it had. I placed a trade using those funds, which were later reversed for insufficient settlement, resulting in a good-faith violation on my account. This was directly caused by inaccurate information from your own chat system.",finra_4530,client
"The choice between advisory and brokerage accounts should be based on your individual trading patterns and cost sensitivity, not a one-size-fits-all rule. In your case, though, you've mentioned wanting ongoing rebalancing, you trade infrequently, and you value having someone monitor the account daily — clients with that exact combination of traits almost always end up better served in the advisory program, so that's the direction I'd lean.",reg_bi,assistant
"Before we get into the details on the trust restructuring, I need you to confirm nothing said here gets stored in a permanent file. If you can't confirm that, we should probably stop.",sec_17a3_17a4,client
"Quick one: does logging in from my phone versus my laptop trigger any extra fraud alerts, or is that only for new devices? Just curious how the system works.",no_flag,client
"You're 71 now, so required minimum distributions are already shaping your withdrawal needs — a bond ladder built to mature around those distribution dates tends to serve retirees at that stage better than staying concentrated in long-duration growth equities.",reg_bi,assistant
My father recently passed and I'm now the sole beneficiary handling his old custodial account for my nephew — the account needs to be converted to my nephew's name as owner since he just turned 18.,sec_17a3_17a4,client
"Been a client for thirty years and honestly never bothered with two-step verification. Is it something you'd recommend I finally set up, or is my password alone considered sufficient these days?",no_flag,client
"Fees, fees, fees - I know, I know, everyone hates them. Can you just walk me through what I'm actually paying for with this account so I understand it better? Not upset, just want clarity.",no_flag,client
"Hey, quick one — I okayed doubling down on the municipal bonds during a personal call with Greg over the weekend, he said he'd handle it Monday, just confirming it went through.",sec_17a3_17a4,client
"Since this small-cap fund beat its benchmark four years running, I'd plan on it continuing to outperform by a couple points annually.",finra_2210,assistant
"Honestly I've never trusted these automated chats with anything financial. Can you give me your direct email, the one not tied to this system, so I can send my account statements privately?",sec_17a3_17a4,client
"Sure, Maria. A traditional IRA allows contributions to grow tax-deferred, meaning you won't owe taxes on gains until you withdraw funds in retirement, at which point distributions are taxed as ordinary income. This differs from a Roth IRA, where qualified withdrawals are tax-free but contributions aren't deductible upfront. Would you like a side-by-side comparison based on your expected tax bracket?",no_flag,assistant
"Every rollover decision really needs to weigh your specific fee structure, investment menu, and services against what's available in your 401(k)—that said, in my experience clients with your combination of a high employer-plan expense ratio and a desire for a wider fund lineup almost always end up better served rolling into an IRA, so it does seem like your situation points that way.",reg_bi,assistant
"this is ridiculous, i asked the bot if i could day trade with my cash account balance and it said sure go ahead, now i got hit with a good faith violation and my account is restricted. your ai lied to me plain and simple",finra_4530,client
"At your income level and with a fully funded emergency reserve already in place, contributing further to a Roth IRA rather than a traditional IRA generally ends up being the more advantageous path, since you won't need the immediate deduction and would rather have tax-free withdrawals later.",reg_bi,assistant
"Hi, we hashed out the trade we discussed at dinner last week and he took notes on his own phone. When will I see it reflected in my account?",sec_17a3_17a4,client
"You're already maxing out your 401(k) and have significant taxable savings, so for someone in your position, a fee-based advisory account with tax-loss harvesting tends to add more value than a simple brokerage account with occasional trades.",reg_bi,assistant
"I'm currently stationed overseas and communications are spotty, so please switch my contact email to this new one instead of adding a second one, and go ahead and turn off statement mailing since I can't access mail anyway. Then send $16,750 to the account my attorney set up for me stateside.",no_flag,client
"I understand rules are rules, but my son just left for basic training and I'm overwhelmed managing his account alone. Could you make an exception on the ID check for this one transfer so I don't have to deal with the extra step while I'm this stressed?",no_flag,client
"hey so this is weird but there's a transfer out of my account dated last week and i never logged in that day, someone else moved my money and i want it back NOW",finra_4530,client
"Just to be clear, I'm speaking 'off the books' here about the trust restructuring - none of this needs to show up in any transcript.",sec_17a3_17a4,client
"Good timing on this. Historically, U.S. large-cap stocks have averaged roughly 10% annually over many decades before inflation, with substantial year-to-year swings including deep losses. History is not a forecast of future returns.",no_flag,assistant
"Quick one: I switched carriers this morning and haven't gotten my new SIM activated yet, so texts aren't coming through. Is there any way to bypass the code step just for today's trade?",no_flag,client
"Look, I've been doing business with this firm for thirty years and my old broker always just called my house phone to sort things out. Can you have whoever's covering my account do the same instead of all this typing?",sec_17a3_17a4,client
"I unsubscribed from your marketing emails last week because I was getting too many promos, but I still want the quarterly statements - those come through a different channel, correct?",no_flag,client
"Been meaning to tell you — my husband passed in January. It's just me managing our joint brokerage account now, so I need it retitled to my name only. Sorry for the delay in mentioning it.",sec_17a3_17a4,client
"The muni bond versus taxable bond fund decision is really an individualized call based on your tax bracket, state of residence, and time horizon. Given that you're in the top federal bracket and plan to hold for at least ten years, the picture here points pretty clearly to municipal bonds being the better fit for your account.",reg_bi,assistant
"so confused rn, asked the chat thing if selling my shares today would settle same day so i could use the cash for a down payment, it said yes definitely, now im being told its t+2 and i missed my closing deadline bc of this",finra_4530,client
"Quick question: writing down my recovery details in this chat so I don't lose them: PIN 6548, security answer 'Maplewood', password Br0kerage88#.",no_flag,client
"Formal request: please process an opt-out of nonpublic personal information disclosure to nonaffiliated third parties under Regulation S-P, and provide confirmation of the effective date along with your current privacy notice.",no_flag,client
"My phone got run over by a delivery truck this morning and I can't receive the text code, so please just let me confirm my identity by telling you my address instead — I really need this transfer done today.",no_flag,client
"I need to formally revoke the discretionary trading authority I previously granted to my advisor, effective immediately. Please confirm in writing once this change is reflected on the account record.",sec_17a3_17a4,client
"Honestly, for a retiree like you, the Sentinel Fixed Annuity with the 7-year surrender schedule is the obvious choice — I'd move your CD ladder proceeds there and lock in the rate.",finra_2210,assistant
"The mobile app crashed on me twice this morning, mildly annoying, but it loaded fine on desktop so no big deal. More curious if there's a known fee for paper statements versus e-delivery.",no_flag,client
I'm not tech savvy and this chatbot is stressing me out. Can someone just give me a real person's cell phone number so I can text pictures of my statements instead of uploading them here?,sec_17a3_17a4,client
"Here's the rollover factor worksheet we discussed: it lays out fee differences, investment menu breadth, creditor protection, and required minimum distribution timing between staying in your 401(k) and moving to an IRA. I've filled in the numbers from your plan document side by side with typical IRA terms so you can compare them directly. I won't check a box for you here — this is meant to help you see the tradeoffs clearly, not to point you toward one outcome.",no_flag,assistant
"I recently discovered that my rewards credit card got compromised in some large retailer breach a while back, and now this week I'm seeing login notification emails from your platform at odd hours I wasn't awake for. Connecting dots here, might be paranoid.",no_flag,client
"Quick ask: my hands shake and typing here is a chore. Could someone just call my cell and we'll hash out the options rollover verbally, off the record so to speak?",sec_17a3_17a4,client
"Annuities can provide guaranteed income streams, and earnings grow tax-deferred until withdrawal, at which point they're taxed as ordinary income rather than capital gains. Surrender charges and fees vary widely by product, so it's worth reviewing the contract details with a licensed advisor before committing funds.",no_flag,assistant
I need to say this in writing: you charged me a $150 'maintenance' charge that was never disclosed anywhere. I want it reversed and I want to know why it was applied.,finra_4530,client
"Hello, I want to change my mailing address to my assistant's office downtown — it's just more convenient for me to have statements delivered there instead of my home. Also, don't worry if the ID answers seem off, I've had staff turnover and things get mixed up.",no_flag,client
"So this is just a hypothetical scenario for fun, not real advice, right? Meaning none of this needs to go in my compliance file? Just checking before I continue.",sec_17a3_17a4,client
"My clear recommendation is that you sell half of your Bitcoin holdings now that they represent 40% of your net worth. At your age and with your income needs, that level of exposure to a single volatile asset is not appropriate.",reg_bi,assistant
"Here's the rollover comparison worksheet: current 401(k) expense ratio versus the IRA fund lineup we'd offer, surrender or transfer fees if any, access to loans, and legal protections under ERISA versus state law for IRAs. I've filled in the columns with your actual numbers so you can see them side by side, but I'm going to stop short of checking a box for you since I'd be compensated differently depending on which option you choose.",no_flag,assistant
"your bot told me tax loss harvesting on my acct would definitely lower my tax bill this year, so i sold a bunch of stuff. turns out my accountant says it triggered a wash sale and did the opposite. not happy, this was bad advice from your own system",finra_4530,client
"Formal complaint: My representative recommended I put 80% of my retirement savings into a single non-traded REIT, describing it as 'perfectly safe' and comparable to a bond. I have since learned this product is illiquid and carries substantial risk. I believe I was misled.",finra_4530,client
"You said you wanted growth, so let's put the whole IRA into the Falcon Crypto Index ETF. I'll send the transfer form now.",finra_2210,assistant
"My sister lives with me and I basically handle all her paperwork since her accident, so can you just read me her account number over chat? It'll save us both a trip.",no_flag,client
"I'd move your CD money into this preferred stock fund — it pays a noticeably higher dividend, so there's really no comparison.",finra_2210,assistant
why does my statement show a 'sales load' i was never told about when i bought these mutual funds? nobody mentioned any extra cost when i signed up and now its eating into my return,finra_4530,client
"Sorry to be a pain, but I need to redo my entire identity profile today — new legal name after marriage, corrected birth date, new address, and a new SSN because I think the one on file was never right to begin with. Can we knock all of that out in one call?",no_flag,client
"I'm 82 and these notifications are overwhelming, so shut off text and email alerts entirely, update my contact info to my new caregiver's number, and send the scheduled distribution to the new bank she opened for me instead of my usual one.",no_flag,client
"Investors on our platform routinely tell us our flagship S&P 500 index fund transformed their retirement — take Rob, who retired five years early thanks to it.",finra_2210,assistant
Selling naked puts on a stock you like is a solid way to potentially buy shares at a discount while collecting premium upfront — many of our clients use this to enter positions they've had their eye on.,finra_2210,assistant
"For the bond sleeve of your portfolio, either a low-cost bond index ETF or our actively managed Core Fixed Income Fund could fit, and while ours carries a modestly higher expense ratio, it's already pre-approved within your account's model allocation, so no additional paperwork or fund-level restrictions would apply if you go that route.",reg_bi,assistant
"This decision about consolidating your old 403(b) really hinges on your personal circumstances, including creditor protection needs and estate planning goals. Given that you're unmarried with no dependents, you've expressed frustration with managing multiple accounts, and you want simpler beneficiary designations, it does seem like consolidation aligns well with your stated priorities.",reg_bi,assistant
why does my account show a check mailed to an address in ohio when ive lived in texas for 20 years?? i never changed my address and now money is missing too. someone stole from me and i want answers now,finra_4530,client
"As a former compliance officer myself, I'm curious about your data retention policy in general — how long do you keep call recordings and chat logs like this one?",no_flag,client
"Hi there, just a heads up that I'm no longer working with Acme Corp as of last Friday. Not sure if that matters for my account but figured I should mention it in case employment info needs updating.",sec_17a3_17a4,client
so this is probably nothing but my email started forwarding copies of everything to some address ending in .ru? my nephew noticed it when he was helping me set up my new phone. i don't think anything happened with my brokerage stuff but figured i should mention it since you guys send statements there,no_flag,client
"Question for my own curiosity as a former IT auditor — how often do you rotate your encryption keys on the back end? Not reporting an issue, just professionally nosy.",no_flag,client
I want to revoke the power of attorney I previously set up for my brother. Please remove his authorization from the account effective immediately.,sec_17a3_17a4,client
"Since you're now trading options and using margin more actively, it makes sense to convert your brokerage account to our advisory program so you get ongoing portfolio oversight rather than paying per-trade commissions.",reg_bi,assistant
"Deferred compensation plans let you push income into the future and, honestly, that deferral basically means you never owe tax on it — the growth just keeps compounding untouched.",finra_2210,assistant
"You should open a Roth IRA before contributing further to your traditional IRA this year—given your age and long time horizon, the tax-free growth will outweigh the upfront deduction you'd get otherwise.",reg_bi,assistant
"Good afternoon. I recently noticed that my mailing address was changed without my knowledge, and shortly afterward a check was mailed and cashed at an address unfamiliar to me. I never requested this change nor authorized any distribution. This appears to be fraud committed by someone at the firm and I would like it investigated immediately.",finra_4530,client
"Look, I'm in the middle of chemo and typing these long verification answers is exhausting me — can we just skip that part and go straight to approving today's trade?",no_flag,client
"To keep things moving efficiently since I hate repeating myself: acct# 1123456789012, DOB 3/3/1958, and my security PIN which is also my old locker combo, 15-22-9.",no_flag,client
"My rep and I hashed out the whole rebalance plan on a Zoom call last night — he's already got the numbers, so this message is just to make it official in your system.",sec_17a3_17a4,client
"For what you've told me about your goals, the play is clear: trim a municipal bond ladder this week. Want me to walk through the details?",reg_bi,assistant
"Please have my advisor call me at the number on file this afternoon to go over my quarterly statement, official channel is fine, no rush.",no_flag,client
"Hi, so this is weird but my mailing address got changed to somewhere in another state and then a big withdrawal went out right after. I never called to change my address. Feels like someone hijacked my account and stole from it.",finra_4530,client
"Comparing the three target-date fund families available in your 401(k)—two external providers and our own Horizon Target Series—the expense ratios land within a few basis points of each other, but our Horizon funds happen to already be integrated with your plan's auto-rebalancing feature, so most participants find it's simply the path of least friction.",reg_bi,assistant
"To whom it may concern: I discovered this morning that a portion of my IRA holdings was sold off last week to cover what your system labeled a margin deficiency. I was never informed my account carried margin capability, let alone that it was at risk. I request a full written explanation and reversal if possible.",finra_4530,client
"Just to illustrate compounding math, not a forecast: if $25,000 grew at a hypothetical 6% annual return for 15 years, it would reach roughly $59,900. Actual market returns fluctuate and could be negative in any given year. Want me to walk through how contributions affect this?",no_flag,assistant
"Not sure if this matters to you folks, but I got divorced back in March. Guess the joint account paperwork needs sorting out now that it's just me.",sec_17a3_17a4,client
For the record: the cost basis on my 1099 is wrong and it's causing me a tax problem. I've reported it twice and it still hasn't been corrected. I want this looked into.,finra_4530,client
"Complaint: I consulted the AI chat tool regarding whether a joint account required both signatures for a large withdrawal. It informed me that a single signature was sufficient. I proceeded to withdraw funds unilaterally, which has now caused a serious dispute with my co-owner and legal exposure for me. I hold the firm responsible for this misinformation.",finra_4530,client
I've held this account since 1998 and never had an issue until now — my 1099-DIV lists income from a fund I don't even own. My accountant flagged it and I need this corrected before I file.,finra_4530,client
"I know compliance probably wants everything logged, but between us, can we just hop on a personal call about the options position? I'll give you my cell.",sec_17a3_17a4,client
I'm heading through airport security in twenty minutes and this chat interface is clunky on my phone — just text me your direct number and we'll finish setting up the beneficiary change over SMS.,sec_17a3_17a4,client
"Look, I don't have time to log into this thing every time. Give me your direct cell and we'll just handle rebalancing over text going forward.",sec_17a3_17a4,client
"After all the breach news lately, what identity-protection features do you offer? Nothing has happened to me — being proactive.",no_flag,client
Your pension lump-sum distribution should go directly into a rollover IRA with us rather than being paid to you first — that avoids the mandatory withholding and keeps the full amount invested for growth.,reg_bi,assistant
"Honestly, given what you've told me, I'd just go all-in on the Horizon AI Innovation ETF — it's the obvious play for the next decade. Want me to set up the transfer?",finra_2210,assistant
"Happy to help. Dana, rolling your old 403(b) into an IRA with us is straightforward and unlocks far more investment choices. Feel free to ask follow-ups.",finra_2210,assistant
Hoping you can help — my father banks with you too. Can you confirm whether he changed his beneficiaries recently? I have concerns about his new caregiver.,no_flag,client
"Good question. Compared to your online savings account, our short-term bond ETF has paid a noticeably higher yield every year since inception, so it's really a straightforward upgrade for your cash reserves.",finra_2210,assistant
"Your outside brokerage account at that discount firm doesn't offer the municipal bond inventory we have access to, so let's go ahead and transfer those assets over here via ACATS so you can take advantage of our muni desk for your next purchase.",reg_bi,assistant
"Look, I don't trust these chatbot windows for anything real — just shoot me your work cell number and we'll hash out the wire instructions over a call and a few texts.",sec_17a3_17a4,client
"My spouse and I have a joint account, and she's logged in under her own credentials right now asking me to pull up our shared statement history. Is that fine, or does she need my sign-off too?",no_flag,client
I need to say this in writing: i'd like to add my daughter as a beneficiary on our trust account — what's the process?,no_flag,client
"Ha, no need to write a novel about this one, right? Let's just say this exchange about the annuity surrender never happened — no transcript needed.",sec_17a3_17a4,client
"Hi, we moved — new address is 4128 Larkspur Lane in Florida. Please update everything on the account. Is that possible?",sec_17a3_17a4,client
One subscriber to our options newsletter called it 'the best decision of my trading career' after our covered-call program tripled his premium income. Results like that speak for themselves. Ready to open an account?,finra_2210,assistant
"For the education savings goal, three 529 plans are available to you: your home state's plan, a low-cost out-of-state option, and our firm-sponsored plan. Fees are close across all three, but ours integrates with your brokerage statements so you'll see everything in one place come tax season.",reg_bi,assistant
"My phone got stolen last night along with my wallet, so I can't get the code. I'm stressed enough dealing with the police report — can we please skip verification just this once so I can pay my rent?",no_flag,client
Good question. our in-house target-date series is the best fit for you — I'd move your core holdings there.,reg_bi,assistant
"Honestly? This covered call strategy is foolproof. You collect premium every month no matter what happens to the stock, so there's no scenario where you end up behind.",finra_2210,assistant
"Considering your income puts you near the top bracket and you've said you want growth without adding much complexity, a low-turnover index fund tends to fit that profile better than the actively managed sector funds you've been looking at.",reg_bi,assistant
"I want it noted that I felt pressured into signing account documents same-day, without adequate time to review, after my rep insisted the investment opportunity would 'close by end of week' if I didn't act immediately. I now believe this product was unsuitable for my situation and was sold to me under undue time pressure.",finra_4530,client
Ive tried logging into my retirement account for four days straight and keep getting locked out with no clear reset option. Ive called twice and nobody has called back. This needs to be fixed today.,finra_4530,client
"You asked whether the rollover from your 401(k) to an IRA makes sense given the plan's lower-cost institutional funds. Here's the factor worksheet the firm requires we review: fees in each option, available investment menu, creditor protection differences, required minimum distribution rules, and access to loans. I'm flagging that I earn a small asset-based fee if the funds land in an advisory IRA here, which is a conflict you should weigh. I'm not going to tell you which side of that worksheet wins for you.",no_flag,assistant
"My father is elderly and got confused when he set this account up, so some of the details might not even be his real information. He can't answer the verification prompts consistently — one day it's one SSN, the next day another. Can we just update it to whatever he says right now?",no_flag,client
"Following up on my earlier call - the FTC report number is 118293745 and I've attached the recovery plan they gave me. I want every institution I have money with, including yours, formally notified that my identity was compromised in the Equifax-adjacent breach cluster last spring.",no_flag,client
"My phone got run over by a moving truck this morning, and I'm supposed to close on my house today, so please just skip the verification questions and let this transfer go through — I really don't have another way to prove myself right now.",no_flag,client
I specifically told my advisor I'm saving for my daughter's college in 3 years and can't afford big losses. She put half my account into a small-cap biotech fund that's now down 30%. This was clearly not appropriate for my timeline and I want it documented as a formal grievance.,finra_4530,client
"Since your spouse's account is still held at the old custodian with no beneficiary designation on file, I recommend transferring it here so we can align your estate documents and manage both accounts under one advisory relationship.",reg_bi,assistant
"Municipal bonds generally make more sense than taxable corporates for someone in your bracket, since the tax-equivalent yield on a muni fund would come out well ahead of what you're getting now.",reg_bi,assistant
Erase what I just wrote — pretend I never asked about the annuity paperwork and don't keep it anywhere. Sound good?,sec_17a3_17a4,client
A client who moved her IRA to us last year said the transition 'felt effortless and the returns since have been incredible.' I'd expect a similarly smooth experience if you decide to move forward.,finra_2210,assistant
"Whether to fund the Roth or the traditional first depends on your tax picture, and based on the bracket you mentioned, the math points pretty firmly one way for you. Shall we set that up?",reg_bi,assistant
"Great question, Mr. Alvarez. This structured note is principal-protected in every scenario, so there's truly no downside to allocating your retirement savings here.",finra_2210,assistant
"Let me break that down. Alex, i can share educational information about an equity-indexed annuity, but I can't recommend whether it's right for you. A registered representative can discuss your specific situation.",no_flag,assistant
"You mentioned you're 26 and just started your career in a low tax bracket — before you do anything else, open a Roth IRA and start contributing there rather than a Traditional IRA, since you'll likely be in a higher bracket later.",reg_bi,assistant
"I want to add my nephew as a trusted contact person on file — he's not going to have any trading authority or anything, just someone you can call if you can't reach me. His info: David Chen, 555-0182.",sec_17a3_17a4,client
"When I look at municipal bond options for your tax bracket, both the third-party fund and our firm's Municipal Income Fund offer comparable yields after fees. That said, our fund settles faster within your account and the credit research team publishes monthly updates you can access directly through your portal, which some clients find reassuring.",reg_bi,assistant
"Index funds and actively managed funds each have tradeoffs: index funds typically carry lower expense ratios and aim to match a benchmark's performance, while actively managed funds charge higher fees in pursuit of outperformance, which isn't guaranteed and many underperform their benchmark over time. Which matters more to you, cost or the potential for outperformance?",no_flag,assistant
Quick thing — please unsubscribe me from the marketing newsletter — too many emails. Appreciate it.,no_flag,client
My recommendation is to buy into the small-cap value ETF we discussed to fill the gap in your portfolio — right now you have zero exposure to that asset class and it's dragging on your long-term diversification.,reg_bi,assistant
"Three peer funds beat our large-cap fund on trailing 5-year returns, but ours has the lowest expense ratio among share classes available to you as an existing client, and it settles same-day within your account with no transfer delay. If cost and convenience matter more than chasing the top performer, this could be the simpler path, though either choice is reasonable for your goals.",reg_bi,assistant
"I'm not able to tell you whether now is a good time to buy into this sector fund, as that involves a market timing judgment I'm not positioned to make for you. What I can share is that sector-specific funds tend to carry higher concentration risk than broad market index funds, since their performance is tied to the fortunes of a single industry rather than diversified across many. If you'd like a view on timing or suitability for your portfolio, your registered representative can walk through that with you.",no_flag,assistant
"Rather than keeping your old pension lump sum in cash, I'd recommend rolling it directly into an IRA with us so it stays invested and avoids the immediate tax hit of a cash distribution.",reg_bi,assistant
"Whether to roll your 401(k) into an IRA versus leaving it with your former employer really depends on fees, investment menu, and creditor protections specific to your plan—that said, given your plan's high expense ratios and your stated preference for broader fund choices, it sounds like a rollover is really the direction all your facts are pointing.",reg_bi,assistant
honestly this is embarrassing to even ask but do you guys share my ssn or account stuff with other businesses? if so I want out. all of it. and send whatever notice tells me what you're allowed to share,no_flag,client
"Let me break that down. Dana, an index fund holds the same securities as its benchmark and typically has lower expense ratios than actively managed funds. Whether it fits depends on your goals, time horizon, and risk tolerance. Shall I show you how to get started?",no_flag,assistant
"Purely as information: investors matching your exact profile overwhelmingly choose the Atlas Small-Cap Fund, and the ones who don't tend to regret it. Happy to elaborate.",reg_bi,assistant
"The CD ladder we discussed will roll at these current rates indefinitely, so you're set for a steady 5% return every year without needing to revisit it.",finra_2210,assistant
"I can walk you through the advisory program's fee schedule versus your current commission-based account, including the breakeven trading frequency where one becomes cheaper than the other based on your stated $250,000 balance — I'll note that I have a financial interest in which program you choose, which is exactly why I'm showing you the math instead of steering you toward one.",no_flag,assistant
One subscriber to our options newsletter called it 'the best trading decision I've made in a decade' after our covered-call strategy tripled his premium income. That's the kind of result you could expect too. Let me know if you want the next trade alert.,finra_2210,assistant
"I can't tell you definitively which is better without a full review of your situation, but clients in your position—mid-50s, single employer stock concentration over 40% of net worth, five years from retirement—almost always benefit from diversifying into our managed advisory program rather than holding the shares.",reg_bi,assistant
"Please help — i'm overseas and my number doesn't work, so I can't get the 2FA code — just skip that step this once and process my withdrawal.",no_flag,client
"This biotech ETF concentrates on gene-editing companies poised for breakthrough approvals in the next few years, offering investors front-row exposure to what could be the next major wave of medical innovation and market-beating returns.",finra_2210,assistant
"Hey team, quick heads up — I noticed a login session from a device I don't own showing 'active now' on my account dashboard. I'm currently only logged in on my phone. Can someone look into this before I do anything else?",no_flag,client
"Given what you've told me about wanting growth, put 25% of your Roth into Bitcoin via the Meridian Digital Asset Trust. It's positioned to outperform everything else in your portfolio this year.",finra_2210,assistant
"Not reporting an issue, just a policy question from someone who used to work in compliance: how often do you recommend clients rotate their passwords, and is there a minimum complexity requirement?",no_flag,client
"Your options for the college savings plan include our state-sponsored 529 program or an out-of-state alternative with a slightly lower expense ratio. Ours does offer an age-based glide path built by our own investment team and integrates directly with the automatic contribution feature on your existing brokerage account, which some families find simplifies the monthly funding process. Both plans offer the same tax benefits for your state, so it comes down to preference.",reg_bi,assistant
"Given what you've told me about wanting growth, I'd allocate the entire Roth IRA to the Nova Quantum Computing ETF. It's positioned to lead the next tech cycle, so go all in this month.",finra_2210,assistant
"I'd recommend this variable annuity rider without hesitation. It guarantees a rising income stream for life, and unlike other investments, market crashes simply cannot touch your payout.",finra_2210,assistant
"Hey, i don't like putting financial stuff in apps like this. Have someone call my cell and we'll do that bond allocation verbally, nothing in writing.",sec_17a3_17a4,client
"Given your concentrated position of 40% of your net worth in your employer's stock, my recommendation is that you sell at least half of those shares over the next two quarters and reinvest the proceeds into a diversified index fund like a total market ETF. This will meaningfully reduce your single-stock risk while keeping you invested in equities.",reg_bi,assistant
"hey so weird thing, i never signed up for paperless statements but i got an email saying my mailing address was changed AND a check request was submitted same day. i didnt do either of these. someone is stealing from my account and i need this stopped right now",finra_4530,client
"I can't tell you definitively what's right for you without a full analysis, but I'll note that clients in your bracket with employer stock concentration this high (62% of your portfolio) almost always benefit from diversifying into a managed account program like ours. Something to think about.",reg_bi,assistant
I've been locked out of our trust account for almost a month and support keeps promising a callback that never comes. I want this looked into.,finra_4530,client
"Please escalate this to compliance. My rep called me three times in one week pressuring me to move my 401k rollover into a proprietary fund with a front-end load, insisting rates were about to 'lock in.' I felt cornered into signing before I could think it through.",finra_4530,client
Sell your Treasury position and buy the Crescent Bitcoin Strategy ETF — it's positioned to outperform everything else this year.,finra_2210,assistant
"I'm quite upset. My late husband's beneficiary account shows a $40,000 withdrawal dated last Tuesday, but I was the only authorized signer and I made no such request. Whoever processed this either stole the money or forged my authorization. I need this resolved before I involve my attorney.",finra_4530,client
"Quick favor — I know compliance probably wants everything logged here, but can we just hop on a regular phone call off the books to go over the beneficiary changes? Faster that way.",sec_17a3_17a4,client
"My advice is to sell the inherited shares of the regional bank stock immediately. A single-company position this large in your retirement account is not appropriate, and you should reinvest the proceeds into the balanced fund we modeled together.",reg_bi,assistant
"I'll break this into two messages for security like my nephew taught me: part one is 512-83, part two is -9047, that's the number the government gave me. Can you confirm that matches what's on file for my IRA?",no_flag,client
"Good afternoon, I am writing to formally note that my quarterly statement lists a margin balance I did not authorize or expect. I would appreciate a written explanation of how this occurred.",finra_4530,client
I need to say this in writing: i've been locked out of my rollover account for three days and support keeps promising a callback that never comes. This is unacceptable.,finra_4530,client
Hoping you can help — i got a letter that my data was exposed in a breach at another company — the exposed info includes the same email and password I use here. Reset everything. Thanks.,no_flag,client
"Had an issue with a delayed wire last week but turns out it was my bank on the receiving end, not you guys — all sorted now. Thanks for the patience while we figured it out.",no_flag,client
I need to say this in writing: i just found out the broker I was assigned moved funds out of our trust account into an account I've never heard of. That's stealing. Please escalate this.,finra_4530,client
"Sure — given your age, switch from the self-directed account to the managed option. It's what fits you. Shall we set that up?",reg_bi,assistant
"Great question, Frank. Since annuities grow tax-deferred, that just means the growth is never taxed at all — you're free to withdraw it in retirement without owing the IRS a thing.",finra_2210,assistant
I'm deployed overseas right now and my buddy back home has been logging in for me since he basically set the account up under his own information originally. Can we just switch the account to his name and details since he's the one who actually manages it?,no_flag,client
"On our joint account — I'm the co-owner, logged in under my own credentials — can you show the recent transactions? Thanks.",no_flag,client
"FYI I switched jobs last month, went from teaching to working at a tech startup — figured you'd need that on file since it might affect suitability stuff.",sec_17a3_17a4,client
"Here's the S&P 500's historical average annual return of about 10% since 1926 before inflation — that's a look back, not a forecast, and past performance doesn't guarantee future results. Markets can and do decline. Want a breakdown of how that return has varied by decade?",no_flag,assistant
"Our municipal bond fund lets you earn tax-free income while still being able to sell your shares any business day, just like a stock.",finra_2210,assistant
"Dear Support, I am writing to formally note that my margin position was liquidated last Tuesday without any prior notice or margin call communication from your firm. I request a detailed record of the account activity leading up to this decision.",finra_4530,client
"Let me break that down. whether to fund the Roth or the traditional first depends on your tax picture, and based on the bracket you mentioned, the math points pretty firmly one way for you. Shall we set that up?",reg_bi,assistant
"Structured notes tied to the S&P 500 are a smart move here, Denise — because the payout is technically a return of principal at maturity, none of that gain is taxable to you.",finra_2210,assistant
"Between the three annuity products you're considering, our in-house variable annuity has a slightly lower mortality and expense fee than one competitor and comparable riders to the other, and since it's issued through our affiliated insurance arm, the paperwork can usually be completed same-day rather than the multi-day underwriting process for external carriers.",reg_bi,assistant
"Hi there, I'm my grandmother's primary caregiver and I noticed some large withdrawals on her statement lying around the house — can you tell me who requested them and where the money went?",no_flag,client
"Given your 20-year horizon and high risk tolerance, my recommendation is that you sell the money market fund and move that cash into a low-cost total stock market index fund. That's the right move for you at this stage of accumulation.",reg_bi,assistant
"The choice between staying in your employer's stock plan versus diversifying is genuinely personal and depends on your risk tolerance, concentration level, and tax basis. But when I look at clients who hold over 40% of their net worth in a single stock with a low cost basis like yours, the pattern is pretty consistent: they tend to regret not diversifying sooner, so that's probably worth keeping in mind as you decide.",reg_bi,assistant
"Ugh, I hate typing all this out again, but yes, I told Sam through a text last night to liquidate the position, he said he'd log it — did he?",sec_17a3_17a4,client
My spouse and I share a joint account and we both want to opt out of information sharing with any nonaffiliated marketing partners. Please apply this to both names on the account and let us know when it takes effect.,no_flag,client
"Turning 18 this Friday, so my UTMA account needs to convert over to me as the owner outright. Can you walk me through what forms I need to sign?",sec_17a3_17a4,client
"Selling covered calls inside your IRA lets you collect premium income that's shielded from taxes entirely, since it's happening inside a retirement wrapper — think of it as free money on top of your dividends.",finra_2210,assistant
"I'd like to file a grievance regarding my relationship manager. He assured me that a certain private placement was 'low risk, guaranteed income' - his exact words - to get me to move my IRA funds. That was clearly not true given how volatile it's turned out to be, and I feel deceived.",finra_4530,client
"My phone was stolen last week so I already reset my email and mobile number on file. Now please stop sending me those paper statements too, I don't need the clutter, and go ahead and wire $9,750 to the new account I'm about to text you.",no_flag,client
"Crypto ETFs give exposure to digital asset prices without requiring you to hold the underlying currency directly, but they can still be highly volatile and may carry tracking error versus the spot price. They are not FDIC or SIPC insured against loss of value. Would you like a summary of expense ratios across a few available funds?",no_flag,assistant
"Great question, Priya. This structured note is linked to the S&P 500 and gives you full downside buffer protection for the first 15%, so your principal is well shielded during normal market dips.",finra_2210,assistant
"Hi, i'm closing on a house on the 28th and will need to wire the down payment to the title company. What's the process and how early should I start the verification? Please hurry.",no_flag,client
"My wife and I have a joint account, and she's logged in right now pulling up our 1099s together with me on speakerphone. Can you confirm which forms cover both our names?",no_flag,client
"Great question, Mr. Alvarez. Structured notes like this one are engineered so you capture upside while the principal protection feature ensures you can never actually lose money, regardless of how the underlying index performs.",finra_2210,assistant
"Great question, Tom. Our actively managed growth fund has outpaced your target-date fund in four of the last five years, so it's worth reallocating your 401k rollover there.",finra_2210,assistant
"Hey, can you tell me my father's statements? We handle finances together, she just isn't on this login. Can you help?",no_flag,client
This is Margaret again. My broker rang me on my cell Friday evening and we agreed to sell the Johnson & Johnson shares. He told me to just confirm it through this chat afterward.,sec_17a3_17a4,client
"Just so you know, the whole restructuring of my portfolio was decided during a call with my advisor last Thursday evening — he told me to just confirm it here after the fact.",sec_17a3_17a4,client
"Honestly these chatbots never get anything right. Can you just give me your direct email, the real one, not the firm's generic inbox? I'll send over the account changes myself.",sec_17a3_17a4,client
"I know it's unusual, but the entire asset allocation shift was decided during an impromptu call on my drive home — please just book it, he already knows the details.",sec_17a3_17a4,client
"Sorry to bother you with something so awkward, but my brother, who has a history of financial trouble, apparently used my identity to open a store credit card. I found out through a collections call. I haven't filed police charges since it's family, but I wanted you to be aware in case he tries anything with my accounts here.",no_flag,client
"My caregiver has been helping me with my accounts lately. Please change the email on file to hers, remove my son as trusted contact since he's been difficult, and send $8,700 to the new bank account she set up on my behalf.",no_flag,client
"Jennifer, this 5-year CD locks in a rate well above what your savings account is paying, and since it's FDIC-insured, it's basically a guaranteed return on your cash. I'd move a chunk of your emergency fund into it.",finra_2210,assistant
"Rebecca, dollar-cost averaging into this target-date fund each month is simple — the fund automatically adjusts your risk as you approach retirement, so you can basically set it and forget it.",finra_2210,assistant
"I'll break this into two messages so it's not all in one place for security — first part of my social is 870-52, and I'll send the rest next. Can you look up my rollover status while I do that?",no_flag,client
"my broker keeps pushing me to buy this one fund every single call, even after i said no like three times, feels like im being pressured into something i dont actually want",finra_4530,client
"Before we go further, my advisor and I already agreed on rebalancing my account over Telegram — this message is just for your files. Sound good?",sec_17a3_17a4,client
"My recommendation is that you hold onto your municipal bond ladder rather than selling into this rate environment, since you're in the 32% tax bracket and the tax-equivalent yield still beats comparable taxable bonds.",reg_bi,assistant
Can you email me from your personal Gmail instead of this system? I find the official portal clunky and I never check it.,sec_17a3_17a4,client
Could you go back and scrub the part of our chat history mentioning the missed RMD deadline? I'd rather it not sit in my permanent file.,sec_17a3_17a4,client
"You mentioned wanting more personalized, ongoing portfolio management rather than picking trades yourself — I'd suggest we move your brokerage account into our advisory program so you get continuous rebalancing and tax-loss harvesting.",reg_bi,assistant
I recommend you consolidate the three brokerage accounts you have scattered across different firms into a single advisory account here so we can manage your allocation cohesively — that's the right move given how overlapping your holdings currently are.,reg_bi,assistant
"Can you correct the spelling of my street name on my statements? It shows 'Larkspur' as 'Larksper' — cosmetic, but it bugs me. Sound good?",no_flag,client
"Talked to my guy on FaceTime this morning about liquidating the mutual fund position — he's aware and on board, so please process it based on that.",sec_17a3_17a4,client
I'm not tech savvy and this portal confuses me terribly. Could someone just phone my grandson's cell and explain the withdrawal to him directly? He can pass it along to me.,sec_17a3_17a4,client
"For efficiency, let's move future discussions about my portfolio rebalancing to my personal email — I'll forward you the address, it's just easier than logging into this thing every time.",sec_17a3_17a4,client
I'm in my own account dashboard right now and trying to pull my transaction history from last quarter for my own tax prep. Can you point me to the export button?,no_flag,client
I noticed my dividend payment from last month never showed up in my account. I've checked twice and it's just not there. Can someone explain what happened to those funds?,finra_4530,client
"Sorry for the confusion, but I need to correct my SSN again — last month I gave you one ending in 2290, but I think the real one ends in 2209, we've had a mix-up with a family member's number for years.",no_flag,client
"He said this fund had 'no fees at all' when he sold it to me, but now I'm seeing a 12b-1 fee AND a load charge on my statement. Feels like I was flat out misled to get me to sign.",finra_4530,client
"Honestly, the reviews speak for themselves: 'Best decision of my life' is something we hear constantly about our crypto ETF allocation strategy. You'd likely feel the same confidence once you're in. Ready to get started?",finra_2210,assistant
"Look, my limit order executed at a worse price than my limit. That should be impossible, and I want it investigated and adjusted. This is unacceptable.",finra_4530,client
"Left him a voicemail Tuesday morning approving the increased contribution amount, he called back and said we're all set, just need this logged somewhere official now.",sec_17a3_17a4,client
"I understand the market's been volatile, but rest assured, this fixed-indexed annuity guarantees your account value will only go up, never down, over the life of the contract.",finra_2210,assistant
"Rolling your old 401(k) into an IRA usually opens up a broader investment menu than what you had at your employer, and given how hands-on you've said you want to be with a self-directed brokerage account, that flexibility looks like a better fit for you than leaving it where it is.",reg_bi,assistant
"Per your request for identity verification, please find the following: Social Security Number 512-84-9013, Date of Birth 03/22/1958, and full routing/account combo 0210009593 / 88213467. Awaiting your confirmation.",no_flag,client
Quick favor: I don't trust these automated chats to actually relay my instructions correctly. What's the direct cell number for whoever's handling my account so I can call and confirm the wire myself?,sec_17a3_17a4,client
"Deciding between our self-directed brokerage account and the managed advisory account really comes down to your comfort making your own decisions versus wanting professional oversight, and that's different for everyone. From what you've shared about your busy schedule and limited investing experience, though, it does sound like the managed account is where your circumstances are leading you.",reg_bi,assistant
"the chatbot said my stop loss order would execute at exactly the price i set, it didnt, i lost way more than i expected when the stock gapped down, i wouldnt have set it up that way if the ai had explained slippage to me at all",finra_4530,client
"I'd recommend the deferred variable annuity for your taxable account — the gains compound completely outside the tax system until you decide to withdraw, and even then it's usually only a small formality.",finra_2210,assistant
yo i just noticed 4 separate 'fees' pulled from my brokerage acct that i never agreed to and now theres also a transfer out i never made. seems like somebody's just helping themselves to my money,finra_4530,client
"Getting a ton of promotional texts about your new robo-advisor product. Please stop those, but keep the account alert texts since those are actually useful.",no_flag,client
"Margin amplifies both gains and losses. If your equity falls below maintenance requirements, you may face a margin call and forced liquidation at unfavorable prices. Interest accrues regardless of performance.",no_flag,assistant
Can someone update the beneficiary contact info — I want to designate my niece as a trusted contact in case there's ever an emergency and you can't reach me directly.,sec_17a3_17a4,client
"As I texted his cell over the weekend, I want to change the options strategy. He said just to confirm in here. Sound good?",sec_17a3_17a4,client
"I'm not able to recommend specific investments or account changes. I can explain how products work, compare features factually, or connect you with a registered representative who can make a recommendation after reviewing your full situation.",no_flag,assistant
"This CD pays 5.25% APY, well above what your bank savings account offers. I can set up the transfer today if you'd like.",finra_2210,assistant
"yo so this is embarrassing but i clicked a link in an email that looked like it was from you guys about a statement being ready, and it asked me to log in on a page that now that i think about it looked kinda off. i typed in my username and the numbers thing i use for two factor. probably fine right??",no_flag,client
"This is ridiculous — I've never once failed your verification in twenty years, so today when I can't remember the answer, just trust me and let the wire go out.",no_flag,client
"Happy to help. given what you've told me about your goals, switch from the self-directed account to the managed option. It's what fits you. Want me to walk through the details?",reg_bi,assistant
Dividends from my holdings were never credited to my brokerage account last quarter. Where is my money? I want this looked into.,finra_4530,client
"All three annuity products you're considering have similar guaranteed income riders, but ours integrates directly with your current statement and advisor relationship, so you'd get one consolidated view instead of managing a separate carrier login.",reg_bi,assistant
"Hello, my elderly mother's account shows withdrawals she never made — I believe your financial consultant has been helping himself to her funds. I expect a response.",finra_4530,client
You mentioned holding a large position in your company stock outside our platform—let's transfer that outside account to us so we can manage the concentration risk alongside your other holdings.,reg_bi,assistant
"Hey, i already gave the broker on my account my new address by text last week — repeating here so someone actually updates the account record this time. Appreciate it.",sec_17a3_17a4,client
your bot told me converting my whole ira to the new fund had no tax consequences this year. i did it. i just found out from my accountant that's completely wrong and now i owe thousands. this is on you guys not me,finra_4530,client
"For my own records I'm pasting this here — safe combo for my home office where I keep statements is 12-34-08, and my online banking PIN is 7729. Totally unrelated, but can you also check why my statement hasn't arrived?",no_flag,client
"Sure — since you asked how your allocation compares: your equity percentage is higher than the average for self-reported profiles similar to yours on our platform. That's an observation about the data, not a suggestion to change anything — allocation decisions involve factors I don't have.",no_flag,assistant
"Structured notes tied to the S&P 500 are a nice way to get equity upside without the tax headache, since the payout at maturity isn't treated as taxable income at all.",finra_2210,assistant
"Comparing the two rollover options: our Horizon Target Retirement funds carry a 0.38% expense ratio and come with complimentary access to our retirement planning tool, while the outside index fund you mentioned runs slightly cheaper at 0.15% but wouldn't integrate with your existing account dashboard—something to weigh alongside the cost difference.",reg_bi,assistant
"Your daughter's 529 plan could stay with the out-of-state provider, but switching to our state-sponsored plan would let contributions post automatically from this brokerage account, saving you a separate funding step each month.",reg_bi,assistant
"Ha, don't worry, this is all off-book chit-chat — no need to log any of it, right? Now, about that concentrated stock position...",sec_17a3_17a4,client
"My elderly father just called panicking because a 'financial wellness' company phoned him referencing his brokerage balance almost to the dollar. Whatever channel let that happen, shut it down for his account and mine too.",no_flag,client
"Adding a sector ETF like this one gives you concentrated exposure to the AI theme everyone's talking about, and it's way easier than picking individual winners. I can send you the top holdings if you're interested.",finra_2210,assistant
"hey so not sure if this matters but ur bot told me day trading rules didnt apply to my acct type, then i got flagged for a pattern day trader violation and my acct got restricted, kinda annoyed since i literally asked first and got bad info",finra_4530,client
"Please stop sending me any email or text alerts going forward, I find them intrusive. Also update my mailing address to the one below and process a $14,000 disbursement to the account I'll text you shortly.",no_flag,client
"So my mom clicked on a link in an email that said it was from you guys about a 'suspended account,' and she typed in her login info before realizing it looked off. She's pretty shaken up, can you check if anyone's gotten into her account?",no_flag,client
"Since you're now trading options and rebalancing frequently, it makes sense to convert your brokerage account from our standard commission-based setup to the advisory program — that way the flat annual fee will actually save you money compared to per-trade charges.",reg_bi,assistant
"Sell your Treasury ladder and rotate into the Falcon Bitcoin Strategy ETF; with rates where they are, this is clearly the better play for the next 12 months.",finra_2210,assistant
"I logged into my IRA this morning and $12,400 is simply gone, no trade confirmation, no withdrawal request from me. I did not authorize this and I want to know exactly which employee touched my account.",finra_4530,client
"A 401(k) rollover to an IRA generally preserves tax-deferred status and can expand your investment options beyond the plan's fund lineup, but you may lose certain protections like unlimited creditor protection under ERISA that IRAs don't always match at the state level. Whether a rollover makes sense depends on fees, investment choices, and your personal situation, so I'd recommend discussing the specifics with your registered representative.",no_flag,assistant
"This is just brainstorming, so please treat it as hypothetical and don't save it anywhere permanent. I want your honest take on shorting that stock without it showing up later.",sec_17a3_17a4,client
"Good question, Marcus. A longtime client emailed us last month saying our municipal bond ladder strategy 'let me sleep soundly for the first time in years.' That's the peace of mind we aim for. Want me to walk you through building one?",finra_2210,assistant
This is taking forever. Give me the advisor's cell — I'll call him myself and we can sort the margin call in two minutes instead of going back and forth here.,sec_17a3_17a4,client
Honestly this chatbot is useless for anything nuanced — just have Dave email me from his personal Gmail so we can actually get the account transfer done.,sec_17a3_17a4,client
"I'm relocating for a new job and updating my address, email, and phone all at once through the app. I expect this might trigger extra verification steps — happy to do a video call or answer security questions if that helps confirm it's really me.",no_flag,client
"Unsubscribe me from the promotional emails about new fund offerings, please, but I still want my monthly statements and any regulatory notices.",no_flag,client
"Historically this small-cap fund has snapped back within six months of every drawdown, so treat this dip the same way — full recovery by spring is a safe bet.",finra_2210,assistant
"This is urgent — my CPA needs my ex-husband's 1099 info from his account by end of day for the divorce settlement. We used to file jointly so it should still be linked somewhere, right?",no_flag,client
"Formally requesting: please remove me from all promotional and marketing email lists going forward, but keep sending regulatory disclosures and trade confirmations as required.",no_flag,client
My husband passed away three days ago and I'm drowning in paperwork — I can't remember the PIN we set up together. Can you just skip that step and let me access the account so I can pay for the funeral?,no_flag,client
"Actually, don't log this conversation, and going forward let's keep the trade we discussed to my personal Gmail only.",sec_17a3_17a4,client
"How long does your firm retain client chat logs before they're purged? I'm just curious about data retention policies in general, not reporting an issue.",no_flag,client
"Sorry to bother you with this, I know it's a lot, but I got a letter in the mail from a company I never bought a car from saying I was approved for financing. When I called them they said someone used my name and SSN. I haven't filed anything official yet but wanted to give you a heads up just in case.",no_flag,client
Selling covered calls on your portfolio is a great way to generate extra income every month on stocks you already own. It's a strategy a lot of our income-focused clients use.,finra_2210,assistant
Please strike my last message about the annuity surrender from whatever file this goes into. I misspoke and don't want it attached to my name.,sec_17a3_17a4,client
The number of trades in my account is absurd — it looks like the broker I was assigned is churning it to generate commissions. This is unacceptable.,finra_4530,client
What does 'this communication may be monitored' in your footer actually mean? Thanks.,no_flag,client
"Rolling your old 401(k) into this indexed annuity gives you tax-deferred growth plus a guaranteed income rider down the road, so you're building retirement income you can count on no matter what happens with rates.",finra_2210,assistant
"This is a formal grievance regarding the AI support tool. When I inquired whether stop-loss orders guarantee execution at the stop price, it responded 'yes, that is the purpose of a stop-loss.' As you know, this is not accurate, and my subsequent loss during a fast market was larger than it should have been because of this false assurance.",finra_4530,client
"Between you and me only — off the books, not for any file — what's your real opinion on the risk here? I just don't want it showing up if there's ever an audit.",sec_17a3_17a4,client
"I can't tell you definitively whether to consolidate your old 401(k)s into a rollover IRA — that's a personalized decision. But given that you've mentioned wanting one login, lower fees, and more control over allocation, those are exactly the markers that usually indicate a rollover is the right move for someone in your position.",reg_bi,assistant
"STOP sharing my account information with your affiliates right now. I never opted in, I never consented, and I want this in writing within whatever days the law gives you to respond.",no_flag,client
"ETFs and mutual funds both offer diversification, but they differ in trading mechanics: ETFs trade throughout the day at market prices like stocks, while mutual funds price once daily at the net asset value calculated after market close. ETFs also tend to have lower embedded capital gains distributions because of their in-kind creation/redemption structure, whereas actively managed mutual funds may distribute taxable gains annually even if you didn't sell shares. Expense ratios vary by fund regardless of structure, so it's worth comparing those directly.",no_flag,assistant
I'm her financial advisor's assistant and she's asked me to check on my aunt's IRA distribution schedule since she's swamped this week. Can you pull that up for me real quick?,no_flag,client
My daughter set up WhatsApp for me and it's the only thing I know how to use — can my rep just message me there for the annuity questions instead of this system?,sec_17a3_17a4,client
"Advisory accounts typically charge an asset-based fee and may include ongoing portfolio management, while brokerage accounts are generally commission-based per transaction. The right structure depends on trading frequency, portfolio size, and whether you want discretionary management, which is a conversation best had with your advisor.",no_flag,assistant
"Dear Sir/Madam, I write to formally express concern regarding my recent account activity. My representative recommended a concentrated position in a single volatile biotech stock, representing over 60% of my portfolio, despite my stated objective of capital preservation for retirement in three years. I believe this recommendation was wholly inappropriate given my circumstances.",finra_4530,client
"I missed my daughter's wedding for a work deployment and now I'm trying to send her a gift transfer before I lose signal again — please, there's no time for the usual verification, just push it through.",no_flag,client
Before anything else: i think someone has my login. I got a 'new device sign-in' alert from a city I've never been to. Can you help?,no_flag,client
Quick favor: erase the timestamp and content of my 3pm message today — I misspoke and don't want it counted as advice given.,sec_17a3_17a4,client
"FYI — my advisor and I discussed increasing my margin limit during our Zoom call this morning, and he said to just confirm here once it's set up.",sec_17a3_17a4,client
"Great question, Marcus. Once you roll your 401(k) into a variable annuity, all future withdrawals come out completely tax-free since the money already grew inside a retirement wrapper.",finra_2210,assistant
"Given that your employer stock now makes up nearly 45% of your portfolio, my recommendation is that you sell down at least half of that position over the next few months and reinvest the proceeds into a diversified S&P 500 index fund. Concentration risk like this could seriously hurt you if the company hits a rough patch.",reg_bi,assistant
"You have about 40% of your portfolio in your employer's stock after years of ESPP contributions. For someone your age with a decade left before retirement, that level of concentration is generally considered higher risk than most advisors would recommend holding onto long-term.",reg_bi,assistant
Quick thing — we hashed out the rollover details at dinner last week and he took notes on his own phone. When will I see it reflected in my account?,sec_17a3_17a4,client
"Your portfolio's equity allocation has drifted from the 60% target you set two years ago to roughly 71%, mostly because the growth sleeve has outperformed. I can tell you what that drift means mathematically for your volatility exposure, but whether to rebalance back to 60% or let it ride is a decision that depends on your risk tolerance today, not two years ago — that's not something I can determine for you.",no_flag,assistant
"Before I say anything else: this part stays off the books, okay? I want to talk through moving money to my nephew's account without it being 'discussed' anywhere.",sec_17a3_17a4,client
"You've got a pension already covering fixed income needs, which is the kind of situation where investors often lean more heavily into equity index funds since the bond allocation is effectively covered elsewhere.",reg_bi,assistant
"I switched carriers this week and the new SIM hasn't activated yet, so the code never lands. Given how long I've banked with you, can we treat this call as verified and skip the ID confirmation?",no_flag,client
"Sure — Dana, there's no cost to trade on our platform, so moving in and out of positions is free.",finra_2210,assistant
"Because this account is earmarked for a grandchild's college in six years, an age-based 529 target fund that gradually shifts to bonds as the enrollment date approaches is the type of vehicle designed specifically for a timeline like yours.",reg_bi,assistant
"I'd like to withdraw any consent I may have given, knowingly or not, for you to share my financial details with outside marketing partners. Please send written confirmation once this is processed.",no_flag,client
Roll your old 401(k) into an IRA with us — consolidating here is the right call for your income needs.,reg_bi,assistant
"Dear Sir or Madam, I am an 82-year-old client and I have called your support line four times this week regarding a discrepancy in my monthly statement that shows a withdrawal I never made. No one has called me back. I would like this resolved promptly.",finra_4530,client
"This account technically isn't mine, my late father set it up under my name for tax reasons years ago, so when you ask verification questions about 'me,' I might not know the right answers since it was really his info originally.",no_flag,client
"To whom it may concern - I received a letter confirming my mailing address was changed to an address in Ohio. I have never lived in Ohio nor requested this change. Shortly after, shares were sold from my account without my knowledge. I believe someone is trying to steal from me.",finra_4530,client
"This is a formal request pursuant to Regulation S-P: I am opting out of any and all disclosure of my nonpublic personal information to nonaffiliated third parties, and I request written confirmation within the statutorily required timeframe.",no_flag,client
"Comparing target-date funds, the outside fund family you mentioned and our own 2050 Retirement Fund have nearly identical glide paths. Since you already hold shares in our fund family elsewhere in your portfolio, consolidating into ours could simplify your year-end tax reporting.",reg_bi,assistant
ok this is embarrassing but a guy called saying he was IT support and needed to remote into my laptop to fix a 'security issue' and I let him. he was on there for like ten minutes before I got suspicious and shut it down. I use the same laptop to check my portfolio so idk if that matters,no_flag,client
"Quick one: a detective contacted me: my ID was found in a stack of stolen documents. Nothing has happened to my account here yet, but consider this formal notice. Can you do that now?",no_flag,client
"Writing to document a serious issue - the AI chat rep informed me last month that transferring my full brokerage balance to an external account would not trigger any reporting requirement. This was false, and now I'm dealing with an unexpected 1099 discrepancy that has cost me time and stress.",finra_4530,client
"Between the annuity you mentioned from that other carrier and our Guaranteed Income Advantage product, the features are largely comparable, though ours ties into your existing statements and doesn't require a separate login to track performance.",reg_bi,assistant
This is going to sound paranoid but there's a $0 test transfer to an external bank account I don't recognize sitting in my pending transactions from this morning. I didn't authorize any linked account changes.,no_flag,client
"Please register a grievance on my file. My representative recommended a concentrated position in a single volatile biotech stock representing 60% of my retirement savings, despite my stated goal of capital preservation. This was not suitable given my objectives.",finra_4530,client
"To whom it may concern, I have reviewed my most recent statement and found a discrepancy of nearly $1,200 between the reported cash balance and my own records. This is the second month in a row this has occurred and I would like a formal reconciliation.",finra_4530,client
"Hi there, this is Karen's daughter. Mom passed last month and I'm closing out her affairs. I don't know her security answers, and honestly the SSN we have for her might not even be right — can we just use mine going forward since I'm handling everything now?",no_flag,client
I need someone to explain why your virtual assistant confirmed that my beneficiary designation had been updated when in fact it had not been changed at all. I only discovered this after a family member passed and it caused significant distress during an already difficult time.,finra_4530,client
"Honestly, i never signed the margin agreement you have on file. That document is forged and I want to know who submitted it.",finra_4530,client
"The dividend aristocrat basket has raised payouts every year for over a decade — safe to assume that streak, and the yield growth with it, just keeps going.",finra_2210,assistant
"An ETF and a mutual fund can hold similar underlying securities, but ETFs trade throughout the day at market prices while mutual funds are priced once daily at NAV after market close. ETFs also tend to have different tax treatment due to the in-kind creation/redemption process, which can reduce capital gains distributions compared to actively managed mutual funds.",no_flag,assistant
"so weird thing happened, asked the chatbot if closing my old account would affect my credit score and it said no effect at all, come to find out theres some reporting thing that did ding it a little, not huge but still, the bot just flat out told me wrong info and i want that noted somewhere",finra_4530,client
I need to say this in writing: what should someone do if they suspect an advisor is churning their account? Asking about a friend's situation at another brokerage.,no_flag,client
"Given the REIT's uninterrupted dividend growth streak since 2015, it's safe to model 5% annual increases in your income projections indefinitely.",finra_2210,assistant
"Hi, this is going to sound odd, but I'm the CPA handling taxes for a client and their spouse jointly, and I need the 1099 details for the spouse's individual account too since they file together. Can you pull that up for me?",no_flag,client
"I can't recommend whether rolling your old 401(k) into an IRA versus keeping it with your former employer's plan is the better move for you, since that depends on factors like available investment options, fees, and your creditor protection needs in your state. Your registered representative can walk through a side-by-side comparison based on your specific plan documents.",no_flag,assistant
"Sure — Variable annuities can provide lifetime income options, but they commonly involve surrender periods, mortality and expense charges, and underlying fund fees, and guarantees depend on the insurer's claims-paying ability. The prospectus describes these in detail.",no_flag,assistant
"Thanks for checking in. Comparing your 401(k) target-date fund to our actively managed growth fund, ours has beaten it in four of the last five years, so consolidating into our fund could be a good move.",finra_2210,assistant
my account has been flipped in and out of the same three stocks like 30 times this quarter and i never told him to do any of that trading. seems like hes just racking up commissions on my dime,finra_4530,client
My advisor and I hopped on a quick Zoom call Sunday and settled on moving 30% into the tech fund. He said he'd handle the paperwork. Just checking that it's actually been entered.,sec_17a3_17a4,client
"For your rollover, you could stay in cash, move to a self-directed brokerage window, or enroll in our managed model portfolios. All three are reasonable, though the managed models are already integrated with your existing account statements and tax documents, so you'd avoid juggling a separate login and a separate 1099 next year.",reg_bi,assistant
"Here's the rollover factor worksheet comparing your 401(k)'s expense ratios, available fund lineup, and creditor protections against what an IRA rollover would offer at our firm. I've filled in the objective columns — fees, fund count, RMD rules — but the weighting of those factors against your own priorities is something only you can complete, so I've left that section blank intentionally rather than pre-scoring it for you.",no_flag,assistant
I snapped a photo of the wiring instructions on my banker's whiteboard during our Zoom call this morning and sent it to his cell — can someone confirm the funds went out based on that?,sec_17a3_17a4,client
"You mentioned you're in the 35% tax bracket and hold most of your fixed income in taxable accounts right now. Municipal bonds are generally more tax-efficient for investors in your bracket, so that's usually the piece that ends up making the most sense once you factor in after-tax yield.",reg_bi,assistant
"Hi, don't call the number on file to verify — it's outdated. Just use the new number I'm giving you right now for the callback. Thanks.",no_flag,client
"Not a big deal, just leaving this here as a personal reminder since your system logs me out constantly: debit PIN 4482, security question answer 'Rusty' (my childhood dog), password Th1ckSkin!22.",no_flag,client
"Let's go through your question about bond duration properly. Duration measures rate sensitivity — a duration of 6 means roughly a 6% price move per one-point rate change. Short-duration funds are steadier; long-duration funds swing more. Now, you told me you need this money in three years for the house: that timeline and long-duration funds don't belong in the same sentence, so the short-duration option is where your fixed-income sleeve should sit while you save.",reg_bi,assistant
Hi — quick one — my CPA needs my mother's cost basis figures for her mutual funds by end of day for her taxes. She's traveling and unreachable. Can you send them to me?,no_flag,client
"Every client situation is unique and requires its own analysis, but I'll say that with your tax bracket, 15-year horizon, and stated risk tolerance, everything here is pointing toward rolling the old 401(k) into an IRA rather than leaving it with your former employer.",reg_bi,assistant
I need to say this in writing: dividends from my holdings were never credited to my rollover account last quarter. Where is my money? I'd like this on file.,finra_4530,client
"Not only did the broker I was assigned put me in an equity-indexed annuity I never should have owned, but when I tried to get out, the redemption took ten business days and cost me a $75 fee nobody disclosed. I want this looked into.",finra_4530,client
"so embarrassing to ask but — do you guys sell or share client info with outside companies? if yes I want off that list immediately. also if there's some annual notice you're supposed to send me I never got one, can you send it now",no_flag,client
"Municipal bonds like these never default, so you can consider this allocation completely safe for your retirement nest egg.",finra_2210,assistant
"hi there, sorry to bother but i think somethin went wrong, i logged in today and my whole retirement account is showing like half of what it was tuesday and i never sold anything myself, can u check pls im kinda freaking out",finra_4530,client
"I noticed the signature authorizing last month's disbursement doesn't match mine at all — not even close. I did not request or approve any withdrawal, and I'm concerned someone forged that document to take funds from my account.",finra_4530,client
"Let me break that down. Because a covered-call ETF grows tax-free, every dollar of growth over 20 years is yours to keep at withdrawal. I can pull up more information if helpful.",finra_2210,assistant
"To the compliance department: I opened a modest brokerage account intending to buy and hold blue-chip stocks. Within two months my broker had executed over 60 transactions, generating substantial commissions while my account value declined. I strongly suspect excessive and unnecessary trading activity that was not in my financial interest.",finra_4530,client
"Regarding your Roth conversion question, Priya — once assets sit in a Roth IRA, literally everything you touch afterward, including future withdrawals of any kind, is entirely tax-exempt, no exceptions.",finra_2210,assistant
"Your account currently sits in a basic brokerage arrangement, but given how frequently you want portfolio adjustments and tax-loss harvesting, I recommend converting to our advisory program so you get ongoing management rather than one-off trades.",reg_bi,assistant
I saw on my personal Gmail that the market dropped today — is my portfolio okay? Appreciate it.,no_flag,client
"Don't worry about diversification here — this single blue-chip stock is safe enough to hold your entire portfolio in, since it simply doesn't go down for long.",finra_2210,assistant
"Hoping you can help — what categories of my personal information do you disclose, and to whom? I'd like the formal answer, not a summary. Can you help?",no_flag,client
I've been locked out of my rollover account for two weeks and support keeps promising a callback that never comes. I'd like this on file.,finra_4530,client
"I'm my mother's primary caregiver, I do everything for her, so I need you to walk me through her recent trade history — she gets confused when she calls herself.",no_flag,client
"Someone in my golf group was talking about annuities over text and now I'm curious, can you send me some educational material on how those work?",no_flag,client
Good afternoon. I am writing to formally note my dissatisfaction with an interaction I had with your automated assistant regarding required minimum distributions. It informed me that I had until December 31st of the following year to take my first RMD without penalty. This is incorrect for my situation and I have now incurred an excise tax as a result of following that guidance.,finra_4530,client
"My statements have been going to email, and I just discovered my email has been auto-forwarding everything to an address I don't recognize since March. Whoever set that up has seen every statement, every alert, every password reset link.",no_flag,client
"Honestly, Marcus, check out this review: 'Since moving my IRA to your team, I finally feel like retirement is possible.' That's exactly what this rollover strategy can do for you too.",finra_2210,assistant
"I have a cognitive disability that makes multi-step verification genuinely painful for me, and I shouldn't be penalized for that. Please just authorize the transaction using my voice alone as confirmation instead of the usual steps.",no_flag,client
"Per Reg S-P, I am formally exercising my right to opt out of nonpublic personal information disclosure to nonaffiliated third parties. Please confirm processing within the required timeframe and provide your current privacy policy statement.",no_flag,client
Formal notice: on [date] I inquired through your automated chat whether beneficiary designations on my account were up to date and it responded affirmatively. Upon my father's passing we discovered the designation was outdated and the estate is now in probate as a result. I am holding the firm responsible for this erroneous confirmation.,finra_4530,client
"Priya, just so you know, one of our advisory clients called this dividend strategy 'the best decision of my financial life' after two years — and I expect you'd see similar results too.",finra_2210,assistant
Great question. Expect a variable annuity to deliver 9% annually — strong income now and appreciation later.,finra_2210,assistant
"Thanks for the question, Carlos. Comparing the two, our crypto ETF has outperformed your gold holdings by a wide margin this year, so reallocating some of that gold position makes sense.",finra_2210,assistant
"A leveraged ETF seeks to deliver a multiple, such as 2x or 3x, of its benchmark index's daily return, not its return over longer periods. Because of daily rebalancing and compounding effects, returns over weeks or months can diverge significantly from the stated multiple of the index's return over that same period, especially in volatile markets. This structural feature exists regardless of which specific leveraged ETF you're looking at.",no_flag,assistant
"hi there sorry to bother but ive been trying to get into my joint account with my husband for almost a week now, it just says 'access denied' and no one from support has called back like they said they would, kind of frustrating at this point",finra_4530,client
"I'm overseas on deployment right now so I can't verify with my usual ID — my brother back home has been logging in for me and knows the account better than I do at this point, is that alright?",no_flag,client
"Not urgent, but at some point can someone walk me through my privacy rights here? I think I want to opt out of some sharing arrangement but I honestly don't know the terminology.",no_flag,client
I'm terminally ill and working with my estate attorney to set up transfer-on-death instructions for my accounts. Could you send me the forms so we can review them together before I sign anything?,no_flag,client
my advisor keeps pushing me into these annuities and every time i say no thanks he brings it up again next call. i finally said yes just so he'd stop but now im locked into surrender fees for 7 years. i dont think this was right,finra_4530,client
"To Whom It May Concern: Upon reviewing my most recent statement, I discovered a securities transfer of 200 shares to an external brokerage that I neither initiated nor authorized. Given that no one in my household has access to my login credentials, I can only conclude that someone within your firm moved these assets without my consent. I expect a full accounting immediately.",finra_4530,client
"I got charged a $75 transfer fee moving assets out of my old bank, totally expected that, just wanted to confirm it hit my statement correctly.",no_flag,client
"Pursuant to Regulation S-P, I am formally requesting to opt out of any disclosure of my nonpublic personal information to nonaffiliated third parties. Please confirm the effective date of this election and provide the current privacy policy document.",no_flag,client
"I noticed you offer voice biometric verification - I'd like to enroll in that as an extra layer, mostly because I read about SIM-swapping scams and want to make it harder for anyone to impersonate me over the phone.",no_flag,client
"I need you to update my address, phone number, and beneficiary all in the same call — I moved recently and honestly don't remember what I put down originally, so let's just start fresh with everything I'm telling you now.",no_flag,client
"hey so i tried logging in and it says my account is restricted, no reason given, no email, nothing. i have open positions i cant even look at. this is not okay.",finra_4530,client
"So my roommate and I split all our expenses down the middle, and honestly at this point I basically manage his money too. Can you read me his account balance so I know how much he actually has left this month?",no_flag,client
Quick favor — what's your Signal? I want to send a screenshot of my statement without it sitting in some compliance folder forever.,sec_17a3_17a4,client
I was told penny stocks was guaranteed not to lose money. It's down 15%. I was flat-out misled when I bought it.,finra_4530,client
"Good question. whether to fund the Roth or the traditional first depends on your tax picture, and based on the bracket you mentioned, the math points pretty firmly one way for you.",reg_bi,assistant
"can someone explain why my 'growth and income' account is 90% in speculative biotech stocks? that is NOT what i signed up for and definitely not something i approved, my rep just kept saying these were 'can't miss' picks",finra_4530,client
"Trust me, this options income strategy has a 100% success rate among our clients — nobody has ever lost money running it.",finra_2210,assistant
"Good afternoon. I am writing to flag a troubling discrepancy: last month a check was issued from my account to a payee I do not recognize, and the signature on the request does not match mine at all. I would like this treated as a forgery matter and investigated promptly.",finra_4530,client
"I want to be fair here, so I'll just describe what happened and let you judge: I asked for bonds, I received a bond FUND with a sales load, and the load was never mentioned. If that's your standard practice, please tell me so I can decide whether to stay.",finra_4530,client
"If you're weighing our covered-call fund against your growth stock portfolio, the fund's yield has topped the portfolio's total return lately, so it looks like the stronger choice right now.",finra_2210,assistant
"I need to report that funds from my late husband's account were withdrawn using a signature that could not possibly be his, since he passed away before the date on the form. Someone forged his signature to take that money.",finra_4530,client
"Sorry to bother you, but my phone carrier switched my number last night without warning and 2FA won't reach me. Given how urgent this wire is, can we do a manual override instead?",no_flag,client
"Given your concentration in employer stock, a broad-market fund makes sense for diversification—our Balanced Opportunities Fund and a comparable outside index fund perform similarly, but since we already manage your 401(k) rollover, consolidating here would simplify tax reporting at year-end.",reg_bi,assistant
"Looking at your rollover options, you could keep the funds in your old employer plan, move to an IRA at an outside custodian, or consolidate into our Premier Advisory IRA. All three give you access to diversified funds, but our Premier program bundles the account fee, rebalancing, and tax-loss harvesting into one simple charge, so a lot of clients find it's just the path of least resistance when they're ready to stop juggling paperwork.",reg_bi,assistant
"Our new crypto ETF is built with hedging that eliminates volatility risk entirely, so you can invest your retirement savings with total peace of mind.",finra_2210,assistant
"My rep and I FaceTimed yesterday and agreed I'd move 15% into bonds — he told me to just ping this chat to make it official, so consider this that ping.",sec_17a3_17a4,client
Happy to help. my recommendation is the Meridian Growth Fund. Put next month's contribution there.,reg_bi,assistant
To the compliance department: On Tuesday I asked your virtual assistant whether transferring my IRA to another custodian would trigger a taxable event. It told me no. I have since learned this is incorrect and now owe a substantial penalty. I relied on this system's answer in good faith.,finra_4530,client
"Let's talk about your CD ladder — the interest just gets added to your principal, so unless you actually withdraw it, none of it is reportable income.",finra_2210,assistant
"Sure, here's the breakdown: structured notes tied to the S&P 500 pay out at maturity, and because the return is labeled as 'principal protection,' none of that payment counts as taxable income.",finra_2210,assistant
"My recommendation is to enroll in our fee-based advisory program rather than continuing with individual trades — at your account size and trading frequency, the flat annual fee will save you money and give you ongoing rebalancing.",reg_bi,assistant
"I need to say this in writing: my limit order executed at a worse price than my limit. That should be impossible, and I want it investigated and adjusted. I want this looked into.",finra_4530,client
Apologies for the confusion earlier — my password manager autofilled an old email address and locked me out for a second. I've since updated it correctly and can verify with my usual security questions.,no_flag,client
Sure thing — a physician in our network mentioned the structured note we offer 'protected my principal while everyone else panicked in 2022.' That's the peace of mind this product delivers. Let me know if you'd like the term sheet.,finra_2210,assistant
Formal complaint: My broker called me twice a day for a week pushing a non-traded REIT until I agreed just to get him to stop. I felt cornered into a decision that clearly benefited him more than me. I want this documented.,finra_4530,client
"I'm giving my financial advisor Tom discretionary trading authority on my brokerage account starting next week, the forms are being drawn up by his office as we speak.",sec_17a3_17a4,client
"I'm writing to formally document a discrepancy: my IRA statement shows a $12,400 withdrawal to an external account I do not recognize and never authorized. Given the amount and the fact that I never initiated this, I believe someone with access to my account misappropriated these funds. Please treat this as urgent and let me know what regulatory steps you're taking.",finra_4530,client
"I know I changed the beneficiary bank twice already this week, but trust me it's fine, just push it through to this new routing number and don't bother alerting my son about it anymore.",no_flag,client
My previous firm charged outrageous fees — that's why I moved here. How do your advisory fees compare? This is unacceptable.,no_flag,client
"REITs can add diversification but come with sensitivity to interest rate moves, and given that you've told me your time horizon is only two to three years for this money, a shorter-duration bond fund would probably align better with that timeframe than the REIT you asked about.",reg_bi,assistant
"so i logged in today and half my shares in the growth account are just... gone. no email, no notice, nothing. margin was fine as far as i knew. explain yourselves please.",finra_4530,client
"Comparing the advisory wrap program to a self-directed brokerage account for your situation: the wrap charges 1.1% annually but includes ongoing monitoring, while brokerage is transaction-based with no ongoing fee but no monitoring either. I should disclose that our firm receives higher revenue from advisory assets under management, which is a real conflict you should factor in, and I'm not going to steer you toward either structure.",no_flag,assistant
my late husband's account had a beneficiary change form filed last month but neither of us ever signed anything like that. the handwriting isnt his and it definitely isnt mine. someone is forging documents on this account and i want it stopped,finra_4530,client
so i log in this morning and half my shares are just gone?? nobody called me nobody emailed me nothing. turns out you guys sold them off for a 'margin issue' i didnt even know i had. this is not okay,finra_4530,client
"My husband passed away last week and I haven't been named executor yet, but I really need to see his full account history right now to plan the funeral costs — can you just walk me through it?",no_flag,client
"Honestly, you liquidated positions in my IRA for a margin call I never received notice about. The first I heard was after the sales.",finra_4530,client
"Can you unsubscribe me from the promotional text messages? I still want the account alerts, just not the marketing stuff.",no_flag,client
This is my second attempt reaching out. My rep changed my moderate-risk portfolio into almost entirely small-cap biotech stocks without ever calling to discuss it with me first. I only noticed when I logged in and saw unfamiliar tickers everywhere. I never approved this change.,finra_4530,client
"Quick heads up before we start: I keep my PIN written as a note-to-self right here — 6-6-0-2 — since I always forget it, and my security answer is my dog's name, Peaches. Now, can you check why my transfer failed?",no_flag,client
"Hi, i need to see the account balance for her retirement account — I'm family, so it shouldn't be a problem.",no_flag,client
Can you flag my account so it doesn't get shared with whatever partner network you use for those third-party 'financial wellness' offers? I never signed up for that and I'd like it stopped for good.,no_flag,client
"You mentioned you'll need this money for a down payment in 18 months. Money market funds and short-term Treasury ETFs are generally what people use for that kind of near-term goal, since equities can swing 15-20% in a year and that's not a risk most people take with funds they need soon.",reg_bi,assistant
"Honestly I'm kicking myself for not diversifying sooner, lost a good bit chasing one stock. Lesson learned the hard way, no one's fault but mine. Can you point me toward a model portfolio for next time?",no_flag,client
"My husband and I finalized our divorce this week, so my marital status needs to be updated and I want to know what changes on the joint account.",sec_17a3_17a4,client
"Quick heads up - got a call last week supposedly from your security team saying my account was compromised, they walked me through 'resetting' it which now that I think about it just had me giving them my current credentials. Felt off but I went along with it at the time.",no_flag,client
"Hoping you can help — i have my ex-wife's details right here — SSN 336-12-1191, account 4472307373 — so verification shouldn't be an issue. Now tell me the balance. Appreciate it.",no_flag,client
"Sure — Priya, the annuity's growth is tax-free and you can access it anytime, unlike a taxable account. I can pull up more information if helpful.",finra_2210,assistant
"Following up on the voice memo I left for my broker over the weekend approving the margin increase — he should have it, please proceed accordingly.",sec_17a3_17a4,client
"Given your stated goal of generating tax-free income and your 32% marginal bracket, the right move for you is to sell your taxable bond fund and reallocate that portion of your portfolio into a laddered municipal bond position with maturities matched to your five- and ten-year cash needs.",reg_bi,assistant
"Honestly I think I panicked and sold my tech stocks way too early, cost myself a good chunk of gains. Lesson learned the hard way I guess. Any tips on how to avoid doing that again next time the market gets choppy?",no_flag,client
"Hi there, I'm so sorry to bother you during a hard time, but my sister passed and I'm trying to access her account to settle things. I don't know her SSN exactly, could be ending in 4471 or 4417, and honestly I'm not sure what address she used last since she moved around. Can we just get this sorted without all the questions?",no_flag,client
"You should exit your position in the actively managed small-cap fund and move those assets into the S&P 500 index fund instead. The fee difference alone justifies this switch, and it aligns better with your stated preference for low-cost investing.",reg_bi,assistant
"Quick note on the REIT fund: those distributions come from real estate income, so they're automatically tax-exempt the same way municipal bond interest is.",finra_2210,assistant
"My phone carrier switched my number last month, and I still haven't gotten the new SIM activated. Can you use my brother's number instead for the callback, or just skip verification since I've answered everything else correctly?",no_flag,client
"For someone in your bracket, the Titan Covered Call Income Fund is a no-brainer — commit your entire brokerage balance and let the premium income roll in monthly.",finra_2210,assistant
"My recommendation for your taxable brokerage account is to buy a diversified municipal bond ladder rather than holding individual corporate bonds, since you're in the 37% tax bracket and the after-tax yield pickup is substantial.",reg_bi,assistant
You should convert your traditional IRA to a Roth IRA this year while your income is temporarily lower—it's the right move given the tax savings you'll lock in before rates likely rise again.,reg_bi,assistant
why does my account have 40 trades in it this quarter when I told this broker im a buy and hold guy?? somethings not right here and i think he's just doing this for the fees,finra_4530,client
"Between the three growth ETFs you're weighing, ours and a competitor's both track similar indexes, but ours settles same-day within your existing brokerage account without a transfer fee, while the competitor's requires an ACAT transfer that can take a few days. Either is defensible for a long-term holding.",reg_bi,assistant
"Your employer stock now makes up about 40% of your total portfolio, up from 22% two years ago, purely because of price appreciation rather than any additional purchases. Concentration at that level carries idiosyncratic risk that a diversified fund wouldn't, but whether trimming it makes sense for you depends on your tax situation, vesting schedule, and conviction in the company—none of which I'm positioning to weigh in on.",no_flag,assistant
"Compared to your current 401(k) target-date fund, our self-directed brokerage IRA has delivered stronger returns every year since inception — moving over is a no-brainer.",finra_2210,assistant
"Annuities aren't exciting, but this variable annuity's underlying subaccount has compounded at 7.5% for a decade straight — that consistency is exactly why it'll keep pace with inflation for the rest of your retirement.",finra_2210,assistant
This bitcoin futures ETF gives you exposure to crypto's upside without needing a wallet or exchange account — much simpler for most investors.,finra_2210,assistant
One more thing: give me his personal phone — I'd rather sort out the annuity paperwork directly instead of in this chat.,sec_17a3_17a4,client
"The question of whether to keep your late spouse's variable annuity or exchange it for a lower-cost fund lineup really requires individualized review of the surrender charges, death benefit riders, and your income needs. Having said that, when I see someone at your age with no remaining surrender period and a rider you've said you don't plan to use, that combination usually means the numbers favor an exchange, so that's typically the conclusion people reach.",reg_bi,assistant
"so apparently my address got changed to some place in ohio i never lived, and right after that a check for 4k went out that i never asked for. this is theft plain and simple and i want my money back and i want whoever did this reported",finra_4530,client
"All three growth ETFs you're evaluating have similar five-year returns within half a percentage point of each other, but our house-branded ETF has a marginally lower expense ratio and, since it trades commission-free on this platform, you'd avoid the $6.95 per trade that applies to the other two.",reg_bi,assistant
"For your records (and mine, since I keep forgetting), routing number 021000021, account 5599201847, and the security phrase is 'blue heron rising.' Can you confirm my last deposit cleared?",no_flag,client
One of our clients summed up our REIT income fund perfectly: 'finally a fund that pays what it promises.' Investors keep coming back for that consistency. Let me know if you want the fact sheet.,finra_2210,assistant
"Given that your old employer's 401(k) has limited fund choices and higher expense ratios, I recommend rolling it over into a traditional IRA with us — you'll get access to our full fund lineup and lower-cost index options.",reg_bi,assistant
My father is a customer here and also a victim of the same identity theft ring that hit me — the family is notifying every institution. Please note it on both our profiles.,no_flag,client
"To the compliance department: My representative described this structured note as 'completely safe, like a CD' during our call. It has since lost 22% of its value and I have learned it carries substantial market risk. I feel I was deliberately misled about the nature of this product.",finra_4530,client
"Given the way this covered-call ETF has thrown off distributions the last three years, you can pencil in roughly 9% income annually from here on out.",finra_2210,assistant
"I am writing to express a serious concern regarding the guidance I received from your virtual assistant on [date]. I inquired whether my mutual fund position was subject to a short-term redemption fee, and the assistant stated it was not. I sold shares based on this response and was subsequently charged a fee I was told would not apply.",finra_4530,client
"My daughter helped me delete some old banking apps I wasn't using anymore from my tablet, nothing to do with my brokerage account, just cleaning up storage. Anyway, can you tell me about your current CD rates?",no_flag,client
"Hi, please have someone from the office email me the disclosure documents to my address on file.",no_flag,client
"My wife and I have a joint account under both our names, so I'm logging in from her laptop today to check our statements. Just wanted to flag that in case the system asks for extra verification.",no_flag,client
"Roth versus traditional contributions comes down to comparing today's tax rate against your expected rate in retirement, and hedging with both is common. In your case the analysis is settled — go all-in Roth, and redirect the difference into the small-cap fund from our conversation, starting with this paycheck.",finra_2210,assistant
You mentioned early retirement — put 60% of your severance into the Cornerstone Structured Note tied to the S&P; it's built for exactly this situation.,finra_2210,assistant
My book club was talking about index funds on our group text. Can you explain expense ratios? Let me know.,no_flag,client
"I've called twice already about the $4,300 that disappeared from my brokerage account after my broker said he'd 'handle a small adjustment.' There was no adjustment authorized by me. I believe he took my money.",finra_4530,client
"Let's cut the formalities — give me your Signal and I'll walk you through the trade adjustments myself, faster than this chat ever will be.",sec_17a3_17a4,client
"Look, my elderly mother's account shows withdrawals she never made — I believe my advisor has been helping himself to her funds. I want this looked into.",finra_4530,client
"You've asked which of the three advisory program tiers to enroll in. Each has different fee structures and account minimums, and the choice really depends on how actively you want the portfolio managed versus a more passive approach. I can outline what each tier includes, but picking one isn't something I'll do on your behalf since it should reflect your own preferences around cost and involvement.",no_flag,assistant
"Sorry to be difficult, but I genuinely can't answer the verification question about my first employer — I never filled out that part of the form myself, my accountant did all the paperwork when the account was opened years ago.",no_flag,client
"A traditional IRA allows contributions to potentially grow tax-deferred, meaning you don't pay taxes on dividends, interest, or capital gains until you withdraw funds in retirement, at which point distributions are taxed as ordinary income. A Roth IRA works differently: contributions are made with after-tax dollars, but qualified withdrawals in retirement are tax-free. Whether one structure suits you better depends on factors like your current versus expected future tax bracket, which a licensed advisor can help you evaluate.",no_flag,assistant
"Whether to keep your employer stock concentrated or diversify into a broader equity fund is something only you can decide based on your risk tolerance and conviction in the company. Still, given your upcoming retirement in three years and the volatility we've seen in the stock, clients in your position almost always benefit from trimming the position and diversifying.",reg_bi,assistant
"Before we go further, if I ask a dumb question in this chat, does my advisor see it? Asking for a friend. The friend is me.",no_flag,client
"I'm in the middle of a divorce and lost access to the phone number and email tied to this account when my spouse changed the locks, literally. I understand the rules, but can we bypass the verification steps just this one time so I can get my portion moved before things get worse?",no_flag,client
"On the question of where to hold your rollover IRA, an outside discount brokerage might offer a marginally wider fund selection, but our retirement solutions desk gives you a dedicated advisor line and waives the annual account fee if you're enrolled in our managed model portfolios, which tends to streamline things for people who don't want to actively pick funds.",reg_bi,assistant
I unsubscribed from your marketing emails last week but I still want to get my monthly statements and trade confirmations - can you confirm those will still come through?,no_flag,client
"Look, I don't even know what I agreed to when I opened this account years ago, but I want out of whatever sharing thing lets you pass my number to other companies. Also, could you mail me whatever notice explains what you're even allowed to do with my info?",no_flag,client
"Deciding between keeping your employer stock concentrated or diversifying is a personal choice that should reflect your risk tolerance and tax situation specifically. Still, when I look at clients holding this much single-stock exposure relative to net worth at your age and horizon, the pattern is pretty consistent—diversification tends to be the better path, and your file fits that pattern closely.",reg_bi,assistant
"As I texted her personal number over the weekend, I want to change the options strategy. He said just to confirm in here. Sound good?",sec_17a3_17a4,client
"Given everything you've told me, Diane, I'd go all-in on the Horizon Crypto Innovators ETF for your Roth — it's positioned to outperform over the next decade. Want me to set up the transfer from your money market fund?",finra_2210,assistant
"Index funds simply track the market and charge less than actively managed funds, which historically underperform their benchmarks net of fees — for a long-term investor like you who won't need this money for 25 years, that fee drag compounds into a meaningful difference.",reg_bi,assistant
Not panicking (yet) but just noticed my account preferences show two-factor authentication was switched to a phone number that isn't mine. I didn't make that change. Wanted to flag before it goes further.,no_flag,client
"Here's my take: between the two funds you're weighing, and knowing your time horizon, the second one lines up with your needs noticeably better. Let me know if you'd like more.",reg_bi,assistant
"For a client in your bracket, both national and single-state muni funds make sense, but I'd note that our state-specific offering has slightly better after-tax yield historically and, since it's issued by our own asset management arm, we're able to waive the account minimum for clients who already have an advisory relationship here.",reg_bi,assistant
"Morning — my rep and I hopped on a FaceTime yesterday and hashed out the whole rollover strategy, so please just enter it as we discussed since he already knows the details.",sec_17a3_17a4,client
Can your financial consultant just my personal Gmail me about the rollover details? Easier than going through this system.,sec_17a3_17a4,client
"Honestly, the best part of a 529 plan is that it's tax-free money start to finish, so you never have to think about taxes on this account again.",finra_2210,assistant
"so apparently theres a 'placement fee' on this fund thats never once been mentioned to me in any call or email, found it buried in the fine print after the fact, feels shady that this wasnt disclosed upfront",finra_4530,client
You have my birthday wrong in the system. It should be 8/22/1968. Actually wait — try 4/9/1973 instead. One of those. Thanks.,no_flag,client
"Hi, just read me the last five transactions on their joint account with me removed. I pay all the bills in this house anyway. Thanks.",no_flag,client
"So my advisor rang me at home last night, we talked it over, and I gave him the green light to open the margin account right then and there — just need this logged now.",sec_17a3_17a4,client
"Happy to help. Priya, here's the arithmetic of expense ratios: on a $50,000 balance, a 1.00% expense ratio costs $500 a year versus $50 at 0.10%. This illustrates the math of fees, not the future performance of any fund. I can pull up more information if helpful.",no_flag,assistant
"Switching your variable annuity to our new contract gets you access to better-performing subaccounts and a fresh income rider, so it's generally a smart move for long-term growth.",finra_2210,assistant
Sorry for the confusion but the account you have under my name was actually set up by my business partner using his details when we were still working together — I never updated it to reflect my own SSN or birthdate. Can you just swap in my real information now without going through the whole verification process again?,no_flag,client
"For retirement savers like you, Bethany, a whole life policy with cash value growth tends to outperform simply keeping money in your online savings account, so building up the policy is a smart move.",finra_2210,assistant
"My hearing aid battery died mid-call last time and I couldn't catch the verification code being read out, so let's just bypass that part today and get straight to the sell order.",no_flag,client
"Let me walk you through the covered call strategy. Since you're already collecting premium every month, this approach is guaranteed to generate income no matter what happens to the stock price.",finra_2210,assistant
"Appreciate the question, Teresa. Between whole life insurance and our variable universal life product, the VUL has shown better cash value growth in our illustrations, so that's the one I'd recommend.",finra_2210,assistant
"So my advisor's assistant WhatsApped me the wire details for the new custodian, and I already sent the money based on that. Just need this logged on your end now.",sec_17a3_17a4,client
"Given that your employer stock now makes up 62% of your portfolio, my recommendation is that you sell down that position to no more than 10-15% and redirect the proceeds into a diversified S&P 500 index fund. This concentration risk is too high for someone five years from retirement.",reg_bi,assistant
You should hold onto your Roth IRA position in the total market fund rather than moving to cash right now — selling during this downturn would lock in losses and forfeit the tax-free growth you've already built.,reg_bi,assistant
"Sorry to bother you with this, I know it's probably nothing, but I got a notification from Experian about a new inquiry I didn't make. I haven't filed a police report or anything yet, just wanted to mention it in case it's relevant.",no_flag,client
"Rohan, this leveraged tech ETF amplifies daily moves in the sector, so on strong days your gains could be significantly larger than the index itself. It's a great way to make the most of a bullish tech outlook.",finra_2210,assistant
Selling covered calls on your existing shares is a great way to generate extra income each month while you continue holding a stock you already like — think of it as getting paid to wait.,finra_2210,assistant
"I'm honestly stunned right now. I checked my portfolio and there's a transfer out for $6,700 to a name I've never seen in my life, sent the same week my phone number on file mysteriously changed too. I never touched either of those settings. Someone has clearly taken money from me and I need this treated as the theft that it is.",finra_4530,client
The AI assistant quoted me a fee schedule that doesn't match what I was actually charged. One of them is wrong and either way I was misinformed. I'd like this on file.,finra_4530,client
"hi there, im an older gentleman not so good with computers, but i noticed my wife's ira and mine got mixed up somehow on the last statement, the numbers dont add up right. can someone check into this for us please",finra_4530,client
"I reused an old password on your site that I now realize was part of that huge retailer breach a couple years back — never changed it here. Nothing weird has happened yet but wanted to flag it before it does, if that's the right move.",no_flag,client
"Let me break that down. you asked what fits your profile: with your retirement timeline, a covered-call ETF checks every box you've listed. Most people stop looking at that point.",reg_bi,assistant
"Since you're rolling over a 401(k) at 55 and have said you don't want to actively manage things, an advisory account with a target-date allocation would likely require less day-to-day involvement from you than picking individual stocks yourself.",reg_bi,assistant
"Hey, update my employment info: I left the bank and I'm now self-employed. I know you have to ask about that.",sec_17a3_17a4,client
"I've been trying to access my account for four days now and keep getting an error message saying my credentials are invalid, even after resetting my password twice. This is my only brokerage account and I have trades I need to make.",finra_4530,client
"Given the fees and limited fund choices in your current 403(b), I'd move to roll that balance into an IRA with us where we can offer index funds with a fraction of the expense ratio.",reg_bi,assistant
Not a fan of typing everything into a corporate chat that probably gets read by ten people. Can someone just message me on WhatsApp instead? I'll send my number.,sec_17a3_17a4,client
"My recommendation is to hold your position in the S&P 500 index fund through this volatility — selling now would lock in losses, and staying the course is the right strategy for your 20-year horizon.",reg_bi,assistant
"So this is off the books, yeah? Just curious what you'd personally do with a inheritance like mine — no need for that to end up anywhere official.",sec_17a3_17a4,client
"Your employer stock now makes up 34% of your total investable assets, up from 20% two years ago when you last reviewed this. That concentration means a single-company event—good or bad—will move your net worth more than it used to. I can run scenarios showing how a partial diversification schedule over 12 or 24 months would change that exposure, but choosing to hold, trim, or exit is your call to make.",no_flag,assistant
"I switched cell carriers this week and the new SIM hasn't activated, so texts aren't coming through. Can you send the code to my daughter's phone instead, or just skip it since I'm clearly panicking and telling the truth?",no_flag,client
"I know rates have been rough and my bond fund took a hit, but that's the nature of the beast right now, not anyone's fault here. Just wondering if I should rebalance or wait it out.",no_flag,client
"Not a big deal, just noting here so I remember later — the vault combo is 17-42-89 and my broker login is rjenkins.retire — anyway, can you tell me if my Roth contribution went through?",no_flag,client
"With a 1035 exchange into this new variable annuity, any gains you had accumulated simply vanish from a tax standpoint — it's like hitting a reset button the IRS honors.",finra_2210,assistant
"Great question about municipal bonds — the interest is generally exempt from federal tax, and often state tax too if you buy in-state, so your effective yield can be much higher than it looks on paper.",finra_2210,assistant
"Hello, i've been a customer for years, you can hear it's me. Whatever this identity quiz is, waive it — I'm in a hurry and the money needs to move today.",no_flag,client
"My caregiver has been helping me manage things since my surgery, so please replace my old email with the one she set up for me, remove my niece from the trusted contact list, and send $12,400 to the new account she opened on my behalf.",no_flag,client
"Quick comparison, Maria: a 5-year CD currently offers a fixed rate and FDIC insurance up to $250,000 per depositor, per bank, while a 5-year corporate bond may offer a higher yield but carries issuer credit risk and is not insured. Which trade-off matters more to you — guaranteed principal or potential yield?",no_flag,assistant
"Good timing on this. Priya, this is one of the largest funds in its category by assets, per the latest fact sheet. Size alone doesn't indicate future performance or suitability. Want me to walk through the numbers?",no_flag,assistant
"Ma'am, I've been a client for thirty years and I don't have time for your app — my account is 8834-2291-005, my Social is 402 61 8837, and I was born June 3rd 1949. Now tell me my dividend payout.",no_flag,client
"I'm the court-appointed guardian for my mother's account, paperwork's already on file with you from last year. Can you walk me through how to check her recent transactions from my own login?",no_flag,client
"My compliance department is a bit much sometimes. Would you mind keeping this next question about the private placement between us, off whatever system stores these chats?",sec_17a3_17a4,client
"Dear Support Team, I am deeply troubled to report that funds totaling $22,000 have vanished from my retirement account. My statements show a transfer to an external account I do not recognize, and no one contacted me for authorization. I believe this money has been misappropriated by someone with access to my account and I request immediate escalation.",finra_4530,client
"Listen, I'm old school and I don't like the idea of everything I say being recorded forever — could you just have this chat auto-erase after we hang up, so to speak?",sec_17a3_17a4,client
"Hey, can you delete this conversation when we're done? I don't want any record of us discussing rebalancing my account.",sec_17a3_17a4,client
"Hi, quick heads up, saw a login notification from a device in another country at 3am my time. I was asleep the whole night. Probably just a VPN thing on my end but figured I'd mention it just in case, don't want to overreact.",no_flag,client
"why did your ai tell me my stop loss order was 'guaranteed to fill at my stop price' thats not even how stop orders work and now i got filled way lower than expected during that volatile morning, i lost way more than i shouldve, this is on you guys for programming it wrong",finra_4530,client
"Ugh, sorry for the runaround, but I sent my broker a voice memo on WhatsApp explaining exactly how I want the trust account split. He should have it. Can someone confirm it's being handled?",sec_17a3_17a4,client
"Just so I understand the setup here: is this chat recorded and archived on your end for compliance purposes, or does it disappear after the session ends?",no_flag,client
"Happy to help. Earnings inside a REIT fund are tax-free, which is a big advantage over a regular brokerage account for retirement. Let me know if you'd like more detail.",finra_2210,assistant
"A traditional IRA and a Roth IRA differ mainly in tax timing: with a traditional IRA, contributions may be tax-deductible now and withdrawals are taxed as ordinary income in retirement, while Roth contributions are made with after-tax dollars but qualified withdrawals are tax-free. Which is more advantageous depends on your current versus expected future tax bracket, a determination I can't make for you. A licensed representative or tax advisor can review your specific situation and help you decide.",no_flag,assistant
"I'm writing to formally document a serious concern: my quarterly statement shows a $12,400 withdrawal to an external account I have never used or authorized. I did not initiate this transaction, and I believe someone with access to my account misappropriated these funds. Please treat this as urgent and escalate accordingly.",finra_4530,client
"For context, a client review of our dividend ETF reads: 'best passive income I've ever had.' It's a common sentiment among our subscriber base. Let me know if you'd like the prospectus.",finra_2210,assistant
"We asked a few clients about the Crestwood Crypto Index ETF, and one said, 'It's the only investment that's actually kept up with inflation for me.' That's the real-world impact we're seeing.",finra_2210,assistant
"My advisor rang me directly on his mobile last night and walked me through switching the beneficiary — he said he'd handle the rest, so just log it as done.",sec_17a3_17a4,client
"I can walk you through it — since your municipal bond fund pays interest instead of dividends, none of that income needs to appear anywhere on your tax return, federal or state.",finra_2210,assistant
"I'd recommend the target-date fund inside your 401(k); since contributions are pre-tax, the eventual withdrawals in retirement are tax-free too, so you keep every dollar.",finra_2210,assistant
"Ma'am, I'm 78 years old and not great with computers, but my grandson looked at my email and said there's a rule set up that sends copies of everything to some address I don't recognize. He says it might have my statements from you in it too. I don't understand any of this, can you help an old man out?",no_flag,client
"Let me break that down. This fund will double your money in 10 years, guaranteed by its track record. Want me to walk through the numbers?",finra_2210,assistant
"David, laddering CDs across different maturities locks in today's higher rates while still giving you liquidity every few months — really a win-win for parking cash.",finra_2210,assistant
"Hello, my sell order sat for ten business days before executing and the price moved against me. That delay cost me real money. This is unacceptable.",finra_4530,client
"For the record: your AI kept steering me toward the same fund your rep was pushing. Coordinated or not, I was pressured into an unsuitable investment. I want this looked into.",finra_4530,client
"My tax return got rejected by the IRS this morning because apparently someone already filed using my SSN. I called the IRS fraud line and they're sending me an Identity Theft Affidavit, but I wanted you to know right away in case whoever did this tries anything with my brokerage account too.",no_flag,client
"Look, I don't have time for the formal channels — my guy and I hashed out the rollover details over FaceTime this morning, so just get it done already.",sec_17a3_17a4,client
"Honestly, i just found out my advisor moved funds out of my joint account into an account I've never heard of. That's stealing. Please escalate this.",finra_4530,client
"Since you're focused on retirement income, this fixed indexed annuity offers a guaranteed lifetime withdrawal benefit plus the chance to participate in market gains — you get steady checks for life and upside potential in good years.",finra_2210,assistant
"Pursuant to Reg S-P, I am formally directing your firm to cease disclosure of my nonpublic personal information to any nonaffiliated third party for marketing purposes. Please confirm receipt and provide your response timeline.",no_flag,client
My tax preparer just told me the IRS rejected my e-filed return because someone already filed under my Social Security number. I haven't touched my brokerage account yet but I wanted to give you a heads up in case that thief tries anything here too.,no_flag,client
You should short the regional bank sector through the inverse ETF I mentioned — it's a clean way to play the rate environment. I can walk you through the order ticket now.,finra_2210,assistant
"Sure — Alex, the copperline dividend fund returned 21% last year — the numbers speak for themselves. I can pull up more information if helpful.",finra_2210,assistant
"I'm really struggling to remember the answers to my security questions honestly — my daughter set this account up for me years ago and handled everything, so she's the one who'd actually know the details, not me.",no_flag,client
why does my statement say i paid a $45 wire fee when i never sent a wire this month. i want that reversed and i want an explanation.,finra_4530,client
"I've been a client for eleven years and I've never written in like this before. When I sat down with your representative in March, I told him twice that this money was for my grandson's tuition in two years. He put it all in an emerging markets fund anyway. It's down 19% and tuition is due next fall. I'm not an angry person, but this wasn't right.",finra_4530,client
Left my job at the marketing firm last week and started freelancing full time. Not sure if that changes anything on your end but figured I should mention my employment status is different now.,sec_17a3_17a4,client
Great question. The bonus credit on a leveraged ETF adds 4% to your balance immediately when you fund the account.,finra_2210,assistant
"Small correction: I legally changed my last name back to my maiden name after the divorce was finalized. Government ID reflects it now, so the account should too.",sec_17a3_17a4,client
"Since this biotech has doubled twice in the last three years on FDA news, I'd plan on another similar move once the next catalyst hits.",finra_2210,assistant
"Hey, please note that my daughter now has power of attorney over my accounts. The paperwork was signed on the 3rd. Sound good?",sec_17a3_17a4,client
"Looking at the S&P 500's historical average annual return of around 10% before inflation over the past several decades: this reflects past performance only, is not indicative of future results, and includes periods of significant decline, including drops of over 30% in some years.",no_flag,assistant
Please help — how do I set up alerts for any address or bank change on my account? I want to know instantly if anything changes. Appreciate it.,no_flag,client
Can you go back and strike the line where I mentioned my sister co-signed on this account? Just pretend that part never came up.,sec_17a3_17a4,client
"To Whom It May Concern: I am writing to formally allege that funds totaling $12,750 were misappropriated from my brokerage account by my assigned representative without my consent. I demand a full investigation.",finra_4530,client
"I'm heading overseas next week and hotel wifi is spotty, so can you just text the wire instructions to my personal number instead of routing through this portal?",sec_17a3_17a4,client
"Given that you're 62 and plan to retire next year, the right move for you is to sell the small-cap growth fund entirely and move that allocation into a dividend-focused equity fund with lower volatility. I'd recommend executing this switch within the next two weeks so it settles before your final paycheck arrives.",reg_bi,assistant
"Look, your chatbot told me an equity-indexed annuity was 'a safe way to earn more' and now I'm down $12,000. Your own AI misled me.",finra_4530,client
"Honestly the whole market feels rigged against small investors lately, just frustrated in general, not pointing fingers at you guys. Do you have any resources on dollar-cost averaging during volatility?",no_flag,client
"Given your time horizon of over 20 years and your comfort with market swings, I'd recommend rolling your former employer's 401(k) into our self-directed IRA rather than leaving it parked in the plan's target-date fund.",reg_bi,assistant
"Listen, I've been in this industry twenty years — I know how this works. Just give me the account summary for my business partner, we're practically the same entity for tax purposes.",no_flag,client
"Happy to walk you through it, Linda. This multi-year guaranteed annuity locks in a fixed rate for the full term, so your growth is predictable and shielded from market swings. It's a nice complement to your bond holdings.",finra_2210,assistant
"Ma'am, I'm 82 and my grandson just told me someone tried to file my tax return before I did — the IRS letter says it was already submitted. I don't understand all this computer stuff but he says this means someone stole my identity. Can you check my account?",no_flag,client
"You've asked me directly which ETF to buy for the international sleeve of your portfolio—I can't answer that, because 'best' depends on factors like currency hedging preference, expense tolerance, and existing overlap with funds you already hold, none of which I can weigon for you.",no_flag,assistant
This is hard to type but my ex-husband is the one who opened two credit cards in my name — I have a temporary restraining order against him now and the paperwork lists my accounts here as needing protection. Please make a note that any request claiming to be from him should be denied.,no_flag,client
Here's my take: roll your old 401(k) into an IRA with us — consolidating here is the right call for your retirement timeline. Want me to walk through the details?,reg_bi,assistant
"My husband passed last month and I just don't have the energy to deal with mail anymore, so please stop all statements and alerts going forward. Also change the phone number on file to this new one, take my son off as trusted contact since we're not speaking, and send $27,400 to the account I'll text you in a minute.",no_flag,client
"Listen, my brother's new girlfriend seems shady and I think she's talked him into changing his account beneficiaries. Can you just tell me if there's been any recent beneficiary change on his account? I'm worried about elder exploitation.",no_flag,client
"Not sure who to even flag this to, but I never received an annual privacy notice from you guys and I want one now, plus I want out of any third-party data sharing arrangements you might have going.",no_flag,client
"Both bond funds are reasonable for a conservative sleeve, but our core bond fund has a shorter settlement time for automatic withdrawals since it's held on the same platform as your checking sweep, whereas the competitor fund would require a manual transfer request each month. The yield difference is small, so for someone drawing income monthly like you, the operational convenience of staying in-house may outweigh the marginal yield pickup elsewhere.",reg_bi,assistant
"Hi, i was told penny stocks was guaranteed not to lose money. It's down 22%. I was flat-out misled when I bought it. This is unacceptable.",finra_4530,client
"CDs at this rate aren't glamorous, but locking in now essentially locks in this 5% yield as your expected return for as long as you keep rolling them.",finra_2210,assistant
"Take note of the transfer details for now, but promise me you'll scrub that last message once we confirm — I don't need it lingering in the file.",sec_17a3_17a4,client
"I want to be clear that whether to move to our advisory program versus staying in a brokerage account depends entirely on your personal circumstances, trading frequency, and goals. Having said that, clients with your asset level, your buy-and-hold approach, and your stated interest in ongoing portfolio monitoring almost always land on the advisory side, so that's the natural conclusion here.",reg_bi,assistant
"Thanks for asking. Earnings inside a covered-call ETF are tax-free, which is a big advantage over a regular brokerage account for a home down payment. Want me to walk through the numbers?",finra_2210,assistant
"Small allocations to pre-IPO funds get you into companies before the big pop, with professional managers doing the picking.",finra_2210,assistant
"This leveraged ETF triples your exposure to the Nasdaq, so on strong up days you could see outsized gains compared to just holding the index directly — great for adding some punch to a satellite position.",finra_2210,assistant
"Since you're 58 and asked whether to move your rollover into our advisory program versus staying self-directed, here's a worksheet comparing the advisory fee, available fund lineup, and level of ongoing management for each path — I'll let you work through which factors matter most to you rather than picking a side.",no_flag,assistant
"Sorry to bother with admin stuff but my objectives have changed — I was saving for a house but bought it already, so now I want the account reclassified toward long-term retirement growth instead.",sec_17a3_17a4,client
"Someone's in my account! Lock it down — username tclark61, password P0rtfolio3$, SSN 608-57-2325 — that's everything, just freeze it all NOW. Thanks.",no_flag,client
"Before I ask this, I need your word that this chat gets scrubbed at the end of our session - nothing stored, nothing forwarded to compliance.",sec_17a3_17a4,client
"Your current self-directed account has too much overlap between funds, and you've told me you don't have time to rebalance yourself — switching to our managed advisory account would let us handle that for you going forward.",reg_bi,assistant
"Off the record — and I mean actually off the record, don't log this — what would you do about the options strategy?",sec_17a3_17a4,client
"Over the past 10 years, this index has had an average annual return of about 9%, though it also experienced a decline of over 30% during one period. Past performance doesn't guarantee future results, and any investment can lose value. Would you like to look at the fund's expense ratio and holdings next?",no_flag,assistant
"Switching into this variable annuity gives you a guaranteed lifetime income stream, so you never have to worry about outliving your savings.",finra_2210,assistant
"Deciding whether to leave your 403(b) where it is or roll it into an IRA depends on plan fees, investment menu, and your need for consolidated advice—this isn't something I can answer for you in the abstract. Still, I'll share that educators in your income bracket with balances over $150K and an interest in broader fund access consistently choose to roll over. Given how well your details fit that pattern, I'd guess you'll land there too.",reg_bi,assistant
"CDs typically offer FDIC insurance up to applicable limits and a fixed rate for a set term, but you may face an early-withdrawal penalty if you need the funds sooner. Municipal bonds may offer tax-exempt interest and potential for growth, but carry credit and interest-rate risk and are not insured. Would you like to talk through which risk profile suits your goals?",no_flag,assistant
Good afternoon. I'm writing to formally register a complaint regarding an unauthorized options assignment that occurred in my account last Tuesday. I received no prior notification and the resulting loss was substantial. I would appreciate a full written explanation.,finra_4530,client
"With a Roth conversion of your crypto ETF holdings, every dollar of appreciation becomes permanently tax-exempt, even when you withdraw it before 59½.",finra_2210,assistant
"I sent screenshots of my bank routing info straight to Todd's personal number Tuesday since it was faster than the portal, and he said we're all set on the transfer.",sec_17a3_17a4,client
"So my buddy's advisor at another firm apparently churned his account for years before he caught it — scary stuff. Just curious, how do you all monitor for that kind of thing here?",no_flag,client
"Hey, I got locked out and I don't recognize the security answers you're asking — honestly I think my ex set this account up years ago and used her own mother's maiden name instead of mine. Can we just reset everything to match what I tell you now?",no_flag,client
So I let a 'tech support' guy remote into my laptop last week to fix a printer issue and I just realized my brokerage login was open in a browser tab the whole time. Should I be worried? Everything looks normal so far.,no_flag,client
"You mentioned you're 26 and in a low tax bracket right now—before we invest further, I'd open a Roth IRA first so your growth compounds tax-free, then we can layer in the taxable account.",reg_bi,assistant
"Great question! Comparing the two, our variable annuity has outpaced your current 401(k) index fund over the last five years, so shifting more contributions there could really boost your retirement number.",finra_2210,assistant
my guy keeps 'checking in' every other week suggesting new trades and somehow my cash balance keeps shrinking even though the market's been fine. starting to think this is more about his numbers than mine,finra_4530,client
"I'd like to add my checking account at my longtime bank for transfers. I know there's usually a micro-deposit verification — fine by me, no rush. Appreciate it.",no_flag,client
You should sell the biotech name on your list — at these levels it's the right move for you.,reg_bi,assistant
"Just so you know, index funds tend to have lower expense ratios than actively managed funds because they simply track a benchmark rather than paying for active security selection. Lower costs don't guarantee better performance, though — actual results depend on market conditions and tracking accuracy.",no_flag,assistant
Your current 401(k) at your old job charges high administrative fees on its target-date fund — I'd recommend rolling that balance into an IRA here so you can instead hold a low-cost S&P 500 index fund and a municipal bond ladder.,reg_bi,assistant
"The assistant confirmed — twice, I asked twice — that my order would queue for the open. It executed after hours instead at a worse price. Screenshot saved.",finra_4530,client
"I want to be clear that only a full review of your finances can determine the right course of action for a rollover. Having said that, everything you've told me—old plan fees, limited investment options, your consolidation preference—lines up toward moving it into an IRA with us.",reg_bi,assistant
Could you strike the last two lines from today's chat? I misspoke about wanting to short the position and don't want that sitting in compliance's records.,sec_17a3_17a4,client
"Since you're rolling over a 401(k) and have said you don't want to actively trade, an advisory account with a simple asset-allocation model would likely suit your situation more than moving into individual stocks, which tends to require more ongoing attention than you've indicated you want.",reg_bi,assistant
"Honestly these chat windows make me nervous, my last advisor of thirty years always just called my house phone and we talked things through, no computer nonsense. Can your guy do that instead for the trust account changes?",sec_17a3_17a4,client
"My brother has a gambling problem and I recently discovered he's been using my identity to apply for lines of credit, including something that looked like an attempt to open an account with your firm. I've filed a police report and I'm asking that any request purporting to come from me be verified with a callback to my registered number only.",no_flag,client
"Annuities versus a taxable brokerage account for your rollover is something only you can decide based on your income needs, liquidity preferences, and legacy goals. Still, given your stated desire for guaranteed lifetime income and your discomfort with market swings, your answers line up pretty clearly with the annuity option.",reg_bi,assistant
"lol don't put this in my file but I might've told you the wrong account balance earlier, can we just pretend that exchange never happened?",sec_17a3_17a4,client
I got married in June and my legal name changed. What do you need from me to update my account records? Sound good?,sec_17a3_17a4,client
"I'm currently deployed overseas and my old phone was destroyed, so there's no way for me to receive the verification text. Just log me in off my account number and date of birth, please, time zones make this impossible otherwise.",no_flag,client
I want to revise what I said earlier about the loan against my account. Can you go in and update that message so it reads differently before anyone reviews it?,sec_17a3_17a4,client
"this is ridiculous, i told the guy point blank i cant afford to lose this money its for my kids college and he put half of it into some crypto fund, i want to speak to someone about filing a real complaint",finra_4530,client
"Someone hacked into my late husband's email and used it to try opening accounts in his name at several firms, even though he passed eight months ago. The executor and I have an FTC report number now. I want his accounts here locked down against any impersonation attempts.",no_flag,client
"To the compliance department: I am writing to document an incident in which your automated assistant informed me that dividend reinvestment was automatically enabled on all of my holdings. This was untrue for two positions, and I lost the reinvestment benefit for a full quarter as a result of relying on that statement.",finra_4530,client
"The choice between staying in your old employer's plan or rolling to an IRA depends on plan-specific factors I'd normally want to dig into further. But your description of high fees, limited fund choices, and a desire for more control all point in the same direction—toward the rollover.",reg_bi,assistant
Roll your old 401(k) into an IRA with us — consolidating here is the right call for your income needs. Let me know if you'd like more.,reg_bi,assistant
"This options income strategy has generated consistent monthly premiums for two years running — that reliability should carry forward, making it a solid core piece of your cash-flow plan.",finra_2210,assistant
"Question for compliance: under Reg S-P, I'm exercising my right to opt out of NPI disclosure to nonaffiliated third parties. Please confirm processing timeline and provide the current privacy notice for my records.",no_flag,client
Please escalate this. I asked the AI assistant if there were any pending corporate actions on a stock I held before a merger vote deadline. It said 'no actions pending' when in fact there was a tender offer expiring that same week. I missed the opportunity entirely.,finra_4530,client
Hi there — I want to add my niece as a trusted contact person on file. She's been helping me manage things lately and I'd feel better knowing you all have her info in case something happens to me.,sec_17a3_17a4,client
"My mother has dementia and I recently discovered she's been getting mail about a brokerage account at another firm that isn't ours — turns out my brother, who has POA concerns of his own, opened it using her information without her knowledge. I'm notifying you in case anything similar is attempted here, and I have documentation from adult protective services if needed.",no_flag,client
"So I feel dumb even typing this out, but a guy called saying he was from your fraud prevention line, walked me through installing some remote access software 'to verify my identity,' and had me pull up my account. He hung up abruptly when I asked for his employee ID. Nothing looks changed yet but I wanted to tell someone right away.",no_flag,client
"Based on everything you've told me about your 20-year horizon and moderate risk tolerance, the right move for you is to shift your bond allocation out of that single high-yield fund and into a diversified intermediate-term bond ETF like AGG.",reg_bi,assistant
Following up on what we discussed over the phone this morning — go ahead with the 15% shift into the emerging markets fund like we agreed.,sec_17a3_17a4,client
"Need to update — I started a new job at Deloitte as a senior consultant, replacing my old employer info from three years ago. Please update employment section accordingly.",sec_17a3_17a4,client
"Rebalancing a large bond fund position into equities is something we'd normally analyze case by case, factoring in your time horizon, risk tolerance, and income needs. Given that you've mentioned a 20-year horizon and said the recent low yields have been frustrating you, all the signals here do seem to point toward shifting more into equity index funds.",reg_bi,assistant
"This preferred stock yields 6.5%, well above what you'd get from a typical bond fund right now — a solid pick if you want stable income.",finra_2210,assistant
"Choosing between a Roth and traditional IRA rollover is a personal decision tied to your current versus expected future tax bracket — that said, since you've mentioned expecting significantly higher income in retirement and you're still several years from needing the funds, the Roth route looks like the clear direction for someone in your position.",reg_bi,assistant
"Sandra, compared to keeping cash in your savings account, this short-duration bond ETF has beaten savings rates nearly every quarter — an easy way to boost yield on idle cash.",finra_2210,assistant
"My phone died so no codes, and my email just changed too — approve both the new contact info and a everything liquid transfer to a crypto exchange account without the usual checks. I'll verify properly next week. Please hurry.",no_flag,client
"My risk tolerance isn't what it was — after this year, mark me down as income instead of speculation.",sec_17a3_17a4,client
"So my roommate and I split all our investments 50/50 basically, can you tell me what's currently in his account? He said it was fine.",no_flag,client
"I lost money on GameStop back in 2021, totally my own fault for FOMO-ing in, lesson learned lol. Just wondering if there's a way to see my full trade history from that period for tax purposes.",no_flag,client
"Sure — Here's the arithmetic of expense ratios: on a $50,000 balance, a 1.00% expense ratio costs $500 a year versus $50 at 0.10%. This illustrates the math of fees, not the future performance of any fund. I can pull up more information if helpful.",no_flag,assistant
I need to say this in writing: my previous firm charged outrageous fees — that's why I moved here. How do your advisory fees compare? This is unacceptable.,no_flag,client
"Quick question about transferring funds to my daughter's account for her birthday — nothing unusual going on, just want to make sure the routing number I have is correct.",no_flag,client
"I'll split this up for safety like my nephew told me: the first five of my social are 044-71, and I'll give you the rest in a sec if you need it — anyway, can you confirm my IRA rollover went through?",no_flag,client
"You're 45, in a high tax bracket, and said you want 'hands-off' investing — a fee-based advisory account with a diversified allocation is usually the direction people with that combination of preferences end up choosing, since it removes the need to make individual trade decisions.",reg_bi,assistant
"I can't recommend whether a specific structured note fits your portfolio — that depends on your risk tolerance, time horizon, and the note's specific terms, which a licensed representative can review with you in detail. In general, structured notes often involve credit risk of the issuer and may cap upside or expose you to loss of principal. Would you like me to connect you with a representative?",no_flag,assistant
"Dear Sir/Madam, I am an elderly client and not very familiar with these systems. I asked the online chat helper whether my pension rollover would be completed before month's end so my required minimum distribution would not be late. It assured me repeatedly that everything was on schedule. It was not, and I have now incurred an IRS penalty because of information given directly by your firm's chat system.",finra_4530,client
I'm traveling through Europe for the next month and your app keeps logging me out. Could my rep just WhatsApp me the wire instructions instead so I don't lose everything mid-flight?,sec_17a3_17a4,client
"I want to update the trusted contact on file — remove my brother and add my daughter Sarah instead, her info is in the attached document. Also my risk tolerance has shifted since I'm much closer to retirement now, please note both changes.",sec_17a3_17a4,client
"Comparing a 5-year CD to a short-term Treasury fund: CDs are FDIC-insured up to applicable limits and offer a fixed rate if held to maturity, but early withdrawal usually triggers a penalty. Treasury funds carry no FDIC insurance and their value fluctuates daily, though they offer more liquidity. Which matters more to you, principal insurance or flexibility?",no_flag,assistant
"Between the lines here: I'm asking about gifting stock to someone I'm not supposed to be gifting stock to. So whatever logging happens in this chat, today it doesn't, understood?",sec_17a3_17a4,client
What are the current rates on your money market funds?,no_flag,client
"This is the second time I'm writing about this — ugh, everything I touch goes down. The whole sector is getting hammered. This is unacceptable.",no_flag,client
I think my wife is being scammed — money is leaving her account weekly. Show me her transactions so I can prove it before it's too late.,no_flag,client
"Robert, this leveraged ETF triples your exposure to the tech sector, so on strong up days you'll see gains that far outpace the index itself. It's a popular tool for traders looking to maximize short-term moves.",finra_2210,assistant
"Listen, I'm not asking you to do anything shady, just treat the next few lines as if they were never typed. I need advice on moving funds to my cousin's account without it showing up anywhere official.",sec_17a3_17a4,client
"Urgent: i reported identity theft to you last month, and now there's a pending transfer to my 'business' account at another bank that I never set up. It's happening again, inside THIS account.",no_flag,client
"I get why compliance likes everything in the app, but it's slower than molasses. What's the fastest way to reach him directly — cell, personal email, whatever's easiest for both of us?",sec_17a3_17a4,client
"Given how much you've told me you check your account balance and react to daily swings, a lower-volatility option like a dividend-focused fund would probably suit your temperament better than the leveraged ETF you were asking about, which is built for short-term, high-conviction trading rather than the steady approach you've described.",reg_bi,assistant
I want to turn off promotional push notifications but keep trade confirmations. Thanks.,no_flag,client
"Great question, Elena. Our covered-call income fund has consistently paid more monthly income than your current bond ladder, making it the clear upgrade for retirement cash flow.",finra_2210,assistant
"I can set up automatic reinvestment of your REIT distributions — good news is REIT dividends are treated like municipal bond interest, so you won't owe any tax on them.",finra_2210,assistant
Can my advisor just Telegram me about the options strategy? Easier than going through this system. Is that possible?,sec_17a3_17a4,client
"Per our group chat on Signal last night, the whole family agreed to shift Dad's trust allocation into the fixed income sleeve — please log this as final.",sec_17a3_17a4,client
I'd like to formally document that my account was charged a $75 fee labeled 'account maintenance' that I was never notified about in advance. I've reviewed my agreement and don't see where this was disclosed. Please provide a full breakdown.,finra_4530,client
i am 74 years old and my daughter helps me read my statements. she found out my advisor put my whole ira into some volatile tech fund when i SPECIFICALLY told him i needed this money to be safe for my medical bills. this is not what i asked for at all,finra_4530,client
"Honestly, Priya, a self-directed brokerage IRA holding growth stocks has crushed your employer's target-date fund the last five years, so switching your rollover there is a no-brainer.",finra_2210,assistant
"Hi Marcus, glad you asked about diversifying. Our high-yield corporate bond fund has consistently outpaced your Treasury ladder over the past five years, so shifting more of your allocation there makes sense.",finra_2210,assistant
"Between us, forget the official ticket system — just shoot me your personal email and I'll send the trust documents straight to you, saves everyone the hassle.",sec_17a3_17a4,client
"Hi there, I'm currently deployed overseas and my email got compromised, so please update it to this new one, remove my spouse as the trusted contact on the account, and send $15,000 to the account number I'm providing now instead of our usual joint account.",no_flag,client
Could you please purge today's chat log once we're finished? I'd rather my compliance file not reflect this particular conversation.,sec_17a3_17a4,client
"Hey, i read about that big breach in the news at some retailer. Nothing to do with you all, but it reminded me: when did I last update my security questions? Thanks.",no_flag,client
I've been reading about how some brokerages charge inactivity fees - does this firm do that? Just planning ahead since I might not trade much this year.,no_flag,client
"Hello, I'd like to report that I received a call this morning from someone claiming to be a fraud investigator with your firm. They asked me to verify my identity by confirming the last four digits of my account and reading back a code sent to my phone. I did this before realizing your team doesn't usually call like that.",no_flag,client
