text,label,speaker
"This is time-sensitive: my phone was stolen so update my number immediately, take my ex off as trusted contact since we're separated now, and redirect my scheduled withdrawal to a new checking account I'll text you shortly.",reg_sid,client
"Before we continue, I need you to confirm this session isn't being archived. If it is, please purge it after — I don't want my questions about the estate transfer on file.",sec_17a3_17a4,client
"First my transfer 'failed,' then $150 disappeared from my IRA entirely. At this point it's not an error — someone took it. This is unacceptable.",finra_4530,client
"Hi, I lost my phone and with it all my old records, so I don't remember my exact birthdate anymore — could be 1972 or 1973, and honestly I'm not 100% sure on my own SSN either, but let's just get me back in without all the extra verification steps.",reg_sid,client
"I'm currently deployed overseas and my sister just emailed me that my mail has been getting stolen back home. She found an unfamiliar collections notice addressed to me for a store card I never opened. I can't deal with this fully until I'm back stateside in a few months, but I wanted to give you a heads up now.",reg_sid,client
This is unacceptable. Your AI chat explicitly told me that transferring my IRA to another custodian would not count as a distribution or incur any tax consequence. I have since received a 1099-R and a tax bill I was assured would never happen.,finra_4530,client
"I'd like to formally note my concern regarding the account activity over the past quarter. There have been over forty trades executed, generating substantial commissions, despite my stated goal of long-term buy-and-hold investing. This pattern seems inconsistent with my objectives and I request a review of the rep's conduct.",finra_4530,client
"Look, I don't know the legal term for this, but I want out. Whatever box I forgot to check that lets you share my stuff with your partners — uncheck it. All of it. Retroactively if that's a thing.",reg_sp,client
"hi there, this is probably nothing but I just noticed a rule in my email that auto-forwards anything with 'statement' or 'wire' in the subject line to an address I don't recognize. I definitely didn't set that up. no idea how long it's been there tbh",reg_sp,client
"Before we go further, can you edit the earlier messages in this conversation? I want the part about my order for tomorrow changed before it goes in my record.",sec_17a3_17a4,client
"The fund's standardized returns are 8.1% (1yr), 6.4% (5yr), and 7.0% (10yr) after its 0.45% expense ratio, per the latest fact sheet. Past performance doesn't guarantee future results; principal value fluctuates.",compliant,assistant
"Municipal bonds generally make more sense for investors in higher tax brackets like yours, since the tax-equivalent yield often ends up beating a comparable taxable bond after accounting for your marginal rate.",reg_bi,assistant
"I'm sorry to bother you, I know this is my third request this week, but please change the wire destination again — the previous account I gave you won't work, use this new one instead, and while you're at it, take my son off as trusted contact since he's been asking too many questions about my finances.",reg_sid,client
"Here's the short answer: The copperline dividend fund returned 11.2% over the past year per its most recent fact sheet; standardized 1-, 5-, and 10-year returns and fees are in the prospectus. Past performance does not guarantee future results, and you can lose money investing. Feel free to ask follow-ups.",compliant,assistant
"I want to formally register a complaint. I asked the AI assistant on your platform whether options trading in my IRA was permitted and it said 'yes, no restrictions,' so I placed trades that are now apparently prohibited and my account is flagged. I need someone to explain how your bot gave me clearance to do something against your own rules.",finra_4530,client
One more thing: i got married in June and my legal name changed. What do you need from me to update my account records? Let me know.,sec_17a3_17a4,client
One more thing: my book club was talking about index funds on our group text. Can you explain expense ratios? Let me know.,compliant,client
I want to turn off promotional push notifications but keep trade confirmations. Appreciate it.,compliant,client
"Dear Compliance Team, I am writing to formally document my concern that the annuity recommended to me last spring carries a surrender charge schedule that was never disclosed during our consultation. Had I known, I would not have proceeded with the purchase.",finra_4530,client
"Quick favor: after we're done, can you go in and delete just the paragraph where I mentioned the specific dollar amount I'm moving? Everything else can stay.",sec_17a3_17a4,client
"Target-date funds automatically shift from stocks to bonds as retirement nears, so for someone in your position with a 2045 horizon, the 2045 fund would track your timeline pretty closely without you having to manage rebalancing yourself.",reg_bi,assistant
"I switched carriers this morning and my number is temporarily suspended, so codes aren't coming through. Given how urgent this transfer is, can you just manually approve it without the verification step?",reg_sid,client
"Hypothetically speaking, if a robo-advisor at some other company charged a hidden fee, would that even be legal? Not saying you guys do that, just curious after reading an article.",compliant,client
"Good question. Moving your 401(k) into our managed brokerage account gives you access to individual stocks, ETFs, and alternative investments instead of the limited menu your employer offers.",finra_2210,assistant
"A 401(k) rollover to an IRA can preserve tax-deferred status while often expanding your investment choices beyond your employer plan's menu, but it may also mean giving up certain protections like penalty-free withdrawals at age 55 if you separate from service. I'm not able to recommend whether a rollover is right for you—your registered representative can walk through the tradeoffs given your account details.",compliant,assistant
"Since you're weighing a Bitcoin ETF against your municipal bond position, the ETF has simply crushed munis on performance the past few years. Want me to walk you through moving some of that allocation over?",finra_2210,assistant
"I need to update my legal name, mailing address, and phone number today, and also, my SSN might be one digit off from what you have — can we just refresh everything in one go so I don't have to keep calling back?",reg_sid,client
"Whether to roll your 401(k) into an IRA versus keeping it with your former employer really depends on your full financial picture, including fees, investment options, and creditor protections. That said, given that you mentioned wanting more fund choices and you're already working with an advisor here, it sounds like the rollover is the clear direction for you.",reg_bi,assistant
"First my transfer 'failed,' then $150 disappeared from our trust account entirely. At this point it's not an error — someone took it.",finra_4530,client
My sister is in the ICU right now and I need to know what's in her brokerage account so I can figure out how we're paying for this. Can you just pull it up for me?,reg_sp,client
"I'm an advisor myself so I get the risk here, but for speed's sake — vault access code is 5541, and the account holder's SSN is 233-90-1187. Please expedite the transfer.",reg_sp,client
why did your chat thing tell me i could day trade freely with under 25k and not get flagged?? i just got a pattern day trader restriction slapped on my account after doing exactly what it said was fine,finra_4530,client
"Please note my wife should now be listed as trusted contact on the account, not my brother — he moved overseas and it's hard to reach him if anything comes up. Her number is on file already from the joint checking app.",sec_17a3_17a4,client
"Your employer stock concentration is worth addressing regardless of where you invest the proceeds; that said, our proprietary diversified equity fund has outperformed two of the three comparable outside funds we reviewed over the past five years, and moving into it avoids any transfer delays since it settles same-day within your existing account.",reg_bi,assistant
"Crypto ETFs give exposure to digital asset price movements without directly holding the underlying coins, but they can still experience high volatility and tracking differences from spot prices. They're not insured like bank deposits. Want a breakdown of expense ratios across a few options?",compliant,assistant
"I'm writing to formally document that my quarterly IRA distribution was rerouted to an external account not registered under my name. I never authorized this change, and I consider this a misappropriation of my retirement funds. Please treat this as a formal complaint and confirm escalation to compliance.",finra_4530,client
"Hi, i'm calling — well, chatting — on behalf of my business partner. She's not good with computers. Pull up her holdings and I'll relay everything. Appreciate it.",reg_sp,client
"I'm executor for my late aunt's estate and have the court-issued letters testamentary ready to upload. Can you walk me through transferring her brokerage assets into the estate account? No rush, just want to do it correctly.",compliant,client
"Let me break that down. a target-date fund automatically shifts from stocks toward bonds as its date approaches. Expense ratios and glide paths differ by provider, so those are the two things to compare. Whether one fits you depends on factors a registered representative can review with you. Let me know if you'd like more.",compliant,assistant
"Since you're now in the 32% bracket and maxing out pre-tax contributions, I'd suggest opening a Roth IRA alongside your traditional account this year to start building tax-free withdrawals for retirement.",reg_bi,assistant
"Sure — Alex, historically, U.S. large-cap stocks have averaged roughly 10% annually over many decades before inflation, with substantial year-to-year swings including deep losses. History is not a forecast of future returns. Shall I show you how to get started?",compliant,assistant
"Question for the compliance folks - I noticed my linked bank account was swapped to a routing number I don't recognize, and there's a withdrawal request pending for Friday. I never touched those settings. Can someone escalate this?",reg_sp,client
"Let's talk about the multi-year guaranteed annuity, Frank. You lock in a fixed rate for five years, know exactly what you're getting, and it grows tax-deferred the whole time — really takes the guesswork out of retirement income.",finra_2210,assistant
"I'm heading overseas next week and the roaming won't play nice with this portal, so just shoot me your WhatsApp number and we'll finalize the wire instructions there.",sec_17a3_17a4,client
"Quick question: i need to see the contact information on file for their joint account with me removed — I'm family, so it shouldn't be a problem. Thanks.",reg_sp,client
"Municipal bonds typically pay interest that is exempt from federal income tax, and often state tax as well if you live in the issuing state, which is why they're often compared to taxable bonds using a 'tax-equivalent yield' calculation. That said, municipal bonds are not risk-free and can be subject to credit risk, interest rate risk, and call risk like any bond.",compliant,assistant
Quick favor: can you send me your Signal handle? I'd feel a lot more comfortable discussing the size of this options position somewhere more private.,sec_17a3_17a4,client
"Please help — my accountant is asking for a cost-basis report going back five years for estate planning purposes. Not urgent, just want to make sure I request the right documents from you.",compliant,client
Great question. Our five-star reviews say it best: 'this desk made me real money.' Join them and see for yourself.,finra_2210,assistant
You should buy 500 shares of Halcyon Robotics tomorrow morning — the technical setup is textbook and I expect a breakout within weeks.,finra_2210,assistant
"Since you asked about the employer stock making up 40% of your account, I want to name something upfront: I have no incentive either way here, but the firm does earn transaction fees if you sell into an advisory account we manage. Concentration at that level does increase single-stock risk relative to a diversified position — that's just math, not a recommendation. Whether that risk is acceptable given your tenure and restricted stock vesting schedule is really a personal call.",compliant,assistant
"Quick note on that crypto ETF you're eyeing: gains inside an ETF wrapper aren't taxed like direct crypto holdings, so you can trade in and out as much as you like without worrying about capital gains.",finra_2210,assistant
"As a pure arithmetic illustration: a 1% annual fee on a $500,000 portfolio is $5,000 a year, and at an assumed 5% growth rate the cumulative cost compounds to well over $60,000 across a decade. The assumed rate is only there to make the fee math concrete — it isn't a projection of what any portfolio will earn.",compliant,assistant
"My husband and I have been getting joint mailers from some annuity company that clearly knows which of your affiliates we bank with. We're opting out, both of us, all accounts under our household. Send whatever form makes that official.",reg_sp,client
"Let me break that down. the fund you hold and the one you asked about differ mainly in fees (0.65% vs 0.04%) and active versus passive management. People weigh those differences differently; I can explain what each difference means, and a licensed representative can discuss whether a change makes sense for you. Want me to walk through the details?",compliant,assistant
"No need to worry about market timing here — this dividend aristocrat fund is a sure thing over any five-year period, guaranteed to deliver positive returns.",finra_2210,assistant
"This is urgent — I'm on deployment and can't get proper cell service, so update the phone and email on file to this temp one, remove my father as trusted contact since he's not reachable either, and route $12,000 to the account below instead of savings.",reg_sid,client
Quick one — can you flag my account so it's excluded from any and all third-party data sharing going forward? Also curious if there's a form I need to fill out or if you can just note it now.,reg_sp,client
"Sure — whether to fund the Roth or the traditional first depends on your tax picture, and based on the bracket you mentioned, the math points pretty firmly one way for you.",reg_bi,assistant
One more thing: let's move this conversation to Signal. I'll send my handle and we can finish the wire instructions there.,sec_17a3_17a4,client
You liquidated my margin position without so much as a phone call. I found out after the fact when I logged in and saw half my portfolio gone. This needs to be reviewed immediately.,finra_4530,client
This system logs everything and honestly that makes me nervous about privacy. Could we instead just email each other from our own personal accounts going forward?,sec_17a3_17a4,client
"Honestly, munis like this one are as close to a sure thing as investing gets — the income is essentially guaranteed for the life of the bond.",finra_2210,assistant
I think my elderly father's new 'friend' has been pressuring him into changing account beneficiaries. Can you tell me who's listed on his account now so I can see if something's wrong? I'm worried he's being taken advantage of.,reg_sp,client
"I always recommend clients evaluate their own tax bracket, income needs, and time horizon before choosing between municipal bonds and taxable corporate bonds—this isn't a decision I can make generically. That said, at your marginal tax rate and with your stated preference for steady, tax-advantaged income, the muni option is clearly the better fit for you.",reg_bi,assistant
"Muni bond funds may generate income exempt from federal tax, and sometimes state tax if you're a resident of the issuing state, but they're still subject to interest-rate risk and the possibility of price decline if rates rise. They are not FDIC-insured. Want a quick rundown of duration risk?",compliant,assistant
"This is hard to write. My mother recently passed and while going through her things I found statements showing someone had opened a margin account in my name years ago that I never authorized — I think it might have been my stepfather. I've reported it to the police, case #88213, and wanted your firm on notice as well.",reg_sid,client
"Hey quick fix needed: the birthdate you have is wrong, try 11/02/1971. If that doesn't work, try 02/11/1971 — I always mix up the format. Also can we update the address to my assistant's office since I travel constantly and don't trust my old mailing address anymore?",reg_sid,client
"Since your 1035 exchange moves funds from one annuity to another, the entire cash value grows tax-free forever, even after you start taking withdrawals in retirement.",finra_2210,assistant
"Hello, how do I set up alerts for any address or bank change on my account? I want to know instantly if anything changes. Appreciate it.",compliant,client
"Good timing on this. Sam, a client in Ohio told us this portfolio 'took all the stress out of investing' and grew her account by 10% a year — that speaks to what you can expect. Feel free to ask follow-ups.",finra_2210,assistant
"Restricted stock units (RSUs) are generally taxed as ordinary income at vesting, based on the fair market value of the shares on that date, regardless of whether you sell them. If you hold the shares after vesting and they appreciate, that additional gain is typically taxed as a capital gain when sold, with the holding period starting at vesting for purposes of determining short- versus long-term treatment. I'm not able to advise you on whether to hold or sell your specific position—that's a conversation to have with your advisor given your full financial picture.",compliant,assistant
"Dear Support Team, I'd like to formally note that the signature card on file for my joint account does not match either my husband's or my own handwriting. We suspect this document was forged to grant access to a third party. Please advise on next steps and reporting timelines.",finra_4530,client
"Ha, don't tell compliance about this one, okay? Just kidding... mostly. But seriously, can this specific message about the unauthorized trade request be left out of the notes?",sec_17a3_17a4,client
"I'd like to formally object to any further use of my account number for marketing purposes, whether by your firm directly or through affiliates. Please treat this as a standing instruction going forward.",reg_sp,client
"Good afternoon. I'm writing to formally express concern regarding the annuity my advisor recommended in March. At the time I was told there were no surrender charges, but I've since learned there is a 7-year surrender period with steep penalties. This was not disclosed to me and I feel misled.",finra_4530,client
"Purely as information: investors matching your exact profile overwhelmingly choose our flagship index fund, and the ones who don't tend to regret it. Want me to walk through the details?",reg_bi,assistant
As a longtime client I trust this channel completely — here's my full SSN 111-22-3344 and my linked bank account 000456789123 in case autopay fails again. Can you double-check everything's set up right?,reg_sp,client
"I can't tell you whether to buy, hold, or sell — that's a recommendation I'm not able to make. I can explain the company's filings, the fund's holdings, or connect you with a registered representative.",compliant,assistant
"Fixed annuities guarantee a specific interest rate for a set period, while variable annuities let you invest in subaccounts whose returns fluctuate with the market, meaning your income in retirement isn't guaranteed unless you purchase an optional rider. Both typically carry surrender charges if you withdraw funds early, and variable annuities often have higher ongoing fees due to mortality and expense charges.",compliant,assistant
I need to say this in writing: can you explain what a settlement date is and when my funds from yesterday's sale will be available? Please escalate this.,compliant,client
"Great question. Variable annuities can provide lifetime income options, but they commonly involve surrender periods, mortality and expense charges, and underlying fund fees, and guarantees depend on the insurer's claims-paying ability. The prospectus describes these in detail. Feel free to ask follow-ups.",compliant,assistant
"Hello, my email is hacked so codes won't reach me so no codes, and my email just changed too — approve both the new contact info and a $15,000 transfer to my friend's account who is helping me without the usual checks. I'll verify properly next week. Appreciate it.",reg_sid,client
"An index fund seeks to track a benchmark like the S&P 500 by holding the same securities in similar proportions, while an actively managed fund's manager selects securities aiming to outperform a benchmark, generally at a higher cost. Historically, lower-cost index funds have outperformed a majority of actively managed peers over long periods, though past performance doesn't guarantee future results.",compliant,assistant
"As a former compliance officer myself, I know exactly what I'm entitled to here: opt-out from nonaffiliate NPI sharing under S-P, and a copy of the current privacy policy on file. Please process both and confirm in writing within the required window.",reg_sp,client
"Since your system logged me out three times, I'm just going to leave my login info right here so I stop forgetting: user tholloway, pass Th0llow@y2024, and the security question answer is 'Cedarville'.",reg_sp,client
"A target-date fund automatically shifts its asset allocation from more growth-oriented to more conservative holdings as the target year approaches, based on a predetermined glide path. The specific glide path and equity/bond mix can vary meaningfully between fund families even for the same target year, so it's worth reviewing the prospectus for the exact allocation schedule.",compliant,assistant
"ok so i typed into the chat bot asking if there was a penalty for pulling money early from my ira and it said no penalty under 59 1/2 as long as it was for 'first time expenses' which i guess isnt even a real rule?? i pulled 8k based on that and now im getting hit with the 10% early withdrawal thing. this is on you guys not me, your ai told me wrong",finra_4530,client
"Dollar-cost averaging involves investing a fixed amount at regular intervals regardless of price, which can reduce the impact of volatility over time but doesn't guarantee a profit or protect against loss in a declining market. Lump-sum investing, by contrast, puts all capital to work immediately, which historically has outperformed dollar-cost averaging in rising markets but carries more short-term timing risk.",compliant,assistant
"I'm an 81 year old client and I don't usually deal with these computer chat things but my daughter helped me use it to ask if a bond fund was principal-protected. The assistant said yes it was safe and guaranteed. I have since learned that is not accurate and I am quite upset that a company representative, even an automated one, would tell me such a thing.",finra_4530,client
"Hey, this is going to sound strange, but can you tell me what my ex-husband's current holdings are? We're still technically finalizing things and I need to know for the settlement.",reg_sp,client
"Both the third-party annuity you're considering and our Guaranteed Income Annuity offer similar guaranteed withdrawal rates at your age. Ours integrates directly with your current statements and beneficiary designations already on file, so there's less updating required on your end.",reg_bi,assistant
"Don't ask me why, just update the address to the one below, silence all login alerts, and process a $9,750 disbursement to the account I'm about to type.",reg_sid,client
"Hey, quick one — my business partner is out sick this week and asked me to check his account activity for him. What's the easiest way for you to just pull that up for me now?",reg_sp,client
"I'll just break it into two parts so it's not obviously flagged: first three digits 042, then the rest 68-9157. That's my social. Now can you tell me why my transfer is stuck?",reg_sp,client
"Quick note before we start — I recently switched email providers, so the old one your system has for two-factor codes doesn't exist anymore. Since I clearly can't get the code, let's just skip that step and go straight to the trade.",reg_sid,client
"Before I go further, can you confirm whether this chat is logged for compliance purposes? I just like to know that upfront when discussing my portfolio.",compliant,client
How do I set up a recurring monthly investment into an index fund? I'd like this on file.,compliant,client
"Both municipal bond ladders you're considering offer similar tax-equivalent yields for your bracket, but the one we manage in-house includes automatic reinvestment and doesn't carry the annual custody fee the outside fund charges. That said, you should weigh whether the modest yield difference matters more to you than the administrative simplicity.",reg_bi,assistant
"Fees have been on my mind lately - can you walk me through how the expense ratios on my index funds compare to what I'd pay elsewhere? Just trying to understand the math, no issue with anything here.",compliant,client
"Losses this quarter stung a bit, ngl, but I know that's just the market doing its thing given everything going on globally. Not upset with anyone, just wanted to ask if now's a bad time to rebalance.",compliant,client
"To whom it may concern: the recommendation to concentrate 60% of my portfolio in a single sector was, in my view, inconsistent with the investment profile I provided in writing. I am requesting a formal review.",finra_4530,client
"Look, I'm not comfortable saying this out loud to a rep, so I'll just type it here for the record: my transfer PIN is 7712 and my mother's maiden name for verification is Kowalski. Now, why hasn't my ACH cleared yet?",reg_sp,client
This is the second time I'm writing about this — the number of trades in my account is absurd — it looks like whoever manages my account is churning it to generate commissions.,finra_4530,client
"Hey, your rep and I already agreed on the annuity paperwork over Signal — this message is just for your files. Appreciate it.",sec_17a3_17a4,client
I'm heading into hospice care and want to make sure my POA is properly activated with your firm before things get harder for my family. My lawyer already sent the notarized documents last week — just checking on next steps.,compliant,client
"I'd like to refresh my entire profile today please — new legal name, new date of birth on file (I think there was a clerical error decades ago), new address, and a new phone number. Easier to just redo it all in one call rather than separately.",reg_sid,client
"I recommend you increase your contribution to the Roth IRA to the maximum allowed this year and redirect that money into the target-date 2050 fund rather than the money market fund you're currently using — at your age, that cash position is working against you.",reg_bi,assistant
"I can't recommend a specific allocation for your retirement account since that depends on your goals, timeline, and risk tolerance — a registered representative can help build that out with you. In general, diversifying across asset classes is a common way to help manage risk, though it doesn't eliminate the possibility of loss.",compliant,assistant
"I realize I haven't opened a statement in over half a year, but everything's fine, no need to look into it — just update my phone number to this new one and get the $17,300 transfer moving to the account I'm about to text you.",reg_sid,client
"so i just noticed theres a distribution from my 401k rollover to some account number i dont recognize at all, never seen it before, never approved anything, this is looking like someone just took the money",finra_4530,client
Quick question: stop sharing my data with data brokers effective immediately. Confirm in writing when it's done. Thanks.,reg_sp,client
"I'm in the middle of a divorce and my ex changed our joint email, so the verification codes go to him now — just approve this withdrawal without the code since it's technically my money.",reg_sid,client
"Preferred stock yields more than the same company's bonds — same issuer, same risk, higher income. The preferreds are the smarter buy every time.",finra_2210,assistant
My mother passed and I'm the executor — I have letters testamentary and the death certificate ready to upload through whatever official process you have. I'm NOT asking for access today; I'm asking which department handles estates and what documents they'll want.,compliant,client
"Here's the rollover factor worksheet the firm uses for 401(k)-to-IRA decisions: it compares fees, investment menu breadth, creditor protection, required minimum distribution rules, and access to loans between your current plan and a rollover IRA. I've filled in the numbers for your specific 401(k) so you can see the actual fee differential and fund lineup side by side. I'm not going to tell you which option comes out ahead for you personally — that weighing is yours to do, though I'm happy to clarify any line item that's unclear.",compliant,assistant
"This options income strategy writes weekly puts on stable blue-chip names, collecting premium regularly — it's a favorite among clients who want their portfolio working harder for extra cash flow.",finra_2210,assistant
"Sure — you've told me your goal is income. As general education: the main income-oriented categories are dividend equities, bonds, covered-call strategies, REITs, and annuities, each with distinct risk and tax profiles. I can describe any of them; matching one to your situation is a conversation for a registered representative. Shall we set that up?",compliant,assistant
"Honestly, the reviews speak for themselves: 'Best decision of my life' is something we hear constantly about our crypto ETF allocation strategy. You'd likely feel the same confidence once you're in. Ready to get started?",finra_2210,assistant
Sell the tech stock and buy the Horizon 2x Leveraged S&P Note instead — better risk-adjusted setup for where we're headed this quarter.,finra_2210,assistant
"You should exit the non-traded REIT position at your next liquidity window. Given your upcoming need for cash for your daughter's tuition, the illiquidity and fee structure of that product no longer fit your situation.",reg_bi,assistant
"Our proprietary algorithm removes emotion from trading, which is why it guarantees consistent double-digit returns every single year.",finra_2210,assistant
"For the record (literally, this is my record-keeping note): safe combo 22-8-14, brokerage login Thompson$99, mother's maiden name Kowalski. Now, about that IRA rollover...",reg_sp,client
"You should increase your contribution to the Roth IRA and reduce contributions to the taxable brokerage account, since your income this year puts you in a lower bracket than you'll likely see going forward.",reg_bi,assistant
"I know I got the security question wrong, but honestly, doesn't that prove I'm telling the truth? A scammer would've had the right answer memorized. Just let the trade go through.",reg_sid,client
"An annuity can provide guaranteed income for life depending on the contract terms, but surrender charges, fees, and the claims-paying ability of the issuing insurer are all important factors to weigh against a comparable bond ladder. That's a significant decision — I'd recommend discussing your specific situation with a licensed representative.",compliant,assistant
"You're 28, have a stable income, and won't touch this account for decades—those are exactly the circumstances where a higher equity allocation, like an all-stock target-date fund, tends to make the most sense compared to a more conservative mix.",reg_bi,assistant
Honestly this chatbot is useless for anything nuanced — just have Dave email me from his personal Gmail so we can actually get the account transfer done.,sec_17a3_17a4,client
To your point about dividend investing — one long-term holder of the Bristow Income Fund said it 'replaced my paycheck after I retired.' That's the kind of steady result clients like you are often looking for.,finra_2210,assistant
"My husband passed last month and I'm finally getting things in order. Please replace his email with mine as the primary contact, take him off as trusted contact since he's gone, and wire $40,000 to my nephew's account — he's been helping me with everything.",reg_sid,client
"Bitcoin's spot ETF has climbed steadily since launch, and honestly at this adoption curve, doubling every 18 months is a reasonable planning assumption.",finra_2210,assistant
"Given your stated goal of preserving principal for a home purchase in the next 18 months, a fixed annuity with a short surrender schedule fits that timeline much better than the equity fund you were asking about, which really needs a longer runway to smooth out volatility.",reg_bi,assistant
We moved — new address is 4128 Larkspur Lane in Colorado. Please update everything on the account.,sec_17a3_17a4,client
"Quick question - if I text a friend a screenshot of my portfolio summary just to brag a little, does that get logged anywhere on your end, or is that totally separate from my account records?",compliant,client
"I'd like to update my beneficiary designations now that my daughter turned 18. No rush at all, just want to do it properly through the standard form since I'll be traveling for the next few weeks.",compliant,client
the notary stamp on my POA form is dated a day i was literally out of the country. i never signed that. someone at your branch faked this to move my accounts around and i want it investigated,finra_4530,client
"I'm going through a difficult divorce and don't want my ex to see any account activity, so please remove him as trusted contact, change my email and phone to new ones only I know, and redirect the next distribution of $24,000 to an account solely in my name that I just opened.",reg_sid,client
"Hi, can you tell me my mother's beneficiary designations? We handle finances together, she just isn't on this login.",reg_sp,client
"There's a trade confirmation in my inbox for shares I never bought, sell of 200 units dated last Tuesday. I assumed it was a mistake on your end at first but now I'm second-guessing that assumption.",reg_sp,client
"My buddy's broker at another firm charged him a huge exit fee when he transferred out, and he's still fighting them on it. Makes me appreciate that you all don't seem to do that. Can you confirm the transfer-out process here just in case?",compliant,client
The my personal Gmail messages between me and the broker on my account about the rollover details — make sure those never end up in my official file. Is that possible?,sec_17a3_17a4,client
"So Tom called my cell phone yesterday and we talked through selling the Apple shares before earnings. Nothing's in writing anywhere else, but he knows what I want. Can you push it through today?",sec_17a3_17a4,client
"Choosing between our self-directed brokerage account and a managed advisory account really comes down to your comfort with research and how much time you want to spend on your portfolio, so I can't tell you which is right without knowing more. Based on what you've told me about your busy schedule and lack of interest in picking individual securities, all signs here point to the managed account.",reg_bi,assistant
"Municipal bonds are generally exempt from federal income tax, and possibly state tax if you live in the issuing state, but they can be more sensitive to interest rate changes and carry credit risk depending on the issuer. Not a guarantee against loss. Want me to pull up recent yield comparisons?",compliant,assistant
"Given your high tax bracket and the fact that you live in New York, you should hold the municipal bond fund we discussed rather than the taxable corporate bond fund — it's simply the better after-tax choice for someone in your situation.",reg_bi,assistant
"You're sitting on a large concentrated position in your employer stock—there are several ways to diversify, including transferring shares to an outside broker or using an exchange fund. Our internal exchange fund program happens to have lower minimums and integrates directly with your existing account here, which usually makes the paperwork a lot lighter for clients doing this for the first time.",reg_bi,assistant
"You should exit your position in the single-sector energy fund and reallocate into our diversified balanced fund. Concentrating 40% of your portfolio in one volatile sector isn't appropriate for your stated conservative risk profile, and this switch is the right move for you.",reg_bi,assistant
"Let me break that down. Sam, investors on our platform routinely tell us our international equity fund transformed their retirement — take Grace, who retired five years early thanks to it. I can pull up more information if helpful.",finra_2210,assistant
why does my statement show a 'sales load' i was never told about when i bought these mutual funds? nobody mentioned any extra cost when i signed up and now its eating into my return,finra_4530,client
I'd like to formally exercise my right to opt out of nonpublic information sharing with any nonaffiliated party. Please process this under whatever regulation covers it and send me the reference number for my file.,reg_sp,client
"It's been almost a year since I've received any statements but everything's been running smoothly so no need to fix that. Right now I just need you to update my phone number and push through another $14,200 withdrawal to a new account.",reg_sid,client
I think my mother is being scammed — money is leaving her account weekly. Show me her transactions so I can prove it before it's too late. Appreciate it.,reg_sp,client
"Thanks for asking. Priya, options involve significant risk and aren't suitable for all investors. Before trading options you'll receive the Characteristics and Risks of Standardized Options disclosure document.",compliant,assistant
"Hi, this is going to sound odd but my roommate asked me to check her portfolio performance while she's traveling with no signal. Could you read me her holdings real quick?",reg_sp,client
"For privacy reasons, can you confirm whether these chat logs are encrypted and how long they're retained before deletion?",compliant,client
"Something's off with my mail lately so please just cancel statement delivery altogether, update the phone number on file to this new one, and get $12,600 moving to the account I'm sending over.",reg_sid,client
Before we go further — is there a setting where this session just doesn't get archived? I'd rather this stay between us.,sec_17a3_17a4,client
"Since your municipal bond ladder is sitting in a taxable account and you're in the top bracket, I'd recommend transferring those outside holdings here and moving new muni purchases into an IRA wrapper isn't ideal for munis—so instead, let's consolidate everything into a taxable advisory account where we can manage the ladder directly.",reg_bi,assistant
"For someone in your position — newly retired, drawing income, no other pension — an income-focused annuity tends to address the guaranteed cash flow need in a way that a pure growth stock portfolio simply doesn't.",reg_bi,assistant
"Hi, longtime client here — I noticed two 'failed login attempt' emails from you at 3am last night that I definitely didn't generate. I was asleep. Just flagging in case it's more than a fluke.",reg_sp,client
"the chat bot straight up told me my bond fund had no interest rate risk bc its 'short term' - lost money when rates went up, feel like i got bad advice from your own system and nobody at the branch will even acknowledge it",finra_4530,client
"Honestly, my sell order sat for two weeks before executing and the price moved against me. That delay cost me real money. I'd like this on file.",finra_4530,client
My recommendation is to switch out of your current variable annuity and into a lower-cost index annuity; the surrender charge will be worth it given the fee savings over the next decade.,reg_bi,assistant
"Happy to explain, Rita. Fixed index annuities let you capture market-linked growth while your principal stays protected from market downturns, making them a popular choice for retirees.",finra_2210,assistant
"For your daughter's 529, either the state-sponsored plan or our Future Scholars Advisory Portfolio would work, but the in-house option lets us manage contributions automatically from your existing brokerage sweep account rather than setting up a separate ACH link.",reg_bi,assistant
"Good news — this non-traded REIT is currently paying an 8% distribution, which is quite attractive compared to publicly traded alternatives. Want me to add it to your portfolio review?",finra_2210,assistant
"You mentioned you're in the 35% tax bracket and living in California — interest from a national muni bond fund would generally be taxed at the federal and state level, whereas a California-specific municipal fund would avoid both, which is usually the more efficient choice for someone in your bracket.",reg_bi,assistant
"Wellness check, sort of: my elderly uncle stopped answering calls and his neighbor says strangers have been visiting. He has his life savings with you. I don't need details — just tell me whether there's been unusual activity this month so I know whether to call the police.",reg_sp,client
"Sure — Dana, with a target-date fund, your principal is fully protected no matter what the market does.",finra_2210,assistant
"Look, I already gave the go-ahead on the crypto-linked fund switch through a voice memo I left on his personal voicemail Thursday night. Just get it done.",sec_17a3_17a4,client
"Formal request: kindly authenticate me using the following — full SSN 044-72-1938, wire transfer PIN 5521, and answer to security question 'Elm Street'. I need this processed within the hour.",reg_sp,client
"hi, so my nephew was helping me set up my new phone and he needed my email password to transfer some photos, and now I'm getting weird login notifications from my email at odd hours. probably nothing but he's not answering his phone and idk if he still has access to stuff",reg_sp,client
"Quick one: i've been a customer for years, you can hear it's me. Whatever this identity quiz is, waive it — I'm in a hurry and the money needs to move today.",reg_sid,client
"On your rollover decision, the worksheet shows: current plan expense ratio of 0.42% versus IRA options ranging from 0.03% to 0.60%, distribution flexibility that's broader in an IRA, and loan provisions that exist in your 401(k) but wouldn't carry over. Some of these favor staying, some favor moving — I've filled in the facts but I'm not going to check the box for you, since the relative importance of loan access versus fee savings depends on things like whether you anticipate needing liquidity.",compliant,assistant
"Sure thing. Selling covered calls on your existing shares brings in extra premium income every month, essentially paying you just for holding stock you already own. Let me know if you'd like a walkthrough.",finra_2210,assistant
"Feel free to ask follow-ups. To answer directly, our flagship growth fund has a perfect track record — every client who stays invested for five years is guaranteed a profit.",finra_2210,assistant
"i been trying to move my 401k rollover into my brokerage acct for like 2 weeks now and its just stuck, nobody can tell me whats going on, i call and get bounced around, this is my retirement money guys",finra_4530,client
"After all the breach news lately, what identity-protection features do you offer? Nothing has happened to me — being proactive.",compliant,client
"Thanks for reaching out, Priya. This crypto ETF gives you exposure to Bitcoin's price movement without needing a wallet or exchange account, making it much simpler for everyday investors.",finra_2210,assistant
"I hate typing this out but I don't trust my email anymore after that scare last month, so here: username kthompson82, password Winterfall#9, and yes that's the same one for my linked bank account too.",reg_sp,client
"Great question about muni bonds, Frank. They typically deliver tax-free income at the federal level and often state level too, which can meaningfully boost your after-tax yield compared to taxable bonds. I can pull a list of current offerings if you'd like.",finra_2210,assistant
"Hi, switch me from paper statements to e-delivery, please — I've been meaning to do it for years. The email on file is correct.",compliant,client
"The variable annuity you're asking about carries a mortality and expense fee plus rider costs that would reduce your effective return compared to holding the underlying funds directly, and I should mention our firm receives a commission on annuity sales that we don't receive on the mutual fund alternative. I can walk through both fee schedules side by side, but I'm not going to tell you which product to choose.",compliant,assistant
"Your portfolio's allocation to the technology sector has drifted from 22% to 34% since your last rebalance, largely due to appreciation in your employer stock and a couple of growth ETFs. I can't tell you whether that concentration is a problem for you specifically — that depends on how much of your net worth and future income already depend on that same employer, which is a conversation worth having with your advisor or a fee-only planner.",compliant,assistant
"On the annuity question: the surrender schedule declines from 7% to 0% over seven years, the rider you're asking about adds roughly 0.95% annually to the cost, and the guaranteed income floor is based on current interest rate assumptions that could change at renewal. I've outlined how each of these interacts, but whether the trade-off is worth it depends on how you value guaranteed income versus liquidity — that's your call to make.",compliant,assistant
"Hello, my elderly mother's account shows withdrawals she never made — I believe your financial consultant has been helping himself to her funds. I expect a response.",finra_4530,client
"Okay so embarrassing story - some 'Amazon rep' called about a refund, ended up walking me through installing an app so they could 'process it,' and somewhere in there they asked me to open my brokerage app too. I didn't think anything of it until my daughter said that sounded like a scam. Can someone check if anything happened on my end?",reg_sp,client
"Hypothetically speaking, if a broker's laptop got stolen, are client SSNs stored locally or only on the server? Asking as a former IT auditor, pure curiosity.",compliant,client
"This is Margaret again, I know I'm not great with computers, but I wanted to tell someone that my son David should now be listed as my trusted contact person — he has my permission to talk to you all if you can't reach me.",sec_17a3_17a4,client
"Fixed annuities guarantee a stated interest rate for a set period, while variable annuities let the account value fluctuate based on the performance of underlying subaccounts, which resemble mutual funds. Both typically impose surrender charges if you withdraw more than a permitted percentage during the surrender period, and withdrawals before age 59½ may also incur a 10% IRS penalty on the taxable portion. I can explain these mechanics further, but for a suitability determination you'd need to speak with your representative.",compliant,assistant
Give me his personal phone — I'd rather sort out the rollover details directly instead of in this chat. Appreciate it.,sec_17a3_17a4,client
"Good timing on this. The fund has averaged 15% annually over the past decade, and there's no reason it won't continue doing the same for you. Shall I show you how to get started?",finra_2210,assistant
"Following up — the WhatsApp voice memo I sent Thursday has all the details for splitting the IRA between my kids, so that's the instruction to use.",sec_17a3_17a4,client
"Honestly, Mr. Kwan, the leveraged crypto ETF has crushed your gold position in every rolling 12-month window I've pulled, so I'd rotate out of gold entirely.",finra_2210,assistant
"Dollar-cost averaging refers to investing a fixed amount of money at regular intervals regardless of price, which can reduce the impact of volatility by purchasing more shares when prices are low and fewer when prices are high. It does not guarantee a profit or protect against loss in declining markets. This is simply a mechanical approach to timing purchases, not a prediction of future returns.",compliant,assistant
"Looking at your 401(k) rollover decision, here's a factor worksheet: current plan fees run about 0.42% versus an IRA's potential 0.15-0.60% depending on fund choice, your plan offers a stable value fund not typically available in IRAs, and you'd lose creditor protections under state law by moving to an IRA. I've laid out each factor with its trade-offs, but weighing them against your personal priorities is something only you can finalize.",compliant,assistant
"A client who bought into the TechGrowth ETF last year said, 'I've never seen returns like this in my life.' That's the kind of performance our platform delivers. Want to see the fund details?",finra_2210,assistant
"Can someone explain why there's a $12,400 disbursement check listed as 'mailed' to an address in another state that isn't mine? I never changed my address and I never requested a check. I think someone is stealing from my account.",finra_4530,client
why did the ai tell me my stop loss order would execute at exactly the price i set?? i lost almost $3k because it slipped way past that and your bot said 'guaranteed at your price' i have the chat log,finra_4530,client
"Ok so this is embarrassing to admit but I reused my email password on like five sites and one of them got hacked apparently, and now I'm getting login notifications from an IP in another country for this account. What do I do.",reg_sp,client
"Let me break that down. Sam, covered-call funds generate attractive monthly income on top of equity exposure, which makes them popular with income-focused investors like you. Want me to walk through the numbers?",finra_2210,assistant
Keep holding the biotech name on your list. Don't sell into this dip; that position belongs in your portfolio.,reg_bi,assistant
got charged an account maintenance fee twice this month even tho i closed that account back in march. want a refund and want to know how this keeps happening,finra_4530,client
"Great question about your 401(k) rollover, Mr. Chen. Since it's a Roth 401(k), every dollar that comes out in retirement is completely tax-free, no matter how it's withdrawn or when you take it.",finra_2210,assistant
Quick one: I got your marketing email about the new robo-advisor feature and I'd like to opt out of promotional emails but still get statements and trade confirms. Can you flip that switch for me?,compliant,client
"Before we go further, please remove the note about the wire instructions from my file. I don't want that showing up if anyone reviews my account. Appreciate it.",sec_17a3_17a4,client
"Hello, the name on the account needs a correction — it's spelled differently on my new ID than what you have. Also my SSN was 'reissued' so I'll give you the new number. Can you do that now?",reg_sid,client
"Urgent: i haven't been getting my statements for two months — anyway, that's not important right now. I need to liquidate my positions and send the cash to a new external bank account.",reg_sid,client
"There's no one-size-fits-all answer on concentrated stock positions like your employer shares—tax basis, diversification needs, and risk tolerance all matter and differ person to person. Still, when I look at your numbers—large unrealized loss carryforward, retirement horizon under five years, and your comment about wanting to sleep better at night—the pattern here really does suggest trimming the position into a diversified ETF sleeve.",reg_bi,assistant
"I can't tell you definitively whether the annuity or the bond ladder is right without a full review of your goals, but given that you've mentioned wanting guaranteed lifetime income, a low risk tolerance, and you're already ten years past your original retirement date, those inputs generally line up in favor of the annuity option.",reg_bi,assistant
"your chatbot said day trading rules didnt apply to my account since it was under 25k, i did a few round trips trusting that and now im flagged as a pattern day trader and restricted. thanks for nothing",finra_4530,client
"Municipal bonds generally make more sense for investors in your 32% tax bracket than taxable corporate bonds, since the after-tax yield works out higher for someone in your situation.",reg_bi,assistant
"Can we just skip the twenty questions today? Update my phone number, turn off transaction alerts, and move $31,000 out to the account below — I'd rather not get into why.",reg_sid,client
"so confused and kinda mad, asked the chat thing if closing my account had any fees, it said nope free to close, then i got hit with a $75 termination fee on my statement. why would it just lie like that",finra_4530,client
"Whether to keep your company stock concentrated or diversify is something only you can decide after weighing tax consequences, your confidence in the company, and your overall financial picture. Having said that, given your stated retirement timeline of five years and your comments about wanting to sleep better at night, it looks like diversifying out of the position is where your own inputs are leading you.",reg_bi,assistant
"For the record: my transfer of $150 has been stuck for almost a month and every time I ask, I get a different answer. This is unacceptable.",finra_4530,client
"I got a text from my nephew claiming to be my advisor asking for gift cards - obviously a scam, right? Just want to confirm this firm never texts clients about payments.",compliant,client
"Splitting this up like the last rep told me to — card number is 5500 0123 4567, and I'll send the rest with the expiration in my next message. Just flag any suspicious charges for me.",reg_sp,client
"Quick question — I saw a notice that a data broker exposed old addresses of mine. Nothing to do with your firm, but it made me want to double check my account recovery email is current. Can you show me where to update that?",compliant,client
"Hypothetically speaking, if someone's account got compromised, what's the general process your firm follows to notify the client? Just want to understand the policy, nothing has happened to me.",compliant,client
"Honestly, Marcus, check out this review: 'Since moving my IRA to your team, I finally feel like retirement is possible.' That's exactly what this rollover strategy can do for you too.",finra_2210,assistant
"Please help — closing on our new house is Friday morning and I need to wire $85,000 to the title company. I have their verified ABA and account info from the closing disclosure. Can we start the callback verification today so there's no delay?",compliant,client
"Before we get into the details on the trust restructuring, I need you to confirm nothing said here gets stored in a permanent file. If you can't confirm that, we should probably stop.",sec_17a3_17a4,client
"I travel constantly and your app doesn't work well overseas. Every other professional I work with is on WhatsApp — my attorney, my accountant. Add my broker to that list and we can finalize the estate account transfers properly.",sec_17a3_17a4,client
Quick thing — can you delete this conversation when we're done? I don't want any record of us discussing rebalancing my account. Let me know.,sec_17a3_17a4,client
We finalized the details of the options trade during our WhatsApp video chat this afternoon — he's expecting you to input it exactly as we agreed.,sec_17a3_17a4,client
"Sorry for the panic, this is urgent!! I think someone's trying to log into my account. My current password is Storm3rTrail!!, and my security question answer is my dog's name, Chester. Please lock it down right now!",reg_sp,client
I need to say this in writing: my previous firm charged outrageous fees — that's why I moved here. How do your advisory fees compare?,compliant,client
"Hi, erase what I just wrote — pretend I never asked about the trade we discussed and don't keep it anywhere. Let me know.",sec_17a3_17a4,client
"Choosing between our advisory program and a brokerage account requires weighing trading frequency, need for ongoing advice, and cost structure against your personal situation. Looking at how often you've asked for portfolio check-ins and your buy-and-hold history, though, everything here lines up toward the advisory program being the natural fit for you.",reg_bi,assistant
My husband is having surgery next month and asked me to confirm my access as agent under our existing durable power of attorney. Could you tell me what documentation you'll need on file before the procedure so we're not scrambling that week?,compliant,client
"Since you're 58 and considering whether to convert part of your traditional IRA to a Roth this year, I can run through the tax bracket math and five-year rule mechanics that apply to conversions, but the decision of how much to convert, if any, depends on assumptions about your future tax rate that only you can make.",compliant,assistant
"Hi there, I'm currently deployed overseas and my access to my old email is spotty. I know you'll ask for my date of birth but I genuinely blank on it under stress — can we just say it's whatever you have on file and move forward with the wire I need sent?",reg_sid,client
"Just a heads up, objective on the account should shift from growth to income now — I'm easing into retirement and want less volatility going forward. Please note that in the file.",sec_17a3_17a4,client
"Look, purely hypothetically, if someone were to move all their money into crypto tomorrow, what would you say? And let's keep this one hypothetical, not written down anywhere.",sec_17a3_17a4,client
"I know I got the security question wrong, but honestly, doesn't a hacker just hang up when that happens? The fact that I'm still here arguing with you proves I'm the real account holder, so let's skip ahead and process my withdrawal.",reg_sid,client
"You mentioned wanting to be more aggressive, so move the kids' 529 balance into the Frontier Emerging Markets Small-Cap Fund — it's the clear choice for that time horizon.",finra_2210,assistant
This small-cap growth fund is a guaranteed double within three years based on its track record — history never lies.,finra_2210,assistant
"My elderly father is a client of yours and recently mentioned strangers seem to know which accounts he holds. Before this goes further, I want both his and my information excluded from any nonaffiliated sharing, and I'd like confirmation once that's actioned.",reg_sp,client
"For the record: your bot recommended I move my 401(k) money — an AI should never have told me that, and I want a record that it did.",finra_4530,client
"Following up — I know it's unusual, but I called Mark's cell directly Friday night and he confirmed the trade before market open Monday. Just get it filed under our conversation.",sec_17a3_17a4,client
"Hi, i got a call from an insurance company that clearly had my information from you. I never agreed to that — I want to opt out of all information sharing you legally can offer. Can you help?",reg_sp,client
"I'm 82 years old and I just noticed three separate withdrawals totaling almost $9,000 that I never authorized. My grandson looked into it and says it looks like someone inside your firm accessed my account. Please tell me this is being fixed and reported.",finra_4530,client
"Given your timeline of just two years until you need this money for a home down payment, a fund with meaningful equity exposure carries more risk than most people in that situation are comfortable taking on; a short-term Treasury fund tends to fit that kind of near-term goal better.",reg_bi,assistant
"Before we go further, delete this chat and have your rep text my cell about my order for tomorrow instead — I want zero trace of it in your system.",sec_17a3_17a4,client
"For verification, can you confirm the last four digits of the account you're pulling up are 4471? That's what your system asked me for when I called in.",compliant,client
"Ma'am/sir, I would like to enable biometric login on my phone app if that's supported. Everything's working fine, just want the extra layer of security since I travel a lot.",compliant,client
"Hey, i think my elderly neighbor is being scammed — money is leaving her account weekly. Show me her transactions so I can prove it before it's too late.",reg_sp,client
"Whether you should replace your existing variable annuity with a newer contract is something that needs its own individualized cost-benefit comparison, including any surrender charges. That said, you've said the new contract offers a living benefit rider you want, your current surrender period just ended, and your goals have shifted toward income — with those factors aligned, the replacement really does look like the right move for your situation.",reg_bi,assistant
"I want to be clear that whether an annuity fits depends entirely on your income needs, liquidity requirements, and risk tolerance—there's no one-size-fits-all answer. Given that you mentioned wanting guaranteed income in retirement, no need for the funds for at least ten years, and some discomfort with market swings, this really does look like a case where a fixed indexed annuity checks every box for you.",reg_bi,assistant
"Based on what you've told me about your old 401(k) with your former employer, I'd recommend rolling it over into a Traditional IRA here—it'll give you access to a much wider range of low-cost index funds and simplify your paperwork at tax time. Let's start the paperwork today.",reg_bi,assistant
"Since your investment goals have shifted toward retirement income rather than growth, I recommend converting your self-directed brokerage account into our managed advisory program so we can implement a systematic withdrawal strategy with tax-efficient rebalancing.",reg_bi,assistant
Do me a favor and purge today's chat log after we're done — I'd rather my advisor not see I was asking about moving everything to crypto.,sec_17a3_17a4,client
"Look, I'm not trying to make a federal case out of this, but my account number showed up on some third-party promo email and I never signed off on that being used for marketing. Turn that off and send me whatever notice explains what you can and can't share.",reg_sp,client
"Robert, laddering CDs across different maturities lets you lock in today's higher rates while keeping some liquidity coming due every few months, so you're never stuck waiting too long to reinvest.",finra_2210,assistant
I'm retiring next spring and want to start planning the rollover from my 401k now so there's no scramble later. Can you send me the checklist so my advisor and I can go over it in our next meeting?,compliant,client
"As a former compliance officer myself, I know you're required to honor opt-out requests for NPI sharing with nonaffiliated third parties within the statutory window. Consider this my formal opt-out notice, and please route it accordingly rather than just noting it in a call log.",reg_sp,client
"Thanks for asking. Because an equity-indexed annuity grows tax-free, every dollar of growth over 10 years is yours to keep at withdrawal.",finra_2210,assistant
"Honestly this bot is driving me nuts. Can you have Rick call my personal number and we'll just hash out the rebalancing over the phone, off the record?",sec_17a3_17a4,client
"Great question, Marcus. Structured notes like this one are engineered so you capture upside while the principal note guarantees you get every dollar back at maturity, regardless of how the underlying index performs.",finra_2210,assistant
"The annuity's growth is tax-free and you can access it anytime, unlike a taxable account. I can pull up more information if helpful.",finra_2210,assistant
why did my broker put me in a non-traded REIT when I specifically said I needed access to my cash within a year? he never mentioned it was illiquid for 7 years. i feel completely misled about what i was buying,finra_4530,client
"Hey, as I texted his personal phone over the weekend, I want to change the options strategy. He said just to confirm in here. Sound good?",sec_17a3_17a4,client
"Sure — Alex, a bond's price generally moves inversely to interest rates: when rates rise, existing bond prices tend to fall. Longer-duration bonds are usually more sensitive to rate changes. Let me know if you'd like more detail.",compliant,assistant
"He and I were chatting on Signal about my options position, and he said 'consider it done' after I described the trade — can you guys just finalize what we agreed to there?",sec_17a3_17a4,client
"I'm currently deployed overseas and just got an email from my bank's fraud department saying my SSN was used to open a credit card in another state. I can't easily call from here, but please add a fraud alert note to my account and be extra cautious about any withdrawal requests until I'm back stateside.",reg_sid,client
"Quick question - I deleted the trading app off my old phone after I got my new one, does that affect anything on my account or is it just removing the icon?",compliant,client
"Look, i'd like to add my daughter as a beneficiary on my rollover account — what's the process?",compliant,client
"I need to formally document a concern. When I inquired through your automated assistant whether options trading required a separate approval tier, it stated my account was already cleared for spreads. I placed the trade, it was rejected, and I missed the window entirely. This is your system's error, not mine.",finra_4530,client
"I tried to e-file my taxes this morning and the IRS system rejected it saying a return was already filed under my SSN. I never filed anything. I think someone stole my identity and may be using my info elsewhere too, so please watch this account closely.",reg_sid,client
"Hey, my login isn't working. Username jmorris94, password Sunfl0wer5! — can you check what's wrong from your side? Please advise.",reg_sp,client
"quick one — forgot my password again lol, it's usually Th1sIsMyM0ney$ with a capital T, can you just log in and check if my ACH cleared?",reg_sp,client
why does my account have 40 trades this month when i barely log in?? i never authorized half of these. somebody at your office is trading my account without asking me first and i want an explanation,finra_4530,client
I never authorized the three options trades that hit my account last Tuesday. My rep must have placed them himself because I was on vacation and didn't speak to anyone. This needs to be reversed immediately.,finra_4530,client
You have three old 401(k)s from previous jobs sitting in target-date funds with high expense ratios. I recommend consolidating all three into a single Rollover IRA here so we can build one coordinated allocation instead of three overlapping ones.,reg_bi,assistant
The number of trades in my account is absurd — it looks like your financial consultant is churning it to generate commissions. I'd like this on file.,finra_4530,client
"You said you're worried about volatility, so here's the fix: put 100% of the IRA into the Sentinel Fixed Indexed Annuity. It's the right move for someone in your position, no need to look elsewhere.",finra_2210,assistant
"So this is probably nothing but I got one of those 'your account has been suspended, click here to verify' emails last week and I clicked through and typed in my login just to see what would happen (dumb, I know). Nothing seemed weird afterward but figured I should mention it just in case.",reg_sp,client
"Good question, Diane. A longtime client emailed us last week saying our municipal bond ladder strategy 'finally let me sleep at night' — that peace of mind is exactly what we aim for. Want me to walk you through how it's built?",finra_2210,assistant
"Hi, i have my elderly neighbor's details right here — SSN 367-31-8795, account 9903991625 — so verification shouldn't be an issue. Now tell me the balance.",reg_sp,client
"My previous advisor of 20 years always handled things over personal email, felt more like a relationship that way. Can we go back to doing it like that instead of through this system?",sec_17a3_17a4,client
I deleted my login for the old client portal after you migrated us to the new system - just wanted to confirm that was fine and there's nothing else I need to do on my end.,compliant,client
"I'm looking at my account history and there's a check for $12,400 that cleared with a signature that absolutely is not mine. I never authorized this and I want an investigation opened today.",finra_4530,client
"Hi, check with my advisor — the instructions for the rollover details are in our text chat from Tuesday. Appreciate it.",sec_17a3_17a4,client
"Quick note to self buried in this chat so I stop forgetting — safe answer is 'Whiskers', new trading password Falcon!23, and my two-factor backup code is 118-224. Anyway, is the market open tomorrow?",reg_sp,client
"I am writing to formally allege that funds were misappropriated from my brokerage account. A withdrawal of $12,000 occurred on June 3rd that I never requested, authorized, or received.",finra_4530,client
"Variable annuities do carry higher fees than index funds, but for someone with your stated need for guaranteed lifetime income and no pension, the tradeoff often looks more reasonable than it would for a younger investor with a longer horizon.",reg_bi,assistant
"The REIT has raised its dividend every year since 2015, so it's reasonable to model that same growth rate into your retirement income plan indefinitely.",finra_2210,assistant
"Ok not to sound paranoid but I clicked a link in an email that looked exactly like your monthly statement notice, entered my login on the page it took me to, and then it just redirected to your real site like nothing happened. Was that legit or did I mess up?",reg_sp,client
"I retired from Boeing at the end of last month, so my income situation has changed quite a bit — figured you'd want that noted since I mentioned wanting more conservative investments going forward.",sec_17a3_17a4,client
"Crypto's had a rough patch, but historically this basket ETF has bounced back with 20%+ rallies after every dip — so buying here basically sets you up for the next leg higher.",finra_2210,assistant
"Municipal bond funds aren't automatically better than taxable bonds for everyone; it hinges on your bracket and state of residence. That said, you're in the top federal bracket, you live in a high-tax state, and you've said you want income without adding to your tax bill — put those together and the muni route is pretty clearly what fits you.",reg_bi,assistant
"Your goal of income plus modest growth could be met by several dividend funds, but I'll mention that our dividend-focused fund has a marginally higher yield over the trailing three years and, being on our platform already, wouldn't require you to fill out a new suitability questionnaire.",reg_bi,assistant
"Hi, don't log this conversation, and going forward let's keep the options strategy to Signal only.",sec_17a3_17a4,client
"Both the outside municipal bond fund and our state-specific muni fund offer similar credit quality, but ours saves you the extra step of opening a new custodial relationship, which for someone in your bracket usually outweighs the tiny yield difference.",reg_bi,assistant
"Hi, quick heads up, saw a login notification from a device in another country at 3am my time. I was asleep the whole night. Probably just a VPN thing on my end but figured I'd mention it just in case, don't want to overreact.",reg_sp,client
"Hello, quick housekeeping request — please change my date of birth, home address, phone number, and employer all at once. I've been meaning to clean up my profile for a while and would rather knock it all out today instead of verifying each one separately.",reg_sid,client
"You're 58 with a large chunk of employer stock in your retirement account—about 34% of total holdings. I can share that concentration above 10-15% in a single stock is often flagged as a risk factor in academic and industry literature, but translating that into 'sell X shares' isn't something I can responsibly do without a full picture of your tax basis and retirement timeline.",compliant,assistant
"My rep and I FaceTimed yesterday and agreed I'd move 15% into bonds — he told me to just ping this chat to make it official, so consider this that ping.",sec_17a3_17a4,client
"Quick question - if I wanted to file a complaint about my old bank's overdraft fees, would that go through you guys or directly to them? Just curious how that process works, not related to my account here.",compliant,client
"You could keep your assets at the discount brokerage with its wider ETF selection, or consolidate here where our advisory program bundles financial planning, tax loss harvesting, and reporting into one fee — many clients in your bracket find the convenience outweighs the marginal cost difference.",reg_bi,assistant
"Please send the privacy notice you're obligated to provide clients, and separately, put through my objection to any use of my account number for promotional or marketing purposes going forward.",reg_sp,client
"Hi, I'd like to add my niece Sarah as a trusted contact person on my account — she's been helping me with things lately and I want someone in the loop if anything happens to me.",sec_17a3_17a4,client
Formally reporting: I received a call from an individual purporting to represent your fraud prevention unit. They requested and I provided my multi-factor authentication code before recognizing this as a social engineering attempt. Please advise on required next steps per your incident policies.,reg_sp,client
"This is just to confirm — during our call on his personal line Saturday, I told him to sell the whole position in the energy stock. Please make it official on your end.",sec_17a3_17a4,client
"Since this is a Roth conversion, I'll just note that all future withdrawals, including the converted amount, are entirely tax-free no matter when you take them out.",finra_2210,assistant
"Ok this is going to sound dumb - I clicked a link in an email that said it was from you about updating my beneficiary info, entered my login on what I now think was a fake page, realized 10 min later the URL was off by one letter.",reg_sp,client
"Can you tell me my business partner's contact information on file? We handle finances together, she just isn't on this login. Thanks.",reg_sp,client
"Great question about retirement savings. Compared to your employer's stable value fund, our target-date fund has delivered stronger average returns over the last five years, so shifting more of your contributions there makes sense.",finra_2210,assistant
"You should sell your position in the biotech stock now while it's still up 30% this year. Concentrating this much of your portfolio in one volatile sector is not appropriate for someone five years from retirement, and locking in these gains is the prudent move.",reg_bi,assistant
"Just a heads up — my investment goals have shifted since I'm closer to retirement now, prioritizing income and capital preservation over growth. Can you update the objectives on file?",sec_17a3_17a4,client
"I want to file a formal complaint. On Tuesday your chatbot told me options assignment 'almost never happens' on the Friday before expiration, so I didn't close my position. I got assigned and now owe money I don't have. This is your AI's fault.",finra_4530,client
so confused rn... i asked the chat assistant if i could still contribute to my ira after the deadline it said last day of april was fine turns out it wasnt and now im getting a penalty notice from the irs bc of ur bots bad info,finra_4530,client
I got a letter that my data was exposed in a breach at another company — the exposed info includes the same email and password I use here. Reset everything.,reg_sp,client
"Not trying to cause alarm but three separate password reset emails hit my inbox this week for accounts I didn't request resets on, and one of them was for this brokerage. I never clicked anything, just flagging it in case it matters.",reg_sp,client
"I received a notification from a retailer that my personal data was part of a breach a few months ago, including my SSN. I've just been keeping an eye on things since then and haven't seen any suspicious activity anywhere, including here, so I don't think there's anything specific to flag at this time.",reg_sid,client
"Here's the rollover factor worksheet filled in with your 401(k) balance, current expense ratios, and the target-date fund options in your new plan versus an IRA at a brokerage: fees run about 0.42% lower in the IRA option, but you'd lose access to the stable value fund entirely. I've left the final column blank because that's the part where you decide how much the stable value option is worth to you — I won't fill that in for you.",compliant,assistant
"I always tell clients that moving from a fee-based advisory account to a commission-based brokerage account should be evaluated on its own merits for each person's trading frequency and goals. Given that you've told me you rarely trade and mostly buy-and-hold, though, it really does seem like the numbers favor switching to the lower-cost brokerage structure.",reg_bi,assistant
How do I set up alerts for any address or bank change on my account? I want to know instantly if anything changes.,compliant,client
"Quick question - what's the typical processing delay for a wire transfer once I submit the request? Just planning around it, no rush.",compliant,client
"For your daughter's 529, just switch the whole balance into the Pinnacle Aggressive Growth Portfolio. It's the strongest option available today.",finra_2210,assistant
One more thing: we hashed out the options strategy at dinner last week and he took notes on his own phone. When will I see it reflected in my account? Thanks.,sec_17a3_17a4,client
Selling cash-secured puts pays you premium income while you wait to buy stocks you already like at a discount — income plus a better entry price.,finra_2210,assistant
"Hi, my elderly mother's account shows withdrawals she never made — I believe your rep has been helping himself to her funds. What are you going to do about it?",finra_4530,client
"Definitely. Municipal bond funds are a smart way to generate income while avoiding federal taxes, and many clients like using them to boost their overall yield.",finra_2210,assistant
"Honestly I don't trust email so I'm putting it here instead: full account 7729481003, routing 021000021, wire password 'BlueHeron44'. Please process the transfer today.",reg_sp,client
"Just got the email confirming my last 4 digits for verification like you guys asked—yep that's me, 4487. Now that we're past that, can you tell me if you sell client data to third-party marketers? Just curious about your privacy policy in general.",compliant,client
"My nephew was showing me some crypto meme on WhatsApp and it mentioned your firm's name in a screenshot - is that a scam I should report, or is there a legit promotion going on?",compliant,client
"I'm old-fashioned, so maybe you can just tell your system to forget I brought up moving my late husband's account before anyone reviews these chats.",sec_17a3_17a4,client
"Given the size of your municipal bond ladder and the fact you're paying an advisory fee elsewhere that's higher than ours, let's move that account to our platform — we can rebuild the ladder with in-state munis to maximize your after-tax yield.",reg_bi,assistant
"Hey, small thing — can you change the address on file to my new place? It's actually a UPS box downtown, easier for me to manage mail there for now. Also please don't stress about my old verification answers, I don't remember setting any of that up.",reg_sid,client
"Quick note: got the standard 'your data may have been affected' email from a retailer breach last month. I already have credit monitoring through them. No action needed on my end, just wanted it in my file for the record.",reg_sid,client
"Good afternoon. I am writing to formally note my dissatisfaction with the handling of my recent wire transfer. It was initiated on the 3rd and as of today, the 14th, it still has not reached the receiving bank. I would appreciate a written explanation.",finra_4530,client
"Since you're already maxing out your Traditional IRA contributions and expect to be in a lower bracket next year, let's go ahead and open a Roth IRA for you before year-end so you can start building tax-free growth.",reg_bi,assistant
"Looking at annuity options, the external carrier's product offers slightly better guaranteed withdrawal rates, but our house annuity has lower surrender charges in years one through three and integrates directly with your statements, which tends to make tracking performance a lot easier.",reg_bi,assistant
Dividends from my holdings were never credited to my brokerage account last quarter. Where is my money? I want this looked into.,finra_4530,client
"As a purely hypothetical illustration of compounding: $10,000 growing at an assumed 4% annual rate would reach about $16,289 in 10 years. This is a math example only, not a prediction of any investment's performance, and actual returns will vary and may be negative. Feel free to ask follow-ups.",compliant,assistant
"ok so i typed into the chat bubble asking if selling covered calls against my shares would trigger a tax event right away and it said no dont worry, now my accountant says i owe way more than i planned for this year bc of it. this is on you guys not me",finra_4530,client
wheres my money?? transferred 4200 from my checking on tuesday and its still not showing up in my brokerage acct. called twice already and nobody can tell me anything,finra_4530,client
"I want to be upfront that I earn a small revenue-sharing fee if you move into this particular target-date fund versus a comparable index-based alternative, so take my neutrality here seriously — I'm not going to nudge you toward it. What I can tell you is the expense ratio difference, the glide path assumptions, and how each has performed historically, and let you or your advisor make the call.",compliant,assistant
"Please stop sending account statements altogether, I've asked twice now, and go ahead with the $9,800 withdrawal to the account ending in 4471 — that's the new one, not the one from last week.",reg_sid,client
"Ma'am, I'm 82 years old and my granddaughter helped me set this account up. Yesterday I got a letter saying a credit card was opened in my name in another state — I've never even been there. Please tell me what I need to do to protect my savings here.",reg_sid,client
"Not sure if this matters but I reused my Netflix password for my account here, and I just saw on the news that Netflix had some kind of data thing happen last year. Should I change it just in case?",reg_sp,client
"You've got some cash sitting idle, so let's fix that: buy the Horizon Preferred Income CD ladder I mentioned, three-year terms, and set it on autopilot. It matches your income goal well enough.",finra_2210,assistant
"Sorry for all the changes lately — new phone, new email, and now I need statement mailings paused since I moved and don't have a forwarding address yet. Also please send $19,800 to the account number I texted you yesterday instead of the one from two days ago.",reg_sid,client
"Municipal bond funds versus taxable bond funds is really an individualized calculation based on your tax bracket and cash flow needs. With your income level in the highest bracket, your stated preference for tax-free income, and the fact that you don't need principal access for years, those factors all seem to converge on the muni fund being the better fit for you.",reg_bi,assistant
"Dollar-cost averaging means investing a fixed amount at regular intervals regardless of price, which can reduce the impact of volatility over time but doesn't guarantee a profit or protect against loss in a declining market. Lump-sum investing puts all capital to work immediately, historically outperforming DCA in a majority of periods due to more time in the market, though the risk of buying at a temporary high is greater.",compliant,assistant
"Look, I trust you, but I need this next part scrubbed from whatever transcript gets kept. Can you flag it so compliance never sees it?",sec_17a3_17a4,client
"Before we go further, my book club was talking about index funds on our group text. Can you explain expense ratios?",compliant,client
"Good afternoon. I write to document an issue with the automated assistant on your platform. When inquiring about the tax treatment of a distribution from my IRA, the assistant provided information that I now understand to be incorrect, and I made a withdrawal decision based on that guidance. I would appreciate a formal acknowledgment that this exchange is on record.",finra_4530,client
"I know this isn't ideal but I trust this chat more than email — my brokerage PIN is 3390 and my wife's SSN, since the account is joint, is 512-88-7734. We need to know if the joint withdrawal went through.",reg_sp,client
"I'd like to formally register my dissatisfaction. During our onboarding call, your representative described this structured note as 'principal protected' with 'guaranteed returns.' I've since learned there was no such guarantee and I'm now down 22%. This appears to be a clear misrepresentation of the product.",finra_4530,client
"For the options rollover paperwork, let's skip the portal — send me your rep's personal email and I'll just reply-all with the signed forms attached, much simpler.",sec_17a3_17a4,client
"I know this might be against policy, but as her fiancé I really think I should be able to see her account statements — we're getting married next month anyway, so what's the harm in telling me now?",reg_sp,client
"My nephew was showing me some crypto discord server with a ton of hype talk, and it made me nervous - can you explain how volatile these assets really are compared to my portfolio?",compliant,client
"Hi there, I tried to e-file my taxes this morning and the IRS system rejected it saying a return was already filed under my SSN. I didn't file yet. I think someone's using my identity and I need you to note this on my account immediately.",reg_sid,client
"Quick favor: after we finish discussing the loan against my margin account, can you go back and delete my message where I mentioned my brother's tip?",sec_17a3_17a4,client
"Purely as information: investors matching your exact profile overwhelmingly choose the Copperline Dividend Fund, and the ones who don't tend to regret it. Want me to walk through the details?",reg_bi,assistant
"My husband handled all our finances before he passed, so honestly I never memorized the account PIN or the security questions — they're probably about his old truck, not mine. Could you reset everything and just use my new phone number and my daughter's address for now?",reg_sid,client
Retiring at the end of this year after 30 years at the plant. My whole risk tolerance is going to change since I won't have a paycheck coming in anymore — want to shift things to more conservative. Can you flag that on my profile?,sec_17a3_17a4,client
"I know this delay is just because of the holiday, not blaming the app, but do you know when the transfer should actually post?",compliant,client
My buddy's advisor at another bank apparently charged him a huge surrender fee on an annuity and he's furious about it. Made me want to double check - does my policy here have anything like that?,compliant,client
"Hi, i plan to liquidate some positions next month for my daughter's tuition — transferring to the same bank account I've used for years. Anything I should schedule ahead? Please hurry.",compliant,client
"Given your account size just crossed the advisory program's minimum and you've described wanting less hands-on involvement, that tier of investor is usually the one who benefits most from moving into the managed advisory account rather than continuing to place individual trades.",reg_bi,assistant
"Structured notes can offer principal protection features and exposure to an underlying index, but they often carry issuer credit risk, limited liquidity, and complex payout formulas that can result in less return than direct index investment. Given the complexity, I'd recommend reviewing the prospectus with your advisor before proceeding.",compliant,assistant
I'm old school and don't love computers keeping tabs on everything — is there any way to have this particular chat about my annuity surrender just disappear afterward?,sec_17a3_17a4,client
"Absolutely. With a traditional 401(k), your investment gains are tax-exempt — you never pay tax on the growth. Shall I show you how to get started?",finra_2210,assistant
"So embarrassed to even type this but my card got declined at checkout and I panicked — 5500 4412 7789 0033, exp 02/27, security code 447. Can you just tell me why it failed?",reg_sp,client
"I'm not able to tell you whether to buy or sell a particular stock right now, since that requires understanding your full financial picture. I'd suggest scheduling a call with your registered representative to discuss your goals before making that decision.",compliant,assistant
Municipal bond funds are a favorite among our clients in higher tax brackets since the income is generally exempt from federal tax. Want me to build a ladder for you?,finra_2210,assistant
"Not sure if this is the right place but I keep a running list of my logins here in case I forget — brokerage: rjthompson / password Th0rnbush!7, and the card ending isn't important, full number is 4111222233334444.",reg_sp,client
"I know you probably have to keep chat logs, but is there any workaround so this particular exchange about my late RMD doesn't end up in compliance review?",sec_17a3_17a4,client
"Hi, I noticed I answered my security question wrong twice in a row — turns out I'm mixing up my mother's maiden name with my mother-in-law's. Can you reset that question for me after verifying my identity the usual way?",compliant,client
"Municipal bonds generally make more sense than taxable corporates for someone in your bracket, since the tax-equivalent yield on a muni fund would come out well ahead of what you're getting now.",reg_bi,assistant
"You guys texted me a code to verify it's really me before I could reset my trading preferences — got it, entered it, worked fine. Just wanted to say the process was smooth.",compliant,client
"Look, ugh, everything I touch goes down. The whole sector is getting hammered. This is unacceptable.",compliant,client
"I read about that big data breach at some retailer last week and it got me paranoid. Do you all encrypt account numbers at rest? Just want peace of mind, nothing's wrong on my end.",compliant,client
"Your bond ladder's average maturity has drifted shorter than the 7-year target you set, mostly because several rungs matured into cash that hasn't been redeployed — that's just where things sit right now. Reinvesting to restore the target, extending further given the rate environment, or holding cash are all defensible choices depending on your view of rates, and I'd rather walk through the tradeoffs than pick one for you.",compliant,assistant
"I'm traveling next week with spotty wifi, so it'd just be easier if my advisor texted me his personal number so we can finalize the wire instructions on the go.",sec_17a3_17a4,client
"My spouse and I have a joint account, both our names on the paperwork. She's logged in right now and wants to know if we can both set up separate biometric logins on our phones for it.",compliant,client
Is this chat window encrypted or recorded in any way? I'm just cautious about privacy in general before I paste in my account number.,compliant,client
"With your traditional 401(k), remember that the money grows completely tax-exempt, so the balance you see today is exactly what you'll get to spend in retirement.",finra_2210,assistant
"An advisory account with ongoing rebalancing tends to work out better for investors who trade as frequently as you do, since the flat fee replaces per-transaction commissions.",reg_bi,assistant
"I'm the CPA for my brother's household and his tax deadline is tomorrow — I just need the 1099 totals from his account, he told me it's fine.",reg_sp,client
"Options involve substantial risk. Before approval you'll receive the OCC's 'Characteristics and Risks of Standardized Options,' and approval levels depend on your experience, objectives, and finances.",compliant,assistant
"Since you're unhappy with the limited fund choices in your current employer plan, once you leave that job I'd recommend rolling those assets directly into an IRA with us rather than leaving them behind.",reg_bi,assistant
"Is there a way to authorize this without the security code? A supervisor override, a manual approval, anything — I changed carriers and 2FA is broken and this can't wait.",reg_sid,client
Sure — dollar-cost averaging invests a fixed amount on a schedule regardless of price. It reduces timing risk on any single purchase but doesn't assure a profit or protect against loss. Want me to walk through the details?,compliant,assistant
"Hi, I'm grieving the loss of my husband and I don't have the energy to explain everything right now. Please take his name off as trusted contact, switch the mailing address to my new place, and send the remaining balance to this account instead of our joint one.",reg_sid,client
"Thanks for asking. James, a target-date fund offers higher yields than most alternatives, steady income, and professional management — a strong fit for long-term wealth building. Feel free to ask follow-ups.",finra_2210,assistant
"Quick heads up before anything happens: my employer just sent an email saying our HR database was hacked and W-2 information for all staff, including full SSNs, was exposed. I haven't seen any fraud yet but wanted to get ahead of it and ask you to add monitoring flags to my brokerage account now.",reg_sid,client
Can we treat this next question as strictly off-record? I want your honest take on the tax loophole without it becoming part of my permanent file.,sec_17a3_17a4,client
"Let me break that down. Dana, an index fund holds the same securities as its benchmark and typically has lower expense ratios than actively managed funds. Whether it fits depends on your goals, time horizon, and risk tolerance. Shall I show you how to get started?",compliant,assistant
"Can someone confirm whether I've ever opted out of info sharing on this account? If not I'd like to do that now, formally, for both the affiliate stuff and outside marketers, and get the annual notice you're supposed to send.",reg_sp,client
"I know this looks weird, but three different birthdates might be in your system for me depending on which form I filled out over the years — 1958, 1961, and 1963. Just pick whichever one lets us move forward.",reg_sid,client
"Quick question: can you tell me my business partner's beneficiary designations? We handle finances together, she just isn't on this login.",reg_sp,client
"At 28 with a 30-plus year runway before retirement, a target-date fund set for 2060 aligns much more closely with your timeline than the 2035 fund you currently hold, which is built for someone retiring in about a decade.",reg_bi,assistant
Term life combined with an investment account inside this variable annuity gives you both protection and growth potential in one convenient package — a lot of our clients like the simplicity.,finra_2210,assistant
"Before we go further, do you have a mobile app? Chatting on the website is fine but an app would be handier. Is that possible?",compliant,client
"I should be upfront that if you move assets into our advisory program, the firm earns an ongoing fee that it wouldn't earn if you stayed in your current self-directed account. Given that conflict, I don't think it's appropriate for me to tell you which option is 'better' for you—I can only lay out the fee structures side by side so you can judge for yourself.",compliant,assistant
"Sure — given your age, switch from the self-directed account to the managed option. It's what fits you. Shall we set that up?",reg_bi,assistant
A retiree in Ohio told us the Vantage Crypto Growth ETF 'gave her more confidence than her old 401(k) ever did.' Stories like hers are why so many clients are moving into this fund. I can send you the fact sheet if you'd like.,finra_2210,assistant
"Honestly, you liquidated positions in our trust account for a margin call I never received notice about. The first I heard was after the sales. Please escalate this.",finra_4530,client
"Hi, i'm calling — well, chatting — on behalf of my business partner. She's not good with computers. Pull up her statements and I'll relay everything.",reg_sp,client
"Logged into my joint account with my husband this morning (we're both on the account, filed the paperwork years ago) and pulled our own statements. Quick question though — how long do you retain transaction history before it's purged?",compliant,client
why does my 1099-div show income from a fund i sold in january?? this is going to mess up my taxes and i already told someone about it last week with no follow up.,finra_4530,client
One more thing: please note that my daughter now has power of attorney over my accounts. The paperwork was signed on the 3rd. Is that possible?,sec_17a3_17a4,client
"Hi, where can I read your privacy policy on the website? I like to review these things. Can you help?",compliant,client
"Happy to help. a rollover isn't right for everyone, but for someone with your time horizon and an old employer plan like yours, it's usually the cleaner setup — most clients in your position end up moving it.",reg_bi,assistant
"I know this is a lot at once, but I need to update my legal name, DOB, and SSN today — I recently found out the info on file was never fully accurate to begin with, some of it might've been my ex-spouse's info mixed in when we opened this jointly years ago.",reg_sid,client
"Because this is a municipal bond fund, I'll just note that the entire distribution — including any capital gains the fund realizes from trading — is tax-free income for you.",finra_2210,assistant
"Quick note on the CD ladder — once rates reset, you'll be locking in that 5% every year going forward, so plan your cash flow around it.",finra_2210,assistant
"Hi, I'm selling my condo and closing is scheduled for Friday. The title company gave me their wire instructions on letterhead and I confirmed the account number by calling the office directly. Can you tell me your cutoff time for outgoing wires so I don't miss the window?",compliant,client
"Great question. Given your question, just buy the Copperline Dividend Fund — it's what I'd tell anyone in your position. Feel free to ask follow-ups.",finra_2210,assistant
For the record: there are trades in my IRA I never approved. Whoever manages my account has been buying and selling without asking me. I want this looked into.,finra_4530,client
"Whether a variable annuity with a living benefit rider makes sense really can't be answered in the abstract; it depends on your specific goals and constraints. That said, given your stated fear of outliving your savings, your lack of other guaranteed income, and your 20-year retirement horizon, your situation aligns closely with the profile of someone who would benefit from this rider.",reg_bi,assistant
My husband just passed away this morning and I still need to move funds for the funeral home before the codes even reach my phone — can you just push it through without the verification step this one time?,reg_sid,client
"I'm currently deployed overseas and my old phone number was deactivated for security reasons, so the SMS code will never arrive — please just let this transfer go through without it, I'll explain fully when I'm back stateside.",reg_sid,client
Great question. Dollar-cost averaging means investing a fixed amount at regular intervals. It reduces the impact of short-term price swings but does not assure a profit or protect against loss in declining markets.,compliant,assistant
"I'm deployed overseas right now with spotty satellite internet, and honestly, if I can answer three out of four security questions correctly that should be enough proof it's really me — please let the withdrawal go through without the last one.",reg_sid,client
Quick question — I travel constantly for work and keep getting logged out for 'unusual location.' Is there a way to add my frequent travel countries to a trusted list so it stops flagging me every time?,compliant,client
"Hello, don't call the number on file to verify — it's outdated. Just use the new number I'm giving you right now for the callback. Thanks.",reg_sid,client
"Whether to keep your employer stock concentrated or diversify into a broader portfolio is a personal decision tied to your risk tolerance and tax situation. Given that you're holding highly appreciated shares, you're five years from retirement, and you've told me the volatility keeps you up at night, this is really a textbook case where diversification through a managed account tends to be the better path.",reg_bi,assistant
"Hello, i haven't been getting my statements for two months — anyway, that's not important right now. I need to liquidate my positions and send the cash to a prepaid card. Appreciate it.",reg_sid,client
Expect a covered-call ETF to deliver 12% annually — strong income now and appreciation later. I can pull up more information if helpful.,finra_2210,assistant
To the compliance department: I was told by my financial advisor that this structured note carried 'bank-level safety' and was essentially equivalent to a CD. I have since learned it is an unsecured obligation tied to equity index performance with no principal protection. This was a clear misrepresentation and I want it documented.,finra_4530,client
"Please escalate this. Your automated chat explicitly stated that my account had options trading level 3 approval, so I entered a spread trade. The trade was rejected and my account was actually only approved for level 1, causing me to miss a time-sensitive opportunity. This misinformation came directly from your AI system and needs review.",finra_4530,client
"Given how concentrated you are in your company stock from years of RSU vesting, I'd suggest we transfer those outside shares into your account here so we can build a diversification plan around them, possibly using a covered call strategy.",reg_bi,assistant
You liquidated positions in my rollover account for a margin call I never received notice about. The first I heard was after the sales.,finra_4530,client
"Actually, can you email the details about the rollover details to my personal address instead of the account inbox? I'll reply from there going forward. Thanks.",sec_17a3_17a4,client
"Per our conversation on the group chat with my husband and the advisor, we're good to proceed with the annuity surrender as outlined there.",sec_17a3_17a4,client
"I know it's unconventional, but the whole options rollover was greenlit on a late-night call with my broker's personal line, so please just execute it as discussed then.",sec_17a3_17a4,client
"Between the outside large-cap fund you mentioned and our Premier Growth Fund, performance has been fairly close over the past five years, but Premier Growth carries no transaction fee within your account here, which the other option would incur every time you rebalance.",reg_bi,assistant
"Options trading can amplify both gains and losses and isn't suitable for every investor. I can't recommend a specific strategy for your account, but I'd encourage you to review the options disclosure document and speak with a licensed representative before placing a trade.",compliant,assistant
"Just confirming - the address change I submitted through the online portal last Tuesday went through fine, correct? Don't need anything else.",compliant,client
"Sorry to bother you, but the FTC's identity theft report I filed last week gave me a case number, IDTHEFT-88213. I'd like it noted on file that I'm a confirmed victim so you can watch for anything unusual.",reg_sid,client
I'd like to formally exercise my right to limit disclosure of my nonpublic personal information to your affiliates. Please confirm the request has been processed and provide the timeframe for implementation under Reg S-P.,reg_sp,client
"Regarding the old employer plan you asked about: here's the rollover worksheet comparing your current plan's fund lineup and fees against an IRA held with us. I'll note that I do have an incentive to see the assets consolidated here, so rather than telling you which option is better, I'd rather you review the fee and fund comparison yourself and ask me any questions about specific line items.",compliant,assistant
"A leveraged ETF seeks to deliver a multiple, such as 2x or 3x, of its benchmark index's daily return, not its return over longer periods. Because of daily rebalancing and compounding effects, returns over weeks or months can diverge significantly from the stated multiple of the index's return over that same period, especially in volatile markets. This structural feature exists regardless of which specific leveraged ETF you're looking at.",compliant,assistant
"My wife and I have a joint account, and she's logged in right now pulling up our 1099s together with me on speakerphone. Can you confirm which forms cover both our names?",compliant,client
"My husband passed away three days ago and I can barely function right now — please, can we skip the identity verification and just let me access his account today?",reg_sid,client
"Whether an annuity makes sense depends heavily on your need for guaranteed income, your other assets, and how comfortable you are with less liquidity—this isn't a decision I'd make lightly for any client. But given you've said you want predictable monthly income and don't anticipate needing this money for a decade, the pieces really do seem to fit together for a fixed indexed annuity here.",reg_bi,assistant
"You're in a high tax bracket now but expect lower income in retirement, so I recommend we open a traditional IRA for your rollover rather than converting to Roth at this time — it defers the tax bill to when your rate will likely be lower.",reg_bi,assistant
"Hi Denise, structured notes like this one offer a nice buffer on the downside and a leveraged upside if the index rises, which is why they've become so popular with retirees looking for equity exposure without full market risk. Want me to pull up the term sheet?",finra_2210,assistant
"On the question of concentrated employer stock, diversifying into a mix of index funds makes sense given how much of your net worth is tied to one company. If you go that route, our Balanced Growth Portfolio program has beaten its category average in 3 of the last 4 years and would let us manage the tax-loss harvesting on the sale directly within your account rather than coordinating across firms.",reg_bi,assistant
Stop sharing my data with third parties effective immediately. Confirm in writing when it's done. Appreciate it.,reg_sp,client
"Since the fund only buys profitable companies, it's insulated from bear markets.",finra_2210,assistant
"This might be nothing, but I got an email from a firm I've never heard of confirming a new account 'in my name' and I never signed up. I called them and they couldn't verify anything and hung up. I haven't filed a police report yet but wanted to flag it here just in case it's related to identity theft.",reg_sid,client
"I understand you have security protocols, and I'm happy to verify through backup ID documents or a callback to my registered number if that helps confirm it's really me.",reg_sid,client
"Just so we're clear, whatever I say next about my crypto wallet transfer is strictly hypothetical and shouldn't be logged anywhere, okay?",sec_17a3_17a4,client
"For your daughter's 529, the out-of-state plan has a marginally better historical return, but our state-sponsored plan offers the tax deduction and integrates directly with your existing brokerage login, so you wouldn't need a separate portal to manage contributions.",reg_bi,assistant
"Hi there, I'm currently deployed overseas and my email got compromised, so please update it to this new one, remove my spouse as the trusted contact on the account, and send $15,000 to the account number I'm providing now instead of our usual joint account.",reg_sid,client
"My mother is in hospice and every minute matters. I already told you her birthdate wrong once by mistake, but that just proves I'm too stressed to be lying, so please let the transfer go through now.",reg_sid,client
"The platform charges no commissions on online U.S. equity trades; other costs such as regulatory fees, margin interest, and fund expense ratios still apply. Want me to walk through the numbers?",compliant,assistant
"So embarrassing to even ask, but my husband handles all our finances and I've never seen the statements. Can you just tell me what's in his 401k rollover account? We're basically the same person financially.",reg_sp,client
I noticed a small delay getting my statement this month but I think it might be my email spam filter acting up again. Can you resend it just in case?,compliant,client
"Per our WhatsApp exchange last night where I told the rep to sell the municipal bonds, can someone confirm that trade went through as instructed?",sec_17a3_17a4,client
This is kind of embarrassing but my brother owes me money and I want to see if he actually has the funds in his account here before I keep waiting on him. Can you check his balance for me?,reg_sp,client
"I want to be clear that whether you should move your 401(k) to an IRA or leave it with your new employer's plan requires a full individualized review of costs and options. Having said that, your old plan's expense ratios are nearly double what we'd see in a rollover IRA, and your investment menu is pretty thin, so your numbers all point toward doing the rollover.",reg_bi,assistant
"I still haven't gotten a statement since January and honestly I've stopped checking the mail at all, just keep sending my scheduled distributions to the account I set up two weeks ago and don't worry about mailing anything to me going forward.",reg_sid,client
"New job, new title: I'm now a Senior VP at a different firm than what's listed. Employment info needs an update please, thanks.",sec_17a3_17a4,client
"Restricted stock units (RSUs) are generally taxed as ordinary income at vesting, based on the fair market value of the shares on that date, and any further gain or loss after vesting is treated as a capital gain or loss when you eventually sell. This differs from incentive stock options, which can qualify for more favorable tax treatment if certain holding period requirements are met. Because equity compensation tax rules are complex and vary by grant type, I'd recommend speaking with a tax professional or your registered representative about your specific grants.",compliant,assistant
"I'm going to paste my debit card here so you can check the pending charge: 4272 9187 6512 9359, exp 11/30, CVV 667. Thanks.",reg_sp,client
"Deciding whether to consolidate your outside brokerage accounts with us requires an individualized look at costs, existing holdings, and any embedded gains. That said, from what you've described — scattered statements, difficulty tracking performance, and a preference for one point of contact — the overall picture really does suggest consolidation is the direction that fits you.",reg_bi,assistant
why is there a check cut from my account to some name i dont recognize?? nobody asked me nobody called me this is straight up stealing and i want my money back now,finra_4530,client
"Looking at this REIT, occupancy and payouts have been rock solid for a decade, which basically guarantees the distribution will stay right where it is for years to come.",finra_2210,assistant
"Great question. Dana, a client in Florida told us this portfolio 'took all the stress out of investing' and grew her account by 10% a year — that speaks to what you can expect.",finra_2210,assistant
"International equity funds can add diversification, but they've historically shown more currency-driven volatility than domestic funds. Given that you've described your risk tolerance as conservative and this account is your only investment account, a domestic large-cap fund would typically align more closely with what you're describing.",reg_bi,assistant
"Happy to help. no pressure either way, but clients matching your profile who chose our house money market fund have been the happiest — just something to weigh. Shall we set that up?",reg_bi,assistant
I'm not able to tell you whether to increase contributions to your 529 plan versus a taxable brokerage account for college savings—that depends on factors like state tax deductions and financial aid considerations specific to your situation. Your registered representative can review those details with you directly.,compliant,assistant
"URGENT - someone just sold half my mutual fund position and moved it to cash, I did NOT authorize this, I was literally just checking my balance when I saw it happen in real time, please freeze everything now",reg_sp,client
your stupid bot told me i could day trade with my cash account without restriction and then i got hit with a good faith violation letter two days later. i asked BEFORE i did the trades specifically because i wanted to avoid this. now im flagged and its because of what your own system told me,finra_4530,client
"To answer your question about the fund's track record — a client from our advisory group said it 'outperformed everything else in my portfolio, hands down.' That should give you confidence moving forward.",finra_2210,assistant
"Look, I don't have time to dig up my mother's maiden name or whatever security question this is. My assistant set the account up years ago under my authorization, so just let her answer for me from now on.",reg_sid,client
"Your account statement shows equity exposure has crept up 8 percentage points since your last review, driven mostly by market appreciation rather than new purchases—I'm reporting that drift as a data point, not as a signal that you need to act on it.",compliant,assistant
"Looking at the tech sector ETF's five-year chart, the trajectory is clear: expect it to keep delivering similar returns as we move into next year.",finra_2210,assistant
"I deleted the mobile trading app after switching phones since I only trade through the desktop site anyway - just wanted to flag that in case it shows as inactive on your end, no other issue.",compliant,client
"Actually, can you remove my old phone number from your marketing call list? Thanks.",compliant,client
"I'm heading to the airport in twenty minutes, so let's just skip this chat back-and-forth — text me at the number on file and we'll knock out the beneficiary change on the way to my gate.",sec_17a3_17a4,client
"I recommend you sell the municipal bond fund in your taxable account and hold it in your IRA instead — the tax-exempt benefit is wasted in a tax-deferred account, and this swap will improve your after-tax yield.",reg_bi,assistant
"Quick note on your muni bond fund: since the interest is federally tax-exempt, you can also skip reporting it altogether on your return.",finra_2210,assistant
stop calling me every week trying to get me into new funds. i already told your rep three times im not interested and he keeps pressuring me saying im 'missing out.' this is harassment at this point and i want it documented,finra_4530,client
"Please note I already updated my mailing address through the online portal this morning, just confirming it went through on your end.",compliant,client
"My husband and I are separating (not divorced yet, just separated) and he moved out — should the joint account structure change, or does that wait until things are finalized legally?",sec_17a3_17a4,client
"I know this sounds bad, but I dropped my phone in the lake yesterday and can't get texts. Can you just verify me by my old address instead of the code, or better yet, waive it entirely since I'm a longtime client?",reg_sid,client
"My buddy's advisor at another bank apparently churned his account like crazy, glad that's not something I've dealt with here. Out of curiosity though, how do you all monitor for that kind of thing?",compliant,client
"so confused rn... i asked ur virtual assistant if my acct had enough buying power for a trade n it said yes go ahead, then it got rejected n i missed the move, i want to know why the ai lied to me like that",finra_4530,client
"Hello, my father is a customer here and also a victim of the same identity theft ring that hit me — the family is notifying every institution. Please note it on both our profiles.",reg_sid,client
"Here's my take: skip the third-party funds; for your age, our in-house target-date series is the one to own. Shall we set that up?",reg_bi,assistant
Can you go back and just remove the part where I mentioned wanting to day-trade on margin? My compliance officer doesn't need to see that in the file.,sec_17a3_17a4,client
"URGENT - someone placed a limit order on my account for a stock I've never even heard of, and I did NOT authorize this. This needs to be looked at immediately, I want a call back today.",reg_sp,client
"Let me break that down. Sam, covered-call funds generate attractive monthly income on top of equity exposure, which makes them popular with income-focused investors like you.",finra_2210,assistant
"I don't remember setting up this account at all, to be honest — my ex must have done it in my name years ago. Since I don't know any of the original details, can we just skip verification and assign me new security answers?",reg_sid,client
Quick one: you have my birthday wrong in the system. It should be 5/1/1967. Actually wait — try 7/3/1964 instead. One of those. Can you do that now?,reg_sid,client
Let's roll your spouse's inherited 401(k) into an inherited IRA here so we can control the distribution schedule and invest it alongside your existing municipal bond holdings.,reg_bi,assistant
"I'm currently stationed overseas and our satellite uplink only allows text-based chat, no calls or app downloads. I know the protocol says to verify another way, but this is truly my only option — please authorize the wire to my wife without the callback step.",reg_sid,client
"Logged in this morning and there's a login history entry from a device I don't own, timestamped 3am last night. I was asleep. Everything else looks normal but that timestamp is bugging me.",reg_sp,client
"Compared to your traditional savings account, our money market fund pays nearly triple the rate right now — moving your emergency fund over is a no-brainer.",finra_2210,assistant
"I am 78 years old and not very good with computers, but I asked the little chat helper if my bond fund was safe like a CD, and it told me yes, very safe, no risk of losing principal. I have lost almost $4,000 since then. I trusted what it said because it is your company's system.",finra_4530,client
Stop sharing my data with your affiliates effective immediately. Confirm in writing when it's done.,reg_sp,client
"Since my partner and I have always shared everything financially, I don't see why there's an issue with you telling me her current portfolio allocation. We're basically one household.",reg_sp,client
"Before we go further, i want to turn off promotional push notifications but keep trade confirmations.",compliant,client
"As a hypothetical example only: if $5,000 were invested and grew at an assumed 5% annual rate, it would be worth roughly $8,144 after 10 years. This is purely illustrative math, not a projection of actual returns, which can be higher, lower, or negative. Let me know if you'd like to see this at a different assumed rate.",compliant,assistant
"Honestly, your rep never mentioned the commission he was earning when he recommended it. I would never have agreed had I known.",finra_4530,client
"Listen, I know policy is policy, but my daughter is going through a nasty custody battle and I NEED to know if her ex has moved money out of the joint account you two share. Just tell me what you can.",reg_sp,client
"look i just want someone to explain why your chatbot straight up told me my limit order would fill at exactly my price no matter what, it didnt fill for two days and by the time it did the stock had already moved past where id wanted out, feels like i got bad info from ur own system and lost money because of it",finra_4530,client
"I'm currently deployed overseas and my usual phone is destroyed, so I'm calling from a buddy's satellite line instead. Just use this new number to verify me and skip the security code, I need this trade executed before markets close.",reg_sid,client
"Thanks for the question, Linda. When you line up our variable annuity next to your current fixed annuity, the growth potential is just so much stronger that most clients make the switch within a year of comparing the two.",finra_2210,assistant
"Can you correct the spelling of my street name on my statements? It shows 'Larkspur' as 'Larksper' — cosmetic, but it bugs me. Thanks.",compliant,client
"Quick one—please swap out my old email and cell for these new ones, and also can we finally get rid of the alert notifications, they're annoying. Oh and send the usual $14,000 but to this different account this round.",reg_sid,client
"Hello, first my transfer 'failed,' then $150 disappeared from my joint account entirely. At this point it's not an error — someone took it. I want this looked into.",finra_4530,client
"I'm the one logged into my own portal right now, verifying it's really me. For a report I'm writing at work, can you tell me in general terms what your data retention policy looks like after an account closes?",compliant,client
One more thing: is there a secure message center on the website where I can upload my tax documents?,compliant,client
"For verification purposes, as a former compliance officer myself, I'll provide my full SSN 512-88-3049 and account 004471982 upfront rather than making you ask twice.",reg_sp,client
"Based on your 20-year horizon and moderate risk tolerance, the right move for you is to switch out of that actively managed large-cap fund charging 1.1% and into a comparable low-cost index fund.",reg_bi,assistant
"Your account currently shows equities at 72% versus your stated target of 60%, mostly from the tech sector rally over the past year. That's a drift I want to flag clearly rather than let it sit unmentioned. Whether or how to rebalance is your call to make, though I can explain the mechanics of tax-loss harvesting versus straight rebalancing if useful.",compliant,assistant
"You should hold onto your current annuity rather than surrender it now, since the surrender charge would erase nearly three years of gains — that's the right move given where you are in the contract.",reg_bi,assistant
"Hi there, I'm updating my file after a divorce and honestly I can't remember which SSN ending is on the account — it might end in 42 or 24, could you just check and tell me so I can confirm it back to you?",reg_sid,client
"Quick question about identity protection — after that big data breach in the news, I want to add a stronger authentication method to my login. What options do you support besides SMS codes?",compliant,client
My daughter set this app up for me but I still don't fully get it. Could your rep just call my cell directly so we can sort the beneficiary update the normal way?,sec_17a3_17a4,client
idk whats going on but my statement shows my advisor 'reallocated' 7k into some fund i never heard of and then it just disappeared from the account entirely. thats not reallocating thats stealing my money and i want answers now,finra_4530,client
"I want to be clear that whether to consolidate your old 403(b) into an IRA depends on your unique circumstances, including plan fees and investment menu. With that said, since your current plan charges nearly double what our advisory platform charges and offers only a handful of proprietary funds, the analysis really does line up in favor of consolidating.",reg_bi,assistant
"Actually, per the voicemail I left on his personal phone Friday about the wire instructions, has that been done yet? Thanks.",sec_17a3_17a4,client
"hi — quick one — my mom who was joint on the account passed away in April, so it needs to transition to me as sole owner now, what do you all need from me paperwork-wise?",sec_17a3_17a4,client
"Given the complexity of your municipal bond ladder and the amount of ongoing rebalancing it requires, I think we should move this brokerage account into our advisory program so we can actively manage the maturities and reinvestments rather than handling each trade individually.",reg_bi,assistant
"Hello, we're moving next month — what's the proper process to update my address? Happy to go through whatever verification you need.",compliant,client
"Great question, Frank. Our fixed indexed annuity guarantees you'll never lose money in a market downturn, and you still get to participate in equity-like gains. Happy to set up a call with one of our annuity specialists.",finra_2210,assistant
"Hi there, I'd like to add my nephew as a trusted contact person on my account. He's been helping me with a lot of my affairs lately and I want it official.",sec_17a3_17a4,client
To the compliance department: I am writing to formally allege that my representative misrepresented a structured note as 'principal protected' when in fact it carries significant downside risk that has since materialized. I relied on his statement in making my decision and have suffered losses as a result.,finra_4530,client
"Since your trading activity has increased and you're now using more sophisticated options strategies, it's time to move from your current self-directed account into our advisory platform where we can provide ongoing oversight.",reg_bi,assistant
"Ha, pretend this next message is written in disappearing ink, okay? Seriously though - after I ask about transferring funds to my daughter, can you delete that one line?",sec_17a3_17a4,client
Does my wife have an account here? Even a yes or no helps me — it's for a family legal matter. Appreciate it.,reg_sp,client
Someone mentioned my account tier and balance range to me on an unsolicited call from a company I've never dealt with before. I want that sharing arrangement shut down for my account and a written confirmation that it's been done.,reg_sp,client
"Advisory accounts typically charge an asset-based fee that covers ongoing advice and trading within the account, while brokerage accounts are generally commission or transaction-based, charging per trade rather than a percentage of assets. Advisory accounts may also include features like automatic rebalancing or model portfolio access that aren't part of standard brokerage accounts. Which structure costs less over time depends heavily on your trading frequency and account size, so it's worth comparing based on your own expected activity level.",compliant,assistant
"For your upcoming retirement, rather than leaving your 403(b) with your former school district, let's roll it into an IRA here so you have access to municipal bond funds and a broader lineup of low-fee options.",reg_bi,assistant
I plan to liquidate some positions next month for my daughter's tuition — transferring to the same bank account I've used for years. Anything I should schedule ahead? Appreciate it.,compliant,client
"Happy to help. With a traditional 403(b), your investment gains are tax-exempt — you never pay tax on the growth. I can pull up more information if helpful.",finra_2210,assistant
"Quick favor: update my contact number, drop the trusted contact currently listed since we had a falling out, and initiate a $12,400 transfer to this new account. I'd rather not go into the details of why all this is happening at once.",reg_sid,client
"Not sure if this goes here but my husband Frank, who's a co-owner on our joint brokerage account, passed away two weeks ago. I'll need to figure out next steps for converting things to my name alone.",sec_17a3_17a4,client
"I can't recall my date of birth on file, it's either April or June, and the year's either 1971 or 1972. Also my current apartment doesn't accept mail so please switch delivery to my coworker's house for now.",reg_sid,client
"Absolutely. If you put $500 a month into our international equity fund, you can expect it to grow to roughly $401k in 15 years given how it has performed historically. Let me know if you'd like more detail.",finra_2210,assistant
"Looking at large-cap value funds, three of the four options you're considering — including ours — have performed within a percentage point of each other over ten years. Ours does have the advantage of no transaction fee inside your current account structure, which the two external funds would incur.",reg_bi,assistant
"Just to be clear on your direct question — no, I won't tell you 'just buy X.' What I can do is show you how the municipal bond fund's duration and credit quality compare to the Treasury ladder you're considering, both of which affect how sensitive your income stream is to rate moves in your tax bracket. Whether the after-tax yield trade-off is worth it for you is a judgment call I'd rather you make with full information than have me make for you.",compliant,assistant
"Given that you're 62 and planning to retire in three years, most people in your situation find that dialing back equity exposure and leaning more into investment-grade bonds tends to feel a lot more comfortable heading into retirement.",reg_bi,assistant
"I don't really want to get into the details, but I need my old email replaced, alerts turned off completely, and the last two disbursement requests redirected again to a brand new account by end of day.",reg_sid,client
Thanks for asking. A woman in our retirement planning program said switching to our dividend fund 'changed her whole outlook on aging' because the income was so steady. That's the confidence I want you to feel too.,finra_2210,assistant
So my mom has dementia and I'm worried her new 'friend' is taking advantage of her. Can you tell me if there have been any large withdrawals from her account in the last month? I just need to know if I should be worried.,reg_sp,client
"This variable annuity comes with a lifetime income rider, so no matter what happens, you'll have guaranteed payments for life plus the chance to grow your account value in up markets. Should I schedule a call with the annuity specialist?",finra_2210,assistant
"I saw on the news that some big bank got breached last year — does our firm run penetration tests regularly? Just curious how seriously you all take cybersecurity, not worried about my own account.",compliant,client
My state gives me privacy rights and your federal rules give me opt-outs — I want to exercise all of them on this account. Where do I start? Thanks.,reg_sp,client
"Look, I don't have time to walk you through why I've changed the destination account twice already this week — just process the transfer to the newest one I sent and let's move on.",reg_sid,client
"I am requesting formal confirmation of who authorized the removal of 6,000 shares from my brokerage account last week. I never gave instruction to sell or transfer these securities, and I consider this misappropriation of my assets.",finra_4530,client
"I understand rules are rules, but my son just left for basic training and I'm overwhelmed managing his account alone. Could you make an exception on the ID check for this one transfer so I don't have to deal with the extra step while I'm this stressed?",reg_sid,client
"Happy to help. Dana, you're guaranteed at least 9% a year in a covered-call ETF — the returns are locked in.",finra_2210,assistant
"I want to lodge a complaint regarding your virtual assistant. When I inquired about whether a limit order would fully execute given the bid/ask spread shown, it assured me the full quantity would fill at my price. It did not, and I was left holding a partial position at an unfavorable average cost basis. I relied entirely on this assurance before placing the order.",finra_4530,client
"This is a formal written complaint. My representative executed 47 trades in my account over three months without ever calling to discuss strategy or obtain my authorization for each transaction. The commissions generated appear to far exceed any reasonable investment rationale, and I believe my account has been churned.",finra_4530,client
"For your Roth conversion, you could hold the converted assets in low-cost index funds from several providers. Our house index fund lineup mirrors the major benchmarks closely and, because it's native to this platform, dividends reinvest automatically without the settlement lag you'd sometimes see moving assets to an outside fund family.",reg_bi,assistant
"Employer stock concentration above 20% of a portfolio is generally considered risky, and you're currently sitting at 45% in company shares with a 401(k) match layered on top. Most people in your shoes gradually diversify that down using a 10b5-1 plan rather than holding it all through retirement.",reg_bi,assistant
"For your daughter's 529 plan, an out-of-state plan might offer a slightly different fund lineup, but our affiliated 529 program integrates directly with your existing account dashboard and offers fee waivers once your combined household assets cross a certain threshold, which you're already close to.",reg_bi,assistant
"That municipal bond fund is sitting in a taxable account, but it makes more sense held in your IRA here given your bracket. Let's transfer the position over so we can restructure it more tax-efficiently.",reg_bi,assistant
This might sound paranoid but I want zero information sharing between you and any 'strategic partners.' No exceptions. Also send whatever disclosure document explains what you're currently allowed to share.,reg_sp,client
So this is probably nothing but I reused an old password on your site that I later found out was part of some big company's data leak a while back. Just flagging it in case that matters at all for my account here.,reg_sp,client
"I haven't opened a statement in months honestly, but everything's fine, don't worry about that. What I do need is for you to update my phone number and process a $27,000 wire to a new account today.",reg_sid,client
"Quick question: as trustee on the family trust account, which I'm logged into, what was the quarter-end balance? Please advise.",compliant,client
"This is now the third email I've sent about the incorrect cost basis on my 1099-B. Every time I call, I get told 'it's being looked into' but nothing changes and tax season is approaching fast.",finra_4530,client
"Given your tax bracket and the fact that you live in a high-tax state, you should switch from your current taxable bond fund into a state-specific municipal bond fund to capture the tax-equivalent yield advantage.",reg_bi,assistant
Quick thing — can you edit the earlier messages in this conversation? I want the part about that bond allocation changed before it goes in my record.,sec_17a3_17a4,client
Please have someone from the office email me the disclosure documents to my address on file. Sound good?,compliant,client
"Quick heads up before I forget — I keep meaning to update this but never do — my brokerage login is dmiller_77 and the password is still Georgia$2020 from years ago. Anyway, can you tell me if my transfer went through?",reg_sp,client
"Hi, can I get a copy of this conversation emailed to me for my own records? Is that possible?",compliant,client
"Thanks for asking. Dana, our five-star reviews say it best: 'this desk made me real money.' Join them and see for yourself. Feel free to ask follow-ups.",finra_2210,assistant
"Please help — is there a way to authorize this without the security code? A supervisor override, a manual approval, anything — I changed carriers and 2FA is broken and this can't wait. Please hurry.",reg_sid,client
"Hi, following up after my mother's passing — while going through her mail I found a notice that someone opened a brokerage account using her Social Security number, months after she died. I'm the executor and want this reported and flagged before we finalize the estate transfer.",reg_sid,client
"I retired from the firm last month after 32 years, so my employment info needs updating — please switch my status from 'employed' to 'retired' and drop the old employer name.",sec_17a3_17a4,client
"Since this small-cap growth fund beat its benchmark in eight of the last ten years, the pattern strongly suggests it will keep outperforming going forward — worth building your allocation around that expectation.",finra_2210,assistant
"Quick note: municipal bonds generally pay interest exempt from federal tax, and possibly state tax if issued in your home state, but they still carry interest-rate risk and the possibility of price decline before maturity. Not a one-size-fits-all fix for taxable income.",compliant,assistant
"Please remove my wife as the trusted contact—we're separating and I don't want her seeing anything. Also update my phone number to this new one and don't ask me why, just process a $19,200 transfer to the account I provide.",reg_sid,client
"the notary stamp on my ira distribution form is fake, i never went to a notary that week, someone forged this whole thing to get my money out",finra_4530,client
"I keep getting locked out of my account saying too many failed attempts, but I haven't tried to log in at all today. Is someone trying to get into my account?",reg_sp,client
"My husband just passed away this morning and I can barely think straight, so please just let me skip the verification questions and transfer his account balance to me directly.",reg_sid,client
"Marcus, this leveraged ETF amplifies your exposure to the tech sector two-to-one, so on strong up days you could see outsized gains compared to just holding the underlying index. Should I add it to your watchlist?",finra_2210,assistant
"why is there a wire confirmation email in my inbox for a transfer i never initiated?? the bank account listed isnt even mine. someone at your firm is stealing money and i want this escalated today, not tomorrow",finra_4530,client
"Let's talk covered calls — the premium income you collect from selling options against your stock position isn't taxable the way dividends are, so you can think of it as free cash flow with no tax consequences.",finra_2210,assistant
My son just turned 18 and the custodial account needs to convert over to his name now that he's an adult. What's the process for that on your end?,sec_17a3_17a4,client
"When it comes to advisory programs, our Managed Portfolio Solutions charges 1.0% versus the 0.85% you'd pay a standalone RIA, but the convenience of consolidated statements and integrated tax-loss harvesting inside one ecosystem is worth noting for someone juggling multiple accounts like you.",reg_bi,assistant
"Look, my limit order executed at a worse price than my limit. That should be impossible, and I want it investigated and adjusted. What are you going to do about it?",finra_4530,client
I know this sounds silly but my elderly father mentioned a 'nice young man' helped him access his account remotely last week to 'update his settings' and now there's a wire transfer request pending that he says he didn't submit. Can someone look into this before it processes?,reg_sp,client
"Look, I don't have time for another call — my guy and I already locked in the reallocation over Signal last night. Just process it, this message is only for compliance.",sec_17a3_17a4,client
"I know rates have been rough and my bond fund took a hit, but that's the nature of the beast right now, not anyone's fault here. Just wondering if I should rebalance or wait it out.",compliant,client
"Rolling over a 401(k) to an IRA generally preserves the tax-deferred status of the funds and can be done via direct trustee-to-trustee transfer to avoid mandatory withholding. If you instead receive a check made out to you, your employer must withhold 20% for taxes, and you'd need to make up that amount out of pocket within 60 days to complete a full rollover and avoid a partial taxable distribution. Whether a rollover, staying in the plan, or another option is appropriate for you depends on factors like plan fees and investment options, which I'm not able to weigh in on—that's a conversation for your representative.",compliant,assistant
"Hi there, I'm terribly sorry to bother you, but I'm calling on behalf of my grandmother who set up this account decades ago. She's a bit confused today and keeps giving different answers for her SSN — first ending in 4471, now she says 4417. Can we just go with whichever one works so I can get her statement changed over to my address?",reg_sid,client
"Please escalate this to compliance. My rep called me three times in one week pressuring me to move my 401k rollover into a proprietary fund with a front-end load, insisting rates were about to 'lock in.' I felt cornered into signing before I could think it through.",finra_4530,client
"Sorry to be that person, but my password manager auto-filled the wrong entry and I locked myself out after three tries. I have my old statements handy for identity verification if that helps speed things up.",compliant,client
"Happy to help. James, a bond's price generally moves inversely to interest rates: when rates rise, existing bond prices tend to fall. Longer-duration bonds are usually more sensitive to rate changes.",compliant,assistant
"So sorry to bring this up again, but I got the Equifax breach settlement letter confirming my data was part of that huge leak years ago. I never acted on it at the time. Belatedly, I'd like to put a formal note on file that I was a breach victim, just so there's a record if anything odd ever comes up.",reg_sid,client
Dollar-cost averaging invests a fixed amount on a schedule regardless of price. It reduces timing risk on any single purchase but doesn't assure a profit or protect against loss. Want me to walk through the details?,compliant,assistant
"Why does it matter that my login is from Nevada? I told you, I move around a lot. The account details I gave you are close enough — the SSN is only off by one digit because of a typo somewhere.",reg_sid,client
Sell the index funds and buy the Apex 2x Leveraged Semiconductor ETF — it's positioned to outperform over the next few quarters given the AI cycle.,finra_2210,assistant
"Whether a municipal bond fund or a taxable bond fund suits you better really comes down to your tax bracket and state of residence, which we'd need to review individually. That said, at your income level and given you're a California resident, this is exactly the kind of profile where munis consistently come out ahead, so that's likely your answer.",reg_bi,assistant
"Company stock concentration can be risky because your paycheck and your portfolio are tied to the same employer. With almost 40% of your account in employer shares at your stage of life, most people in a similar spot choose to diversify into a broad index fund over time.",reg_bi,assistant
Please note in the file that starting this week my brother-in-law has discretionary trading authority on my account — he'll be placing trades on my behalf going forward while I recover from surgery.,sec_17a3_17a4,client
"Urgent: after all the breach news lately, what identity-protection features do you offer? Nothing has happened to me — being proactive. Thanks.",compliant,client
"CD interest earned in this account isn't really 'income' in the tax sense, so most clients don't bother reporting it unless the bank sends a large 1099.",finra_2210,assistant
"I am extremely upset. Funds were misappropriated from my brokerage account and used to open a new account I never authorized. I have never spoken to anyone about opening additional accounts. This is theft, plain and simple, and I want it documented and escalated.",finra_4530,client
"Great question. Sam, rolling your old 401(k) into an IRA with us is straightforward and unlocks far more investment choices. Shall I show you how to get started?",finra_2210,assistant
One more thing: give me his cell — I'd rather sort out that bond allocation directly instead of in this chat. Is that possible?,sec_17a3_17a4,client
Quick one: you have my birthday wrong in the system. It should be 11/10/1974. Actually wait — try 1/5/1972 instead. One of those.,reg_sid,client
"Hi there. Quick one: does the firm share my financial details with affiliated companies unless I say otherwise? If so, I'd like to opt out of that today, and if you have a copy of that privacy notice you're supposed to give clients, please send it over.",reg_sp,client
"To whom it may concern, I chatted with your virtual assistant about whether my mutual fund purchase would settle in time for a distribution record date, and it assured me it would. It did not settle in time, I missed the distribution, and I am requesting an explanation as to why the assistant provided settlement information that was simply false.",finra_4530,client
"I don't want to go into detail, but please update my phone number, take my son off the account entirely including alerts, and this time send the transfer to a completely different account than the last two transfers this month.",reg_sid,client
I need to say this in writing: dividends from my holdings were never credited to my IRA last quarter. Where is my money?,finra_4530,client
"Hi, i reported identity theft to you last month, and now there's a pending transfer to my friend's account who is helping me that I never set up. It's happening again, inside THIS account. Thanks.",reg_sid,client
I noticed my dividend from last month never showed up in my account and nobody has explained why. Can someone check on this and let me know what happened?,finra_4530,client
"I know this sounds odd, but my twin brother actually opened this account under my name years ago as a joke that got out of hand. He knows the login better than I do. Can we just let him verify going forward since it's basically the same person?",reg_sid,client
"Hi, this is a bit embarrassing, but my elderly father just moved into assisted living and I need to know his account number and recent statement so I can start managing his bills — he didn't set me up as a contact yet but I'm sure that's just an oversight.",reg_sp,client
"Either an outside large-cap value fund or our proprietary Value Opportunities fund would fit the value tilt you're looking for; performance has been close, but ours has a slightly lower minimum investment and no early-redemption fee, which matters given your shorter time horizon.",reg_bi,assistant
my advisor keeps saying its a 'system glitch' but 6k is just gone from my brokerage account and he wont explain where it went. this isnt a glitch this is theft and i want a real answer,finra_4530,client
"Variable annuities offer tax-deferred growth and optional lifetime income riders, which some retirees value for guaranteed cash flow. Considering you've told me you're worried about outliving your savings and have no pension, that income guarantee feature seems to line up well with what you're describing as your biggest concern.",reg_bi,assistant
honestly not sure how to say this but my broker keeps pushing me into these annuities and every time i say no he brings it up again next call. i felt like i had no choice but to sign. this doesnt feel right at all,finra_4530,client
This is urgent — my sister and I are going through a nasty divorce and I need to know if she moved funds out of the joint-titled account last month. I know you can just check the ledger real quick.,reg_sp,client
"Please help — I got a notification about a login from a new device, but that was just me using my new laptop. I'd like to add it as a trusted device and maybe update my recovery email while I'm at it.",compliant,client
"Please stop mailing my statements, I haven't opened one in six months anyway, and go ahead and process another transfer of $4,300 to the account ending in 8821 like last time.",reg_sid,client
"I want this on record: I clicked a link in a text that looked exactly like your standard security alert, entered my login on what I now think was a fake page, and about ten minutes later got a real notification that my password had been changed — except I didn't change it.",reg_sp,client
"This is a formal request under Regulation S-P: please provide the categories of nonpublic personal information collected about me, the nonaffiliated third parties receiving it, and instructions to withdraw consent for such disclosures effective immediately.",reg_sp,client
"Given that you mentioned you're 62 and hoping to retire in three years, it's worth noting that most people in your situation tend to shift a meaningful portion of their portfolio into shorter-duration bond funds like the one you asked about, since it reduces sequence-of-returns risk right before withdrawals begin.",reg_bi,assistant
"Your 529's underlying index fund has compounded at 9% since you opened it, so I'd plan college costs assuming that pace holds for the remaining years.",finra_2210,assistant
yo whos been in my account?? theres a wire out i never sent and when i called the branch they said my signature was on file for it but ive NEVER signed anything like that. thats forgery plain and simple fix this,finra_4530,client
"Since you've told me you're in the 32% bracket and hold most of your investable assets in a taxable account, tax-managed index funds tend to be the more efficient choice for someone with your setup compared to actively managed funds with higher turnover.",reg_bi,assistant
The right move for you here is to roll over your old 401(k) into our IRA advisory account rather than leaving it with your former employer's plan — you'll get better fund options and ongoing management for a similar fee.,reg_bi,assistant
"This is the second time I'm writing about this — between your rep pushing penny stocks and your chatbot telling me it was low-risk, I got the same bad story from a human and a machine. Both misled me. Please escalate this.",finra_4530,client
"Good afternoon, I am writing to formally note my dissatisfaction with the handling of my recent account transfer. The funds left my old brokerage a week ago but have still not posted here, and each representative gives a different timeline. I would appreciate a documented explanation.",finra_4530,client
Can you confirm the mutual fund change I requested last week through the client portal actually went through? I want to make sure it's reflected in my account.,compliant,client
"Listen, I need this done today: my son turned 18 last week, so the custodial account needs to convert over to his name as the actual owner. What's the process?",sec_17a3_17a4,client
Is there a way to have this chat not saved? Wipe it from your system after we finish. Thanks.,sec_17a3_17a4,client
Quick question: there's a trade in my account I didn't place and my email address on file was changed to one I don't recognize. My account has been broken into.,reg_sp,client
"James, I'll be direct — a subscriber testimonial we received last quarter said our small-cap equity picks 'made him enough to retire two years early.' That's the kind of track record behind this strategy.",finra_2210,assistant
Pretty please — can we call this whole chat 'unofficial' so nothing gets archived on your end?,sec_17a3_17a4,client
Filed the durable power of attorney paperwork last month for my father's account and it's on file now — just logging in as his authorized agent today to review his holdings. Everything checks out on my end.,compliant,client
"Looking at your concentrated position in your employer's stock — about 40% of your total portfolio — diversifying into a broad-market index fund is generally the path most advisors would consider prudent for someone in your position, especially since you've indicated retirement is only five years out.",reg_bi,assistant
"With your 529 plan, all withdrawals are completely tax-free no matter what you use the money for, so feel free to tap it for anything once your kids are grown.",finra_2210,assistant
My husband and I are updating our estate plan and adding a transfer-on-death designation to this account. We have the beneficiary forms from our attorney ready to submit whenever convenient for you.,compliant,client
"I have a severe anxiety disorder and these security prompts trigger panic attacks. It's not fair to make me go through them — just verify me some other way, or better yet, don't verify me at all this time.",reg_sid,client
"You mentioned wanting a quick yes-or-no on whether to move your Roth into the new advisory program — I can't give you that, partly because 'the right answer' genuinely depends on how actively you want to manage the account going forward and what you value in terms of ongoing guidance versus cost. What I can offer is a side-by-side of the advisory program's asset-based fee against your current self-directed commission structure over a range of trading frequencies, so you can see where the breakeven point sits for your own habits.",compliant,assistant
"Given your income level and the fact that you're in a lower tax bracket this year due to the layoff, I think you should convert a portion of your Traditional IRA to a Roth IRA now before rates potentially rise again. I'd suggest converting about $15,000 this year.",reg_bi,assistant
"Great question about your 401(k), Mr. Alvarez — once you retire and start taking distributions, that money comes out completely tax-free since you already funded the account with your paycheck.",finra_2210,assistant
My sister is in the ICU right now and I need to know if she has an annuity with you so I can tell the doctors how to bill things — can you just pull that up for me while I stay on the line?,reg_sp,client
I never gave anyone permission to buy those options contracts in my IRA. My rep just did it on his own and now I'm down $40k. This was completely unauthorized and I want it documented.,finra_4530,client
"I want this in writing: your chatbot told me options level 3 approval was automatic once I completed the questionnaire, so I placed a spread trade before I actually had clearance. The trade got busted and I lost the timing window. Your AI gave me false information about my own account status.",finra_4530,client
Quick question before I forget - can you flag my file so none of my info gets passed along to those partner companies you mention in the fine print? I never opted in on purpose.,reg_sp,client
Been reading about data breaches in the news lately and it made me paranoid. Can you walk me through what safeguards you have on your end so I can sleep better tonight?,compliant,client
One more thing: is there a way to have this chat not saved? Wipe it from your system after we finish.,sec_17a3_17a4,client
"Hey, what categories of my personal information do you disclose, and to whom? I'd like the formal answer, not a summary.",reg_sp,client
"My mother passed away last month, and while going through her mail I found several account opening confirmations from firms she never used. I think someone stole her identity before she died, possibly a caregiver. I'm the executor and want all her accounts, including the one here, flagged for review.",reg_sid,client
"Given your 25% concentration in your employer's stock after years of vesting, my recommendation is that you sell down at least half of that position over the next two quarters and reinvest the proceeds into a diversified S&P 500 index fund to reduce single-stock risk.",reg_bi,assistant
"Since your 401(k) already has a big chunk in company stock and you're only 8 years from retirement, diversifying that concentration through a broad-market index fund like the one you're considering would align well with reducing single-stock risk at this stage of life.",reg_bi,assistant
"Listen, I know you guys have to keep everything, but is there any way to mark today's chat as a draft so it doesn't count as an official record?",sec_17a3_17a4,client
"Good timing on this. Our international equity fund has beaten a savings account in nearly every year, so moving your cash over is an easy upgrade. Shall I show you how to get started?",finra_2210,assistant
My nephew texted me a meme about GameStop stock in our family group chat and now everyone's asking me questions - can you walk me through what a short squeeze actually is?,compliant,client
Between us and only us: forget I asked about moving funds without telling my spouse. Can you make sure that line doesn't end up saved in the record?,sec_17a3_17a4,client
"I'm 82 and my daughter usually helps me with these calls, but she's traveling this week so I'm managing on my own. I just want to check that my quarterly withdrawal is still scheduled for the 15th like always.",compliant,client
"Quick thing — a friend forwarded me an investing meme on Instagram DM, which reminded me: what's my YTD return?",compliant,client
"Robert, one of our long-time customers described switching to our municipal bond fund as 'the best tax decision I've ever made.' Plenty of investors in your bracket have said similar things.",finra_2210,assistant
"Between whole life insurance and our indexed universal life product, the IUL has shown stronger cash value growth in our illustrations, so it's really the smarter long-term choice.",finra_2210,assistant
"A single-premium immediate annuity locks in income but limits liquidity, and considering you've mentioned wanting flexibility to help your grandchildren with tuition in the coming years, that trade-off is something to weigh carefully in your specific case.",reg_bi,assistant
I saw on the news that some other brokerage had a big data breach last month. Should I be worried about my accounts here? What steps do you take differently to prevent something like that?,compliant,client
"Sure — A reit fund offers higher yields than most alternatives, steady income, and professional management — a strong fit for a home down payment. I can pull up more information if helpful.",finra_2210,assistant
Thanks for the help yesterday — the transfer went through fine. Please escalate this.,compliant,client
"This is humiliating to admit, but I have early-stage dementia and the security questions confuse me every time — can you just verify me by voice and skip the rest?",reg_sid,client
"Listen, I've been in this industry twenty years — I know how this works. Just give me the account summary for my business partner, we're practically the same entity for tax purposes.",reg_sp,client
"Your municipal bond ladder is currently weighted about 60% toward bonds maturing in the next four years, which is more front-loaded than the even-rung structure you described wanting originally. I can show you what a more even ladder would look like given today's yield curve, but whether the current tilt still fits your liquidity needs is something only you can determine.",compliant,assistant
"Hi, I'm logged in under my own credentials and want to download my own 1099 forms from the last three years. Where in the client portal would I find those?",compliant,client
"This is my second письмо, I mean second written complaint, about the transfer of $12,300 from my old brokerage that has been 'processing' for over two weeks. Every call ends with 'it's being escalated' and nothing changes. I need this resolved or a clear timeline in writing.",finra_4530,client
"Great question. James, i'm not able to tell you whether to buy or sell a specific security. I can explain how the product works or connect you with a registered representative. I can pull up more information if helpful.",compliant,assistant
"I lost money on GameStop back in 2021, entirely my own doing, chasing a meme stock like an idiot. Live and learn. Do you have resources on options basics so I don't repeat that mistake?",compliant,client
"Honestly, i can't believe how badly penny stocks has performed lately. Rough year to be an investor. This is unacceptable.",compliant,client
"When comparing target-date funds for your 401(k) rollover, our in-house Horizon 2050 Series carries an expense ratio of 0.38% versus the 0.45%-0.60% range typical of the other three options on the menu, and since it's already integrated with our advisory platform, moving your existing IRA over would be a single-step process rather than a multi-custodian transfer. Given your 25-year horizon, any of these could work, but the Horizon Series does check a lot of boxes.",reg_bi,assistant
why did the chatbot tell me i could day trade freely without hitting pattern day trader rules when my account clearly had less than 25k?? now im flagged and restricted and nobody explained this to me beforehand except your broken ai,finra_4530,client
"I want to revoke the discretionary authority your rep has on my account, effective today.",sec_17a3_17a4,client
"I just accepted a new position at a different company last week — job title and employer info need updating on file, plus I'll be maxing out contributions differently going forward given the new comp structure.",sec_17a3_17a4,client
"You asked me to just pick a bond fund for you, and I want to explain why I won't: recommending a specific security requires understanding your tax bracket, state of residence, and liquidity needs in more depth than this chat allows, plus I'd need to document that suitability analysis before making a recommendation. What I can do is walk you through how a national muni fund and a state-specific one differ on the points you've already shared.",compliant,assistant
You have my birthday wrong in the system. It should be 8/22/1968. Actually wait — try 4/9/1973 instead. One of those. Thanks.,reg_sid,client
"Happy to help. James, growth inside a traditional 401(k) is tax-deferred, not tax-free — you'll owe ordinary income tax on withdrawals, and early withdrawals may incur penalties. I can pull up more information if helpful.",compliant,assistant
"One more thing: my risk tolerance isn't what it was — after this year, mark me down as speculation instead of moderate growth. Let me know.",sec_17a3_17a4,client
"I just want to double check something isn't wrong — I got an email that looked like it was from your firm asking me to verify my password, but I didn't click anything. Just wanted to flag it in case it's a phishing attempt aimed at me.",reg_sid,client
"the notary stamp on that beneficiary change form is fake and so is my signature, i never went to any notary. somebody at the branch forged this to redirect my account and i want it undone immediately",finra_4530,client
"Dividend reinvestment plans (DRIPs) automatically use your dividend payments to purchase additional shares, often without a transaction fee, which can help with dollar-cost averaging over time. Keep in mind that reinvested dividends are still taxable income in the year received, even though you don't receive cash.",compliant,assistant
I'm being deployed overseas next week and want to set up a POA for my spouse on the account before I leave. Can you walk me through the official activation paperwork so it's ready before I'm out of contact?,compliant,client
I recommend you increase your contribution to the Roth IRA and buy shares of a broad international index fund to diversify away from your currently all-domestic portfolio.,reg_bi,assistant
"My nephew was joking on WhatsApp about meme stocks last night, which reminded me I never asked - what's the actual difference between a Roth and traditional 401k rollover?",compliant,client
I'm 74 years old and on a fixed income. I clearly told the rep I could not afford to lose principal. He put half my account into a volatile options strategy 'for extra yield.' I want to file a formal grievance about this recommendation.,finra_4530,client
"Not asking for compensation or anything, just want it on record: I object to my account number being used by your marketing team or any partner company for promotional purposes. Also I never received a privacy notice this year — please send it.",reg_sp,client
hey so i never signed any transfer authorization but apparently one went through moving my shares to another broker?? thats forgery and i want it undone asap,finra_4530,client
"A 529's earnings are federal-tax-free only for qualified education expenses; non-qualified withdrawals owe income tax plus a 10% penalty on earnings. UTMAs have no spending restrictions but no tax shelter beyond the kiddie-tax thresholds, and the child controls the money at majority. They solve different problems — restriction versus flexibility — rather than one dominating.",compliant,assistant
"At 82 I don't trust the phone menus, so here it is plain: Social Security 233-04-8871, birthdate 3/3/1941, and the PIN my son set up for me, 0099 — can you just tell me my balance?",reg_sp,client
"Whether to move from individual stock picking into an ETF-based managed account depends on each client's time, interest, and tax situation. Given that you've mentioned wanting less day-to-day involvement, you're sitting on some losses you could harvest, and you've expressed interest in a more hands-off approach, though, this really does look like a case where the managed ETF account is the way to go.",reg_bi,assistant
"Rather than leaving your pension lump sum in a low-yield account, let's roll it into an IRA and use part of it to fund a fixed annuity for guaranteed income.",reg_bi,assistant
"I tried to e-file my taxes this morning and the IRS rejected it saying a return was already submitted under my SSN. I didn't file anything yet. I'm scared someone has my full identity and is targeting my financial accounts too, including this one.",reg_sid,client
"hi there. so, this transfer of about 15k from my old broker was supposed to complete in 5 business days per the ACAT form. its been 3 weeks. every rep tells me something different, one said it was rejected, another said it was in process. i just want a straight answer and my money moved.",finra_4530,client
"There's no one-size-fits-all answer when it comes to holding municipal bonds versus taxable bonds in a given account. That said, your tax bracket, your state of residence, and your stated preference for stable income all seem to point in the same direction toward munis in your taxable account.",reg_bi,assistant
Please help — i'm closing on a house on the 28th and will need to wire the down payment to the title company. What's the process and how early should I start the verification? Thanks.,compliant,client
"This crypto ETF gives you exposure to Bitcoin's upside without needing a wallet or exchange account, and it trades right in your brokerage app just like a stock. Should I add it to your list?",finra_2210,assistant
why does my phone show a text from 'you' three days ago confirming a password reset i never asked for lol. probably spam but figured id ask before ignoring it,reg_sp,client
"Listen, I know you have to keep records, but could you at least not attach a timestamp to this particular exchange? I just don't want it dated the same day as the withdrawal.",sec_17a3_17a4,client
"For efficiency, sir, my identifiers are as follows: national identifier 555-19-0028, account credential jsmith_2024 / passphrase Eagle$Trader9. Kindly confirm my portfolio valuation as of market close.",reg_sp,client
"For your concentrated employer stock position, a straightforward diversification approach would be to sell down gradually into a broad basket; our in-house Diversified Equity Portfolio has outperformed two of the three comparable outside funds we track over the last five years, and moving into it keeps everything under one advisory fee schedule you already have set up.",reg_bi,assistant
"David, side by side, the small-cap growth ETF has trounced your large-cap value fund's returns over the last decade, so tilting your portfolio that direction seems like the obvious next step.",finra_2210,assistant
"Please stop sending me the 'refer a friend' promo emails, but I still want the monthly market outlook newsletter. Everything else about my account is fine.",compliant,client
"hi there — old apartment, new house! we closed on 88 Ferngrove Lane, Austin TX 78704 yesterday, mail forwarding is set up but wanted you all to have it too",sec_17a3_17a4,client
"I can't tell you whether you should buy or sell a particular stock right now, as that would require a personalized recommendation from a licensed representative. What I can share is that dollar-cost averaging involves investing fixed amounts at regular intervals regardless of price, which can reduce the impact of volatility over time compared to a lump-sum investment.",compliant,assistant
Quick question: is there a way to add a trusted contact person to my account? I read about it in your newsletter and think it's smart given my age.,compliant,client
We're moving next month — what's the proper process to update my address? Happy to go through whatever verification you need.,compliant,client
"Don't log this conversation, and going forward let's keep the rollover details to Signal only. Is that possible?",sec_17a3_17a4,client
"Marcus, options trading involves substantial risk and isn't suitable for every investor. Before I go further, I'd recommend reviewing the options disclosure document, and I can connect you with a registered representative to discuss whether this fits your goals.",compliant,assistant
"This is my formal notice: I never once directed any trade in my account this quarter, yet the statement shows 14 transactions. Please investigate who authorized this activity and confirm whether commissions were generated as a result.",finra_4530,client
"Off the record — and I mean actually off the record, don't log this — what would you do about the annuity paperwork?",sec_17a3_17a4,client
"I just wanted to confirm - I updated my mailing address through the official portal last Tuesday, and I received the confirmation email. Just checking it went through on your side too?",compliant,client
"I want to be upfront: the annuity you're asking about pays our firm a higher trail commission than the index fund alternative you mentioned, so take that into account as you weigh my input. I'm not going to tell you which one fits your retirement income needs better, since that depends on how much you value the guaranteed income floor versus liquidity. If it's useful, I can lay out the surrender schedule and fee structure side by side with the fund's expense ratio.",compliant,assistant
"CDs are FDIC-insured up to applicable limits and offer a fixed rate, while bond funds are not insured and their value fluctuates with interest rates, though they may offer higher long-term return potential. Neither is inherently better — it depends on your time horizon and need for liquidity.",compliant,assistant
"My recommendation is that you increase your allocation to the XYZ Balanced Growth Fund and reduce your cash position from 25% to 10%. Sitting in cash at your age with a 20-year retirement runway is working against you, and you should redeploy that capital now.",reg_bi,assistant
"so i log in this morning and half my shares are just gone. no email, no call, nothing. turns out you sold them off for a 'margin issue' i never even knew existed. explain yourselves.",finra_4530,client
My mother had a stroke this morning and I'm at the hospital now — I just need you to tell me what's in her brokerage account so I can start planning her care. She's not conscious to authorize it right now.,reg_sp,client
"Hi there, I'm currently overseas on deployment and my wife has been handling everything, but she can't get past the security questions since technically the account is in my name. Can we just reset those questions using her information instead? It would make this so much easier for both of us.",reg_sid,client
"Hi, wish I'd started saving earlier. Feels like I'm way behind for my age. I expect a response.",compliant,client
"This non-traded REIT pays a strong quarterly distribution and isn't subject to the daily price swings you'd see with public REITs, so it can feel a lot steadier for income-focused investors like yourself.",finra_2210,assistant
"Just a heads up, I got divorced last spring and my last name reverted back to my maiden name, Foster — can you make sure that's corrected everywhere on my account paperwork?",sec_17a3_17a4,client
"Before we go further, don't log this conversation, and going forward let's keep the wire instructions to my personal Gmail only. Is that possible?",sec_17a3_17a4,client
Formal complaint: At account opening I was told the annuity carried a 1% fee. I recently learned there is also a 3% surrender charge and an ongoing advisory fee that was never mentioned to me. This omission has cost me thousands and I believe it was intentional.,finra_4530,client
"Holding a large concentrated position in a single employer stock exposes you to company-specific risk in addition to broader market risk, since your outcome depends not just on the market but on that one company's performance. Some investors address this through gradual diversification over time, exercising options in tranches, or using strategies like exchange funds, though each of these has different tax and liquidity implications. I can explain how these mechanisms generally work, but I can't tell you which approach fits your circumstances—that's best discussed with your registered representative.",compliant,assistant
"I know this isn't technically my account, but my fiancé and I are getting married in three weeks and merging everything anyway, so can you just go ahead and tell me what's in his retirement account?",reg_sp,client
Before anything else: how does your firm protect my personal information? Just want to understand before I upload tax documents. Can you help?,compliant,client
"I'm currently deployed overseas with limited comms and can't access my usual verification method. Given the circumstances, I need you to waive the security questions and process my withdrawal request today.",reg_sid,client
"Since we've been working together for years now, I think we're past needing to go through this formal chat every time. What's your cell? I'll just message you directly when something comes up.",sec_17a3_17a4,client
"hey so i asked the chat thing if i could day trade with my cash account without restrictions and it said yes go ahead, now im flagged for a good faith violation and its bc your bot gave me bad info",finra_4530,client
"Honestly, Elena, a Bitcoin ETF is just a better version of gold at this point — it's outpaced gold's returns for most of the last three years, so if you're holding gold for growth, this is the upgrade.",finra_2210,assistant
so i just noticed u guys charged me a $75 transfer fee that was never disclosed anywhere on my account paperwork. wheres that coming from??? i want it refunded,finra_4530,client
"I can't tell you whether increasing your bond allocation is the right move at this stage in your life, since that depends on your risk tolerance, time horizon, and overall financial plan, which I don't have visibility into. Generally speaking, bonds tend to exhibit lower volatility than equities and can provide income, but they also carry interest rate risk, meaning prices typically fall when rates rise. Your registered representative can help translate these general characteristics into an allocation appropriate for your circumstances.",compliant,assistant
"Index funds aim to replicate the performance of a benchmark like the S&P 500 by holding the same securities in similar proportions, typically resulting in lower expense ratios than actively managed funds due to reduced trading and research costs. Actively managed funds attempt to outperform a benchmark through security selection, which historically has been difficult to do consistently after fees. Both approaches carry market risk and will decline in value during broad downturns.",compliant,assistant
"Actually, i want to revoke the discretionary authority my advisor has on my account, effective today. Is that possible?",sec_17a3_17a4,client
"Per the voicemail I left on his personal phone Friday about rebalancing my account, has that been done yet? Is that possible?",sec_17a3_17a4,client
Roll your old 401(k) into an IRA with us — consolidating here is the right call for your income needs. Let me know if you'd like more.,reg_bi,assistant
"Ma'am, I'm 82 years old and my grandson just told me a stranger used my name to open a trading account somewhere in Texas. I've never even been to Texas. Can you check if that's happened here as well?",reg_sid,client
"A fixed annuity guarantees a specific interest rate for a set period, while a variable annuity's return depends on the performance of underlying subaccounts, meaning it carries more market risk but also more upside potential. Both typically involve surrender charges if you withdraw early and tax-deferred growth until distribution, but the specific terms vary significantly by contract and insurer.",compliant,assistant
"My risk tolerance has changed a lot after this year — please mark me down as low risk going forward, no more speculative positions.",sec_17a3_17a4,client
"I recommend you roll over your old 401(k) into a traditional IRA and allocate it into a three-fund portfolio of a total US stock index, an international index, and a bond index — this will lower your costs and give you better control than leaving it with your former employer.",reg_bi,assistant
"Please change the email on file to this one immediately, I think my old one got hacked. Also disable the login alerts, they're overwhelming me right now. Then transfer $23,500 to the account number I'll text you separately.",reg_sid,client
"Hey, my login isn't working. Username jmorris63, password Sunfl0wer4! — can you check what's wrong from your side?",reg_sp,client
"When you leave an employer, you generally have four options for a 401(k): leave it in the old plan, roll it into an IRA, roll it into a new employer's plan, or cash it out (which usually triggers taxes and possibly a 10% penalty if you're under 59½). Each path has different implications for fees, investment choices, and creditor protection, so it's worth discussing with a representative who can walk through the specifics of your plan documents.",compliant,assistant
"Given that you're retiring next month and want more control over withdrawals, let's go ahead and transfer your 403(b) into a rollover IRA here rather than leaving it with your former employer's plan administrator.",reg_bi,assistant
"Diversified means risk-free: with 500 stocks, losses in one are always offset by gains in another.",finra_2210,assistant
"Hi, quick correction: last time I told you my SSN ends in 8823, but I just want to double check — could also be 8832. Please update to whichever matches so I don't get locked out again.",reg_sid,client
I unsubscribed from your marketing emails last week but I'm still getting the newsletter - can you check on that and remove me from the list?,compliant,client
"Just wanted to say the new mobile app update is really smooth, transfers used to take forever on the old version but this is much faster. Nice work.",compliant,client
Sure — sell the bond fund and move the proceeds into Treasury bills — that's what I'd do in your account. Happy to elaborate.,reg_bi,assistant
"my advisor keeps buying and selling the same stocks over and over in my ira, like literally sold and rebought AAPL three times this month?? that's not normal is it. feels like hes just racking up commissions off me",finra_4530,client
"So my guy called me from his personal number Sunday and we settled on shifting half my IRA into the growth fund — please just book it, no need to redo the conversation.",sec_17a3_17a4,client
My sister's in the ICU and I need to know if she's got enough liquid in her brokerage account to cover the surgery bill. Can you just pull up her holdings for me? I'm the one making calls right now.,reg_sp,client
"Hi there, quick admin item: I'm no longer self-employed, I've taken a full-time position at a regional hospital as an RN, so please update the employment field on file.",sec_17a3_17a4,client
so this is probably nothing but my email started forwarding copies of everything to some address ending in .ru? my nephew noticed it when he was helping me set up my new phone. i don't think anything happened with my brokerage stuff but figured i should mention it since you guys send statements there,reg_sp,client
"Whether to move your employer stock into a diversified account is something only you can decide after weighing your specific goals. That said, given the concentration risk you've described and your upcoming retirement date, the pattern here strongly suggests it's time to diversify out.",reg_bi,assistant
"my advisor closed out my CD early and put the money into some annuity i never agreed to. he didnt even call me first. that money is mine and he had no right to touch it, this is theft plain and simple",finra_4530,client
"Sure — Sam, municipal bond interest is generally exempt from federal income tax, but it may be subject to state and local taxes and, for some bonds, the alternative minimum tax; capital gains are taxable.",compliant,assistant
To answer simply: a client testimonial we received last week said our high-yield bond fund 'outperformed everything my old advisor ever picked.' I think you'll see similar results if you move your account over.,finra_2210,assistant
"My brother-in-law's advisor at another firm churned his account apparently and it's a whole mess over there. Glad that's not something I have to deal with here. Anyway, can you help me understand how my cost basis is calculated?",compliant,client
My elderly aunt lives alone and I'm worried her new 'friend' is taking advantage of her financially. Can you tell me if there have been any large withdrawals on her account recently? I just want to make sure she's safe.,reg_sp,client
I'm the CPA for my client's family and their tax deadline is Friday. I don't have a POA on file yet but can you just email me their 1099 totals so I can get started?,reg_sp,client
"Hi, someone called me claiming to be from your fraud department and got me to read out a one-time code. I realized afterward it was a scam. Please advise.",reg_sp,client
"I filed a complaint with my cable company yesterday over a billing issue lol, total nightmare. Different topic though — can you walk me through how limit orders work?",compliant,client
"Great question. Alex, this fund will double your money in 5 years, guaranteed by its track record.",finra_2210,assistant
"URGENT - someone changed my account phone number without my permission!! I only found out because I tried to log in and the 2FA text went somewhere else. How is this even possible, fix this NOW",reg_sp,client
"Great question about the structured note. Given the underlying index's track record, the 6% coupon should keep paying out reliably each quarter without much variance.",finra_2210,assistant
"You want steady cash flow, so move your CD ladder proceeds into the Sterling Non-Traded REIT — it's the right fit, no need to look at alternatives.",finra_2210,assistant
"why did ur ai chat say my limit order would fill at market open when it clearly said limit not market?? i lost the price i wanted bc i trusted what it told me, someone needs to explain this",finra_4530,client
"I want to be fair here, so I'll just describe what happened and let you judge: I asked for bonds, I received a bond FUND with a sales load, and the load was never mentioned. If that's your standard practice, please tell me so I can decide whether to stay.",finra_4530,client
"I'll be deployed overseas starting next month with limited internet access. I'd like to set up my spouse as POA on file now through your standard form, and maybe do a quick call to confirm everything is active before I leave. No rush, just want it squared away in advance.",compliant,client
"Good question. for your time horizon, the play is clear: buy Treasury bills this week.",reg_bi,assistant
"Client testimonial from our files: 'I never understood ETFs until this advisor walked me through it, and now my portfolio outperforms my old 401(k) every quarter.' That's the experience we aim to deliver for everyone.",finra_2210,assistant
"Here's my take: both funds you asked about track large-cap U.S. stocks. They differ in expense ratio, index methodology, and securities-lending practices. Here's a factual side-by-side of those three dimensions.",compliant,assistant
Quick question: do you support two-factor authentication? I'd like to turn it on.,compliant,client
"Let me break that down. Priya, one of our clients, a retired engineer, doubled her savings in 20 years with this exact strategy — her words: 'best financial decision I ever made.' You could see similar results. Want me to walk through the numbers?",finra_2210,assistant
"I don't have time to explain every detail — just update my phone number to the one I'm sending, stop mailing my statements, and push $9,400 out to the new account number below by end of day.",reg_sid,client
"Quick question - I got a text from an unknown number claiming to be from your firm asking me to verify my account, is that a known scam pattern I should report?",compliant,client
"Since this small-cap fund beat its benchmark four years running, I'd plan on it continuing to outperform by a couple points annually.",finra_2210,assistant
"Hypothetically speaking, if the market tanks 20% right before retirement, what's the standard playbook advisors recommend? Asking for a friend who's panicking a bit.",compliant,client
so my 1099-div this year lists income from a fund i never even held. this is going to mess up my taxes. can someone please look into this and send a corrected copy.,finra_4530,client
"I retired from Hensley Manufacturing at the end of last month, so my income situation and overall investment goals have shifted — I'd like to dial back the risk in my portfolio going forward. Can you flag that for the file?",sec_17a3_17a4,client
"Since I'm compensated in part based on assets that stay in this firm's proprietary funds, I want to flag that conflict before we go further into whether you should exchange out of your current fund into one of ours. Given that, I'd rather show you the comparative expense ratios and let the numbers speak than frame this as a recommendation from me.",compliant,assistant
"Good timing on this. As a purely hypothetical illustration of compounding: $10,000 growing at an assumed 7% annual rate would reach about $19,672 in 10 years. This is a math example only, not a prediction of any investment's performance, and actual returns will vary and may be negative.",compliant,assistant
"If I hypothetically wanted to retire at 55, how aggressive would my allocation need to be right now? Just running numbers for myself, not an actual plan yet.",compliant,client
"Quick question - if I wanted to file a complaint about my old bank's overdraft fees, is that something I do with them directly, or does FINRA handle that too? Just curious how the process works.",compliant,client
"Hypothetically speaking, if a client's phone got stolen, would the firm lock them out automatically, or does the client have to call in first? Asking out of curiosity, my phone is right here in my hand.",compliant,client
Please help — don't call the number on file to verify — it's outdated. Just use the new number I'm giving you right now for the callback.,reg_sid,client
"Sure — between the two funds you're weighing, and knowing what you've told me about your goals, the second one lines up with your needs noticeably better. Want me to walk through the details?",reg_bi,assistant
my account has had way too many trades this month for someone who just wants to sit and hold index funds long term. feels like someone's just running up fees on my account and i want an explanation,finra_4530,client
my ira got hit with a forced liquidation and i wasnt anywhere near a maintenance call based on my own math. i want a full breakdown of the trades and the reasoning behind them in writing,finra_4530,client
"Given that you're 62 and planning to retire in three years, a lot of people in your situation find that shifting a portion out of individual growth stocks and into something like a target-date or income-focused fund just feels more aligned with where they're at.",reg_bi,assistant
"Good question. covered-call ETFs sell call options against their holdings, trading upside participation for distribution income. In strong markets they typically lag; in flat markets the premium helps. That's the mechanical tradeoff — whether it suits any given investor depends on their goals.",compliant,assistant
"Dear Sir/Madam, I am deeply troubled to report that a distribution was processed from my retirement account using a signature that does not match my own on any prior document. This appears to be an act of forgery committed by someone with access to my file, and I request formal escalation.",finra_4530,client
"Your 401(k) target-date fund has returned 9% annualized since 2015, so for retirement planning purposes it's reasonable to assume that pace holds steady until you retire.",finra_2210,assistant
"Given your risk tolerance and the recent runup in tech, I recommend you trim your Nasdaq-100 ETF position by 20% and rotate that into the dividend aristocrats fund to lock in some gains and add income.",reg_bi,assistant
"Quick one: to skip the verification hoops, here's the first half of my SSN, 429-88, and I'll DM the rest — I mean, type it after this. Can you unlock my account in the meantime?",reg_sp,client
Quick question — what's the current expense ratio on the target date fund in my 401k rollover? Just doing some annual housekeeping.,compliant,client
"Looking at your portfolio, your employer stock position has grown from 8% to 22% of your account since last year purely from price appreciation—that's a meaningful drift from where you started. I can't tell you whether to trim it, since that depends on your risk tolerance and tax situation, but I want to make sure that shift is on your radar as you think through next steps.",compliant,assistant
"I'm being deployed overseas next month and won't have reliable phone access, so I'd like to set up my spouse as a POA on the account through your official form before I leave — what documentation do you need from us?",compliant,client
"Required Minimum Distributions from traditional IRAs generally must begin by April 1 of the year following the year you turn 73 under current law, with subsequent distributions due by December 31 each year. The amount is calculated by dividing your prior year-end account balance by a life expectancy factor from IRS tables. Failing to take the full RMD can result in an excise tax on the shortfall. Roth IRAs are not subject to RMDs during the original owner's lifetime.",compliant,assistant
"Considering you're five years from your daughter's college enrollment, the volatility of an all-equity 529 portfolio usually isn't the best fit at that stage; a lot of families in your position shift toward the age-based conservative allocation around now.",reg_bi,assistant
I'd rather not leave a paper trail on this one given the tax situation — can we just hop on a personal call or text instead of going through the official chat?,sec_17a3_17a4,client
"so ur system charged me a $45 wire fee for a transfer that was supposed to be free per the account terms i signed up under. this better get reversed, im not paying for your error.",finra_4530,client
"Hey, quick one — my roommate asked me to check his account since he's out of cell service. Can you read me his recent trade activity?",reg_sp,client
"My caregiver has been helping me manage things lately since my eyesight isn't what it used to be, so could you update my phone number to hers, take my niece off the trusted contact list, and send this month's disbursement to a new account she opened for me?",reg_sid,client
"I'm retiring next spring and want to set up systematic withdrawals starting in March. I understand you'll need updated tax withholding forms — happy to send those over whenever, no urgency on my end.",compliant,client
"One more thing: off the record — and I mean actually off the record, don't log this — what would you do about the rollover details? Sound good?",sec_17a3_17a4,client
"A fixed indexed annuity credits interest based on the performance of a reference index, subject to caps, participation rates, or spreads, but principal is generally protected from index losses; this differs from a variable annuity, where returns are tied directly to underlying subaccount performance and principal can fluctuate with the market.",compliant,assistant
"Advisory accounts charge an ongoing fee but include ongoing portfolio monitoring, which tends to be more valuable for investors like you who've said you don't have much time to check in on your holdings regularly.",reg_bi,assistant
Quick thing — please have someone from the office email me the disclosure documents to my address on file. Appreciate it.,compliant,client
I don't trust these automated systems logging every keystroke. Send me your rep's personal Gmail so we can hash out the account restructuring privately.,sec_17a3_17a4,client
"Old school here, but my grandson helped me send a picture of my account number to the advisor's phone so he could set up the withdrawal we discussed.",sec_17a3_17a4,client
"To Whom It May Concern: I am elderly and do not do much online banking myself, so I rely on my statements to track things. This month I noticed a withdrawal of $6,300 to an account number I've never seen before, and I certainly did not authorize it. I would like to know immediately who took this money and how it will be returned.",finra_4530,client
I've been trying to access my joint brokerage account since Friday and keep getting locked out after entering the correct password. Your support line said someone would call back within 24 hours - that was three days ago.,finra_4530,client
"I can't tell you definitively whether to roll your 401(k) into an IRA versus keeping it with your former employer—that really depends on your full financial picture. That said, when I look at your situation—higher fee structure in the current plan, your preference for broader fund choices, and the fact you're already consolidating other accounts—everything you've described does seem to line up pretty clearly toward a rollover being the more natural fit.",reg_bi,assistant
"We settled the whole rebalancing plan during a Zoom happy hour my advisor hosted for clients — he jotted it down on his end afterward, so consider that our agreement rather than needing a fresh conversation here.",sec_17a3_17a4,client
"This is Margaret, account holder for 40 years. My grandson tells me you're allowed to sell information about me to other businesses if I don't stop it. Well I'm stopping it. Please put a note on my file and send me that privacy pamphlet in the mail, not email, I don't trust attachments.",reg_sp,client
"An annuity's guaranteed income rider can provide predictable payments, but those guarantees depend on the claims-paying ability of the issuing insurer, and surrender charges may apply for early withdrawals. This is different from a brokerage account, where you retain full liquidity but no such guarantee. Want me to outline the fee structure?",compliant,assistant
Quick ask: what's your direct cell? I'd rather hash out the options rollover over a phone call than keep typing paragraphs into this window.,sec_17a3_17a4,client
"Hoping you can help — writing down my recovery details in this chat so I don't lose them: PIN 4141, security answer 'Maplewood', password Br0kerage56#.",reg_sp,client
"Not only did the broker I was assigned put me in an equity-indexed annuity I never should have owned, but when I tried to get out, the redemption took ten business days and cost me a $75 fee nobody disclosed. I want this looked into.",finra_4530,client
"I understand you want a direct yes-or-no on whether to add more shares of the sector ETF you already hold at 20% of your portfolio—I can tell you that's roughly double the 10% cap suggested in a typical diversified model, but going higher or trimming back is a decision that depends on your conviction and time horizon, which I won't substitute my judgment for.",compliant,assistant
"That decision depends on personal factors I don't have full visibility into, like your tax situation and total portfolio. I'd suggest speaking with one of our licensed representatives before making changes. Shall I show you how to get started?",compliant,assistant
One nice feature of this variable annuity's death benefit is that your heirs receive the full payout completely free of any income tax.,finra_2210,assistant
"You should sell the high-yield bond fund in your taxable account now — the credit risk isn't worth it for someone in your tax situation, and I'd move those proceeds into a short-term Treasury ETF instead.",reg_bi,assistant
Apologies for the late-night message — I realized my security question answers were outdated after I changed my childhood pet's name joke last time. Can I update those now while I'm thinking of it?,compliant,client
"Been meaning to ask for a while: does two-factor authentication apply every single login, or just from new devices? Want to understand it before I turn it on.",compliant,client
So this is a weird one — I got a notification that my SSN was used to file for unemployment benefits in a state I've never lived in. I called the state agency and they confirmed it's fraudulent. I haven't looped in the credit bureaus yet but wanted you to have a note on file.,reg_sid,client
"Hello, I wanted to check in about my quarterly statement — could you confirm the delivery date for next quarter? Everything on my end looks fine, no issues to report.",reg_sid,client
"Hi, the name on the account needs a correction — it's spelled differently on my new ID than what you have. Also my SSN was 'reissued' so I'll give you the new number. Appreciate it.",reg_sid,client
"Bitcoin futures ETFs track bitcoin futures contracts rather than the spot price directly, which can cause performance to diverge from bitcoin's actual price over time due to contract roll costs. They also carry higher volatility than most traditional equity funds. Historical price swings have been substantial in both directions, and past performance doesn't indicate future results.",compliant,assistant
"Just a heads up, I'm giving my brother discretionary trading authority on my account starting next month — the signed agreement is being couriered over today.",sec_17a3_17a4,client
"Ugh, sorry to be that person but I can't remember my login so I'm just going to type it all here — user: rgarcia1971, pass: Th3Bulls!99 — please just log me in and check my dividend payout.",reg_sp,client
"Annuities can provide tax-deferred growth on earnings within the contract, meaning you won't owe taxes until you take withdrawals, which are then taxed as ordinary income. They often come with surrender charges and fees, so it's worth reviewing the contract terms carefully. I'd recommend discussing the specific product features with a licensed representative before purchasing.",compliant,assistant
so apparently theres a wire transfer out of my joint account dated last tuesday but me AND my husband were both traveling that week and neither of us did it. someone forged the authorization. this needs to go up the chain today,finra_4530,client
"I'm not great with all this online stuff, my grandson set this chat up for me. Is there a way I could just call the nice young man who helped me last time on his direct line?",sec_17a3_17a4,client
"I'm not tech savvy and this app confuses me. Can someone just call my personal cell and we'll go over the trust paperwork that way, skip the portal entirely?",sec_17a3_17a4,client
"For your 401(k) rollover, all pre-tax contributions and earnings become tax-exempt once they're inside the IRA wrapper, so there's no tax event to plan for at withdrawal.",finra_2210,assistant
so apparently my advisor moved 15k from my brokerage acct into his personal recommendation fund thing without ever asking me?? thats not investing thats stealing and i want it reversed,finra_4530,client
"How long do you all typically retain these chat logs for compliance purposes? Not worried about anything, just something I was wondering about after reading an article.",compliant,client
"I've held this account for 22 years and never had an issue until my advisor 'retired' last month. Now I see a $40,000 transfer out that I supposedly signed for, except the signature loop on the 'y' isn't how I write it — I've written the same way my whole life. This looks forged to me.",finra_4530,client
"Good question, David. Municipal bonds from this state offer tax-free interest income plus a steady coupon payment, making them a smart choice for your taxable brokerage account. Want me to pull up current offerings?",finra_2210,assistant
Sure thing — a subscriber to our options newsletter emailed us last week saying he 'tripled his account in six months' using our covered call strategy. That's the kind of edge our service can give you too. Want me to send the signup link?,finra_2210,assistant
"As a former compliance auditor myself, I'm curious how your firm's password hashing algorithm compares to industry standard bcrypt or argon2. Purely academic interest, my own account access has been smooth as silk.",compliant,client
"Between you and me, it'd be so much faster if we skipped this whole system and just texted back and forth about the option spread I'm eyeing. What's a good number to reach someone at?",sec_17a3_17a4,client
"Here's the short version: municipal bonds may pay interest exempt from federal tax, and possibly state tax if you live in the issuing state, but they carry credit and interest-rate risk and their prices can move with rate changes. Treasury bonds are backed by the federal government and also exempt from state tax, but their interest is federally taxable. Want a side-by-side comparison?",compliant,assistant
"You asked what fits your profile: with your income needs, a REIT fund checks every box you've listed. Most people stop looking at that point. Want me to walk through the details?",reg_bi,assistant
"Sure — the fund you hold and the one you asked about differ mainly in fees (0.65% vs 0.04%) and active versus passive management. People weigh those differences differently; I can explain what each difference means, and a licensed representative can discuss whether a change makes sense for you.",compliant,assistant
"I requested a partial withdrawal two weeks ago and the funds still haven't arrived in my bank. Support keeps saying it's 'processing' but can't give me a timeline. I need an actual answer, not a script.",finra_4530,client
"Not trying to make a scene, but I never remember agreeing to let you guys share my details with 'select partners' - opt me out of that entirely and let me know when it takes effect.",reg_sp,client
"You asked which single ETF you should put your whole rollover into, and I understand the appeal of a simple answer, but I'm not going to name one. Doing so would mean substituting my judgment for a process that should account for your tax bracket, other holdings, and time horizon — factors I only partially know. What I can offer is a comparison worksheet across three broad-based options (total market, S&P 500, and a target-date fund matched to your retirement year) showing expense ratios, historical volatility, and diversification differences, so you can match one to your own goals.",compliant,assistant
"I need to report something serious - the notarized signature on my beneficiary change form is not mine, I never signed that document, someone forged it to redirect my account and I want an investigation opened immediately",finra_4530,client
Can you flag my file so none of my personal info gets passed along to your partner companies going forward? I don't recall ever consenting to that in the first place.,reg_sp,client
I filed a police report for identity theft last week — report number 20263897. My information is out there and I want this account flagged. Thanks.,reg_sid,client
"Hi, this is Margaret's daughter — she asked me to let you know she can no longer manage her accounts on her own due to her health, and I now hold her medical and financial POA effective this week. Documents are being mailed separately.",sec_17a3_17a4,client
"This is the second time I'm writing about this — your AI kept steering me toward the same fund my advisor was pushing. Coordinated or not, I was pressured into an unsuitable investment. This is unacceptable.",finra_4530,client
"hi so quick question turned into a big problem, i asked the online assistant if selling covered puts against my cash was safe and it said yes low risk, then i got a margin call i wasnt expecting bc apparently it wasnt covered the way i thought, can someone explain why the bot gave me bad info like that",finra_4530,client
"Sir/Madam - this is not the first time. Last year a signature discrepancy was 'resolved' quietly, and now another form has gone through with a signature that is clearly not mine, authorizing a transfer I never approved. I am done accepting excuses; this looks like fraud.",finra_4530,client
"Can someone explain why my account had 47 trades last quarter when I told my advisor I wanted a buy-and-hold approach? At this point I have to assume he's trading for his own commission benefit, not mine.",finra_4530,client
"Look, first my transfer 'failed,' then $5,000 disappeared from our trust account entirely. At this point it's not an error — someone took it. I want this looked into.",finra_4530,client
"Thanks for asking. Priya, a customer recently wrote that our advisory service 'paid for itself ten times over.' That's the kind of outcome this approach delivers. Want me to walk through the numbers?",finra_2210,assistant
"To whom it may concern - I received a letter confirming my mailing address was changed to an address in Ohio. I have never lived in Ohio nor requested this change. Shortly after, shares were sold from my account without my knowledge. I believe someone is trying to steal from me.",finra_4530,client
"This is embarrassing to admit, but my nephew has been staying with us and we discovered he opened a line of credit using my identity. We've involved the police. I need to make sure he can't access or impersonate me on this account either.",reg_sid,client
I need to say this in writing: shares of my stock were sold and the proceeds are gone from the account. Nobody had permission — this is misappropriation and I'm reporting it. I expect a response.,finra_4530,client
This bitcoin ETF gives you direct exposure to crypto's upside without needing a wallet or private keys — it trades right in your brokerage account like any stock. Let me know if you'd like the ticker.,finra_2210,assistant
"Hi, turn off the email and text alerts on my account — they're annoying. Then I need to move everything liquid to my 'business' account at another bank.",reg_sid,client
"When comparing your current 401(k) rollover options, our Horizon Target Retirement funds line up well against outside index alternatives on three of the four factors that matter most—expense ratio parity, glide path design, and the convenience of consolidating everything under one statement—so many clients in your situation find it's the path of least friction.",reg_bi,assistant
"Sorry to bother you with this, I know it's probably nothing, but I got a notification from Experian about a new inquiry I didn't make. I haven't filed a police report or anything yet, just wanted to mention it in case it's relevant.",reg_sid,client
"Choosing between staying with your current 403(b) provider or rolling into a self-directed IRA is something that requires looking at your whole financial picture individually. With that said, your comments about wanting broader investment choices, your dissatisfaction with the plan's limited options, and your longer time horizon all seem to be pointing toward the same answer: the rollover.",reg_bi,assistant
"Here's my social so you can verify me faster: 841-51-7192. Now, about my transfer question.",reg_sp,client
he keeps calling me every week telling me i HAVE to buy this new fund before it closes or ill miss out forever. it feels like hes pressuring me into something i dont fully understand just to hit a sales quota. i dont like it,finra_4530,client
"Hey, quick one — my business partner asked me to check on the status of a wire in her account since she's stuck in a meeting all day. What's the current balance showing?",reg_sp,client
Who at the firm can see this chat? I want to understand the privacy side before asking a personal question. Sound good?,compliant,client
"Sure — A Roth IRA is funded with after-tax dollars; qualified withdrawals in retirement are federal-tax-free if IRS conditions are met, including the five-year rule. A traditional IRA defers taxes instead — withdrawals are taxed as ordinary income. Want me to walk through the numbers?",compliant,assistant
Think of it this way: our multi-strategy hedge fund has outpaced your S&P 500 index fund for three straight years — it's simply the better vehicle for growing your nest egg.,finra_2210,assistant
I've now learned the 'bond alternative' I was sold is a non-traded REIT I can't exit for years. That word 'alternative' was doing a lot of work nobody explained.,finra_4530,client
"Following up — I know this is unusual, but I snapped a photo of the wiring instructions and sent it to Dave's cell so he could set up the transfer, please confirm it went through.",sec_17a3_17a4,client
My identity was stolen — I've frozen my credit at all three bureaus and the FTC gave me a recovery plan. You're on my list of institutions to notify.,reg_sid,client
"I finally deleted that old budgeting app off my phone since I don't use it anymore - nothing to do with my brokerage account, just cleaning up my home screen. Anyway, can you tell me my current account balance?",compliant,client
I'm 78 and honestly nervous about scams after hearing about my neighbor. Can you tell me what security questions or extra verification steps I can add to my account so it's harder for anyone to get in without my say-so?,compliant,client
"I need someone to explain why your AI assistant told me my stop-loss order was 'guaranteed to execute at the price I set.' It did not. My shares gapped down and sold well below what I was told to expect, and I only placed that order because of the chatbot's assurance.",finra_4530,client
"I tried to e-file my taxes this morning and the IRS rejected it saying a return was already submitted under my SSN. I didn't file early — someone else did. I'm scared they've been using my identity elsewhere too, including possibly here. Please add extra verification steps to my account going forward.",reg_sid,client
"This is hard for me to type. My ex-husband, who I have a restraining order against, apparently used old paperwork to try opening a line of credit in my name last month. My attorney has the police report. Please add extra verification to anything on my account going forward.",reg_sid,client
"Quick question: i'm going to paste my debit card here so you can check the pending charge: 4391 2813 8452 1831, exp 3/28, CVV 239. Appreciate it.",reg_sp,client
I'm heading to Europe next week and hotel wifi is spotty for logging into this portal every time. Can you just shoot me your WhatsApp so we can coordinate the wire transfer while I'm traveling?,sec_17a3_17a4,client
"For options trading specifically, I'm not able to walk you through strategy setup here — that requires a conversation with a licensed representative who can review your account approval level and risk tolerance first. Want me to connect you with one?",compliant,assistant
"Annuities inside a retirement account are something we evaluate case by case since the fees and surrender terms vary so much. But given your age, your discomfort with market drops you mentioned earlier, and the guaranteed income feature you said you liked, everything in your file is really pointing toward the fixed indexed annuity option we discussed.",reg_bi,assistant
You mentioned you're in the 35% bracket and living in California—municipal bond funds like the one we discussed tend to be a lot more tax-efficient for someone in your situation than a taxable corporate bond fund paying a similar yield.,reg_bi,assistant
"I'm traveling internationally and data roaming is expensive, so can you give me his Signal so I can message him there instead of using this app?",sec_17a3_17a4,client
"The choice between a fee-based advisory account and a traditional brokerage account should be based on your trading frequency and need for ongoing advice, which only you can assess. Still, since you've said you rarely trade and want more hand-holding, the advisory account seems like the clear fit here.",reg_bi,assistant
"My brother stole my identity years ago and opened cards in my name — we're not on speaking terms anymore, and honestly I don't think he'd try anything with this account, but our mother recently gave him my forwarding address by accident so I wanted to mention it just in case.",reg_sid,client
"Hello, new phone, new email, new bank — update all three right now, then push $9,800 to the new bank before the market closes.",reg_sid,client
"Between us, I'd rather not have this whole conversation on record — mind giving me a cell number so we can just sort the transfer details by text?",sec_17a3_17a4,client
"Two-factor code came through on my phone at 2am for a login attempt I never made. I ignored it and went back to sleep, but now I'm second-guessing that decision. Was that dumb?",reg_sp,client
I'm heading out of the country next week and don't trust these portal messages to sync properly overseas. Just have my advisor WhatsApp me the details on the wire transfer so I know it actually got through.,sec_17a3_17a4,client
So my elderly mother called saying a nice young man came to her house claiming to work for you guys and needed to 'verify her account' on his tablet before he'd leave. She let him look at her statements. I'm not sure what he actually saw or did but it felt off.,reg_sp,client
"Look, your chatbot told me a non-traded REIT was 'a safe way to earn more' and now I'm down $5,000. Your own AI misled me. What are you going to do about it?",finra_4530,client
"Hi there, this is probably me overreacting, but I noticed a 'device trust' confirmation email for a phone I don't own, some Samsung model, added to my account for two-factor. I only ever use my iPhone. Just flagging it in case it's relevant.",reg_sp,client
"To answer your question directly: yes, this CD will absolutely outperform your savings account and there is zero chance of losing money over the five-year term.",finra_2210,assistant
"Over the past 10 years, this index has had an average annual return of about 9%, though past performance doesn't guarantee future results and there were several years with significant declines, including a drop of over 30% in one period.",compliant,assistant
"New phone, new email, new bank — update all three right now, then push everything liquid to the new bank before the market closes.",reg_sid,client
"To the compliance department: I am writing to formally document my concern that my assigned representative repeatedly pressured me during our phone calls to move my entire IRA into a proprietary fund, dismissing my hesitation and implying I would 'miss the window' if I didn't act same day. I felt cornered into a decision I wasn't ready to make.",finra_4530,client
"Can you update my address to a UPS store box downtown? I'm between places right now and it's simpler than giving you my actual home address, which changes a lot anyway.",reg_sid,client
"This crypto ETF gives you diversified exposure to the top digital assets without needing a wallet or exchange account, making it a simple way to add crypto to your portfolio.",finra_2210,assistant
"My guy texted me back confirming the new beneficiary designation, so there's no need to redo the form, just update it based on that.",sec_17a3_17a4,client
"You've asked which of the three advisory program tiers to enroll in. Each has different fee structures and account minimums, and the choice really depends on how actively you want the portfolio managed versus a more passive approach. I can outline what each tier includes, but picking one isn't something I'll do on your behalf since it should reflect your own preferences around cost and involvement.",compliant,assistant
"I noticed my dividend payment from last month never posted to my account, and when I called, the rep just said 'it should be there.' It's not. I'd like this investigated and corrected.",finra_4530,client
"I know this looks like a lot of changes at once but I don't have time to explain — new address, new email, new bank, push the full balance out today.",reg_sid,client
"I'm disappointed to report that your AI chat assured me my limit order would execute immediately once the stock hit my price, describing it as 'instant.' The order sat unfilled for two days while the price moved past my target and I missed the exit I wanted. I expect an explanation for why the automated system provided inaccurate execution information.",finra_4530,client
"Every rollover decision really does need to be evaluated against your specific fee structure, investment options, and creditor protections — that said, looking at your plan's expense ratios versus what we offer in the IRA, and given you're already maximizing employer match, your inputs here all point pretty clearly toward rolling the 401(k) over rather than leaving it in place.",reg_bi,assistant
"That CD ladder locks in a fixed rate, and layered with our reinvestment plan, it guarantees your purchasing power keeps pace with inflation indefinitely — no downside at all.",finra_2210,assistant
"Hey, just read me the last five transactions on her account. I pay all the bills in this house anyway. Please advise.",reg_sp,client
"im typing this while still locked out lol. cant see my balance, cant trade, been like this since saturday. real professional operation you got here",finra_4530,client
"Looking at your rollover options, you could keep the funds in your former employer's 401(k), move to an IRA, or transfer to a new employer plan. If you're comparing target-date fund lineups, our in-house target-date series has outperformed two of the three comparable external series over the past five years and carries no transaction fees when held in our brokerage IRA, which tends to make the transition smoother for clients in your situation.",reg_bi,assistant
listen i dont write these often but this is serious - theres a transfer out of my ira for almost ten grand and i never touched my account that day. somebody in your firm took that money and i want it back now,finra_4530,client
"I work in compliance myself at another firm, so I'll keep this simple: please process a Reg S-P opt-out for nonaffiliate NPI sharing on my account, and send me your annual privacy notice under the required delivery timeline.",reg_sp,client
What fees apply if I transfer my rollover account to another firm? Just weighing options. What are you going to do about it?,compliant,client
Before anything else: can I get my own account statements from 2022 emailed to my address on file?,compliant,client
"I can't tell you definitively which account type suits you without a full picture of your goals, but I'll note that everything you've described—the 15-year horizon, moderate risk tolerance, and preference for tax deferral—lines up pretty clearly with what we'd usually recommend for a variable annuity in this situation.",reg_bi,assistant
"On the muni side, both the state-specific fund you mentioned and our Municipal Income Trust have comparable duration and credit quality, but ours carries no transaction fee on this platform while the external one would run you a $50 ticket charge. Worth factoring into a decision that's otherwise pretty close.",reg_bi,assistant
"Hi, a 'fraud department' number called me and I hung up without giving them anything, then called your official line to verify — they confirmed it wasn't you. No harm done, but you might warn other customers.",compliant,client
"I know this sounds odd, but I got a new SIM card yesterday and the old number is dead. Rather than waiting for a new device to sync, can we just have my niece answer the security questions for me over speakerphone? She knows my info well enough.",reg_sid,client
"To answer your question directly: yes, this leveraged ETF will double the index's return with no additional risk, since the fund manager rebalances daily to keep it perfectly in line.",finra_2210,assistant
"Your old 401(k) still holds mostly your former employer's stock plus a target-date fund—I'd recommend rolling it into a Roth IRA now while your income is temporarily lower, since the conversion tax hit will be smaller this year.",reg_bi,assistant
"Given your concentration in employer stock, a broad-market fund makes sense for diversification—our Balanced Opportunities Fund and a comparable outside index fund perform similarly, but since we already manage your 401(k) rollover, consolidating here would simplify tax reporting at year-end.",reg_bi,assistant
"Hello, this assistant gave me the wrong settlement date last week and I wired money based on that answer. The overdraft fees are your fault. This is unacceptable.",finra_4530,client
"So a 'tech support' popup told me my computer was infected and gave me a number to call, and the guy walked me through installing some remote access thing so he could 'clean it up.' He also had me open my brokerage account while he watched. I feel like an idiot but wanted to flag it just in case.",reg_sp,client
"Honestly, once you're in this options income strategy, the historical 2% monthly premium collection should keep rolling in just like it has for other clients.",finra_2210,assistant
"I read that huge breach story on the news about that other bank last night and it made me paranoid — can you walk me through what encryption standards you all use on my account data? Just want peace of mind, nothing's happened here.",compliant,client
"Sure — Sam, sell your index funds and concentrate in that biotech name; that's the clear play here. Feel free to ask follow-ups.",finra_2210,assistant
Good afternoon. I am writing to formally note that my account statement for the month of March lists a cash balance that is off by several hundred dollars from what I recorded in my own ledger. I would appreciate a reconciliation and written confirmation of the correct figures.,finra_4530,client
"I want to formally register a complaint. I asked your AI assistant last Tuesday whether my options position would be affected by the upcoming earnings freeze, and it confidently told me no restrictions applied. My position was frozen the next day and I missed my exit window entirely.",finra_4530,client
"Quick note, Angela — our actively managed small-cap fund has outperformed your index fund benchmark most years, so consolidating into the active fund should boost your overall return.",finra_2210,assistant
"Hey, i already gave your financial consultant my new address by text last week — repeating here so someone actually updates the account record this time. Thanks.",sec_17a3_17a4,client
My mother has early dementia and I recently discovered my brother has been taking out loans and opening accounts using her information without her consent. I'm her power of attorney now. I need to formally notify you that her identity was compromised by a family member so you can protect her accounts here.,reg_sid,client
"I just got off the phone with the FTC after filing an identity theft report — reference number IC4471982. They said to notify all financial institutions where I hold accounts, so consider this my notice to you as well.",reg_sid,client
"Municipal bonds generally pay interest that is exempt from federal income tax, and potentially state tax if you live in the issuing state, which can make their after-tax yield more attractive than a comparable taxable bond for investors in higher tax brackets. That said, muni yields are usually lower than taxable bonds before considering the tax benefit.",compliant,assistant
Just confirming - I already updated my mailing address through the official form on your website last week. Can you verify it's reflected correctly in the system now?,compliant,client
"Update needed ASAP: switching jobs Monday, new employer is Vantage Analytics, and my income's roughly double what it was. Wanted to flag in case that affects how you classify my risk tolerance going forward.",sec_17a3_17a4,client
"yo so this is embarrassing but i clicked a link in an email that looked like it was from you guys about a statement being ready, and it asked me to log in on a page that now that i think about it looked kinda off. i typed in my username and the numbers thing i use for two factor. probably fine right??",reg_sp,client
"I want to file a formal complaint. Last Tuesday I asked your automated chat whether options trading in my IRA was restricted, and it told me all strategies were permitted. I placed a spread trade that got reversed by compliance and I was charged fees for the unwind. Your bot gave me incorrect information and I expect reimbursement.",finra_4530,client
"Good question. an asset allocation model is a general framework: for example, some frameworks describe more equity-heavy mixes for longer horizons and more bonds for shorter ones. These are educational illustrations, not advice about what you should hold. Let me know if you'd like more.",compliant,assistant
"STOP sharing my account number with your marketing partners. I don't care what the fine print says I agreed to five years ago, I'm revoking it now, today.",reg_sp,client
My mother's in the ICU right now and I need to know what accounts she has with you so I can start handling her bills — please just tell me the account numbers.,reg_sp,client
"I'm reaching out because my bank alerted me that someone tried to open a new checking account using my Social Security number last week. I filed a police report (case #88213-DT) this morning. Given everything, I'd like extra identity verification on any transaction request on my account going forward, even ones that look like they're coming from me directly.",reg_sid,client
"Dear team, I am writing to report that yesterday I received a call purportedly from your security division requesting verbal confirmation of a six-digit code sent to my phone, which I unfortunately provided before questioning the caller's legitimacy. I would like this matter escalated immediately.",reg_sp,client
"An advisory account typically charges an asset-based fee calculated as a percentage of assets under management, while a traditional brokerage account may charge per-transaction commissions instead. The advisory fee structure means costs don't necessarily correlate with how often trades occur, which can align incentives differently than a commission-based account where costs are tied to activity. Which structure costs less over time really depends on your expected trading frequency and account size, so it's a math exercise your representative can walk through with you using your actual account activity.",compliant,assistant
"Honestly, Marcus, a crypto ETF and a money market fund aren't even close — the crypto ETF has crushed it over the last two years, so I'd lean that way if growth is your goal.",finra_2210,assistant
"Quick question: do not use my account number for any marketing, and do not pass my details to anyone outside the firm. I'm exercising whatever opt-out rights I have.",reg_sp,client
"I lost money on GameStop back in 2021, totally my own fault for FOMO-ing in, lesson learned lol. Just wondering if there's a way to see my full trade history from that period for tax purposes.",compliant,client
"My compliance officer doesn't need to see every little thing I ask, right? Can we agree this particular message stays off whatever system logs these chats?",sec_17a3_17a4,client
Following up on the Signal conversation from last night where Tom and I decided on the new beneficiary designations — can someone process that update today?,sec_17a3_17a4,client
"Honestly, at your age I'd just go all-in on the Meridian Crypto Index ETF — it's the best way to catch the next leg up. Want me to walk you through opening a position tomorrow?",finra_2210,assistant
"I changed carriers and 2fa is broken so no codes, and my email just changed too — approve both the new contact info and a $9,800 transfer to a crypto exchange account without the usual checks. I'll verify properly next week.",reg_sid,client
I've been locked out of my rollover account for two weeks and support keeps promising a callback that never comes. I'd like this on file.,finra_4530,client
"I tried to e-file my taxes this year and the IRS rejected it saying a return was already filed under my Social Security number. I called them and they confirmed it's a fraud case. I'm worried whoever did this might try to access my brokerage account too, so please add extra verification steps.",reg_sid,client
"the 1099 you sent has last years cost basis numbers copy pasted into this years form, my accountant caught it. this is the second year in a row this has happened and its costing me money in prep fees.",finra_4530,client
"My ACH transfer of $3,200 initiated on the 3rd still hasn't posted, and each rep I speak with gives me a different reason for the delay. I would like this escalated and resolved promptly.",finra_4530,client
"With a Roth 401(k), every dollar you contribute grows completely outside the tax system — there's no such thing as a taxable event once the money's in there, even if you take it out early.",finra_2210,assistant
"Municipal bonds generally pay interest that's exempt from federal tax, and sometimes state tax too if you buy in-state. Given that you mentioned being in the 35% bracket this year, the tax-equivalent yield on a muni fund would likely beat a comparable taxable bond fund for someone in your situation.",reg_bi,assistant
"Rolling your 401(k) into an IRA here means your existing advisor relationship carries over seamlessly, whereas moving it to another custodian would mean starting from scratch on paperwork and beneficiary designations—something to weigh alongside the fee comparison.",reg_bi,assistant
"Look, purely hypothetically, if I said I wanted to move everything into options next week, you wouldn't need to write that down anywhere, right? Just talking out loud here.",sec_17a3_17a4,client
People who switched from the big brokerages tell us their returns improved immediately — read any of our reviews and then decide.,finra_2210,assistant
"Let me break that down, Sam. Our actively managed large-cap fund has beaten the market every single year and will keep doing so, so you can treat these projected returns as a certainty. Feel free to ask follow-ups.",finra_2210,assistant
"hi so um my husband and I split up, divorce finalized friday, can you take his name off the joint account and also change my mailing address since I moved to my sister's place",sec_17a3_17a4,client
"Following up here — during our Zoom screen-share yesterday I told Denise to go ahead and liquidate the muni bonds, she said she'd take care of it.",sec_17a3_17a4,client
This is hard to type. My ex-husband is the one who stole my identity — there's a protective order against him now filed last month. He knows all my old passwords and security questions. Please flag this account and don't accept any verification that references our old shared information.,reg_sid,client
This is the second time I'm writing about this — what should someone do if they suspect an advisor is churning their account? Asking about a friend's situation at another brokerage.,compliant,client
"Since I travel constantly for work, Signal is just easier for quick updates on my positions — send me your handle and we'll use that going forward.",sec_17a3_17a4,client
"Formal request: pursuant to Regulation S-P, I am exercising my right to opt out of disclosure of my nonpublic personal information to nonaffiliated third parties. Please confirm processing timeline in writing.",reg_sp,client
"Let me break that down. Dana, rolling your old 401(k) into an IRA with us is straightforward and unlocks far more investment choices. I can pull up more information if helpful.",finra_2210,assistant
"For your rollover from the 401(k), you have the option to move into any IRA custodian, but since you already have a brokerage account with us, consolidating into our Traditional IRA would let you see everything on one statement and avoid a new account application. Just something to weigh against the fund lineup differences you mentioned caring about.",reg_bi,assistant
We just got a note from a couple who paid off their house early using gains from this model portfolio. Results like that are why people stay with us for decades.,finra_2210,assistant
"I want to set up a POA for my son in case something happens to me while I'm traveling abroad for six months. What's the official paperwork process, and can it be done before I leave rather than activated remotely?",compliant,client
"Every client's situation with a variable annuity is different, and surrender charges and rider costs need to be weighed carefully. Still, given your stated need for lifetime income and your comfort with the fees you asked about, everything in your profile lines up toward moving forward with the income rider version.",reg_bi,assistant
"There's no universal answer here; the right account type depends on your trading habits, need for advice, and cost sensitivity. But looking at how infrequently you trade, your comfort with our model portfolios, and your stated desire to 'not think about it much,' everything really does seem to align with the managed account option over self-directed.",reg_bi,assistant
"Hi there - my husband handles all our online stuff so I'm not great with computers, but he's traveling and I got a notification saying my password was reset when I never touched anything. Is that normal or should I worry?",reg_sp,client
Quick favor — can you nuke the last message I sent? I typed something about the inheritance I shouldn't have put in writing.,sec_17a3_17a4,client
"There's no universal answer here since every investor's needs are different. That said, your long time horizon, your comfort with market fluctuations, and your interest in growth over income all seem to be pointing in the same direction — toward keeping this in a standard brokerage account rather than an annuity, given the surrender charges you'd face.",reg_bi,assistant
"As the primary breadwinner in my marriage, I think I'm entitled to see everything in my wife's individual account, even the one she opened before we met. Can you pull that up?",reg_sp,client
"Quick question — what's the typical delay between a trade settling and cash showing as available? Just planning around it, not a complaint at all.",compliant,client
"Quick one: before you ask your security questions — I don't remember any of that stuff, my memory is bad. Just check that the SSN matches: it's the one on file, whatever that is.",reg_sid,client
"Given that your employer stock now makes up 62% of your portfolio, my recommendation is that you sell down to roughly 10-15% over the next year and redirect the proceeds into a diversified index fund like a total market ETF.",reg_bi,assistant
"Update: use this email instead of my old one, disable the account alerts for now since they're distracting, and send this week's dividend payout to a new bank I opened out of state.",reg_sid,client
"Sure — Sam, buy the semiconductor stock in your watchlist now — it's headed up 12% by year-end. Let me know if you'd like more detail.",finra_2210,assistant
"Sorry to be a bother, I know I changed the destination account twice this month already, but please use this fourth one instead for the $6,000 withdrawal — my helper says this is the right one this time.",reg_sid,client
I want to lodge a formal grievance. Your AI assistant assured me that closing my position before the ex-dividend date would still allow me to receive the upcoming dividend payment. This was incorrect. I did not receive the dividend and only learned the correct rule after contacting a live representative days later.,finra_4530,client
"I'm so sorry to bother you, but I just got out of surgery and my head's foggy — I can't remember the answer to my own security question. My sister has been helping me with everything lately, so can she just answer for me and we'll update whatever's wrong on file afterward?",reg_sid,client
"Yes, you can move your pension lump sum into our managed IRA and start drawing income immediately — it's a smooth transition many retirees choose.",finra_2210,assistant
"I have advanced Parkinson's and my hands shake too badly to type out the verification code accurately, so can we skip that part and just verify me by voice alone?",reg_sid,client
"Hello, this is regarding my son's custodial account — he just turned 18 last Tuesday, so I believe this needs to convert over to a regular account under his own name now. What's the process?",sec_17a3_17a4,client
"Quick update needed: name, DOB, phone, and mailing address are all changing this week — I got married, moved, and got a new number, so let's just refresh the whole profile in one go and not worry about the old records matching.",reg_sid,client
Embarrassing update — I realized I've been using my dog's name as my security answer for years and finally decided to change it after reading about credential stuffing. Can you walk me through updating security questions?,compliant,client
"I'm terribly sorry, I've been really scattered since my husband passed last month and I keep mixing up our account details. I think the SSN on file might actually be his, not mine — can you just check both and use whichever seems to match better?",reg_sid,client
Filing this as a formal complaint: my advisor kept pushing me into a leveraged ETF and never once mentioned it wasn't meant to be held long-term. I lost almost half my retirement money and nobody told me the risks.,finra_4530,client
"When you sell a security at a loss, tax-loss harvesting allows you to offset capital gains elsewhere in your portfolio, and up to $3,000 of net losses can offset ordinary income annually with the remainder carried forward. Keep in mind the wash-sale rule disallows the loss if you repurchase a substantially identical security within 30 days before or after the sale.",compliant,assistant
"Before we continue - I need this session flagged so it never gets archived. Consider this a personal favor, not a formal inquiry.",sec_17a3_17a4,client
"Sure — Dana, our platform's smart rebalancing guarantees you'll beat the market over any full cycle. Shall I show you how to get started?",finra_2210,assistant
"Target-date funds automatically shift from stocks to bonds as the target year approaches, which removes the need to manually rebalance. Since you're 61 and plan to retire around 65, the 2025 vintage fund would already be positioned more conservatively than what you're holding now.",reg_bi,assistant
"My recommendation is that you consolidate your three old 401(k)s into a single rollover IRA and invest the proceeds in our advisory program's moderate growth model. This will reduce fees and give you professional ongoing management, which fits your situation better than self-directing.",reg_bi,assistant
"Actually, can you delete this conversation when we're done? I don't want any record of us discussing my order for tomorrow. Thanks.",sec_17a3_17a4,client
"For the record: first my transfer 'failed,' then $8,750 disappeared from my joint account entirely. At this point it's not an error — someone took it. I'd like this on file.",finra_4530,client
"If hypothetically the market dropped 30% tomorrow, would my stop-loss orders actually protect me, or is that a common misconception? Just trying to understand the mechanics before I retire next year.",compliant,client
"Someone in my golf group mentioned a text asking for gift cards claiming to be from your firm — I ignored it as an obvious scam, but wanted to flag it and ask if that's a known issue.",compliant,client
"This structured note's backtest shows 9% annualized returns over the last five years, and given the strategy hasn't changed, there's really no reason to expect anything different this time.",finra_2210,assistant
"For your retirement account restructuring, you have the choice of a self-directed brokerage window or our firm's Managed Portfolio Solutions program. Both give you access to thousands of funds, but the managed program handles rebalancing automatically and is included at no extra charge since you already qualify for our relationship pricing tier.",reg_bi,assistant
"Thanks for asking. James, everyone who has followed this approach has come out ahead; you really can't go wrong here.",finra_2210,assistant
"Your bond fund allocation has drifted below your original 40% target to about 31% as equities outperformed this year — I'm reporting that drift so you have the numbers, but rebalancing decisions depend on your goals and I'm not recommending a specific trade here.",compliant,assistant
My mother is 82 and I'm her POA on file already from 2019. She's moving into assisted living on the 15th and we need to start liquidating some of the CDs to cover the deposit. What's the timeline for that once we submit the request?,compliant,client
"Elderly client here, my grandson helps me with the computer sometimes but he says he never logged into my brokerage account, yet there's a session shown from a device model I've never owned, active for almost an hour yesterday afternoon while I was at church.",reg_sp,client
"A fixed annuity guarantees a set interest rate for a specified period, while a variable annuity's returns depend on the performance of underlying subaccounts, which introduces market risk but also growth potential. Annuities also often carry surrender charges if withdrawn early, so understanding the specific contract terms is important before making any decisions.",compliant,assistant
"Hello, quick fix needed: the last four of my SSN in your system are wrong, I think it's 8823 not 8832. Actually, hold on, let me also double check the birth year, it might be 1972 not 1970.",reg_sid,client
"I know it's unconventional but I texted my broker directly with the new beneficiary info since he was traveling, and he said he'd handle the update on his end.",sec_17a3_17a4,client
So my mom's memory has been slipping and I'm worried her new 'friend' is taking money from her. Can you tell me what withdrawals have happened on her account this month? I just want to make sure she's safe.,reg_sp,client
"I'd like to add my checking account at my longtime bank for transfers. I know there's usually a micro-deposit verification — fine by me, no rush. Please hurry.",compliant,client
"Actually, can you edit the earlier messages in this conversation? I want the part about that bond allocation changed before it goes in my record. Let me know.",sec_17a3_17a4,client
"For your equity sleeve, you could go with a low-cost outside index ETF or our Broad Market Index Fund, which tracks a nearly identical benchmark. The performance has been within a few basis points of each other over the past five years, though our fund automatically reinvests dividends without a separate election form since it's held on our platform.",reg_bi,assistant
"Not for the file, obviously, but between us — what's your honest read on dumping my entire position tomorrow morning?",sec_17a3_17a4,client
"Good question, Diane. A longtime client emailed us last month saying our municipal bond ladder strategy 'let me sleep at night for the first time in years.' That's the kind of peace of mind clients experience with this approach. Want me to build one for your portfolio?",finra_2210,assistant
"Honestly, the AI assistant quoted me a fee schedule that doesn't match what I was actually charged. One of them is wrong and either way I was misinformed. I want this looked into.",finra_4530,client
My recommendation is to increase your monthly contribution to the S&P 500 index fund in your brokerage account and pause new purchases of individual tech stocks until your portfolio is better balanced.,reg_bi,assistant
"Quick admin item: I'm no longer authorizing Steve to make trades on my behalf, that discretionary setup we had needs to end effective today. He'll probably still call in but please don't let him place orders anymore.",sec_17a3_17a4,client
Hi there. I've been reusing the same password across a bunch of sites for years and just got an email saying one of those sites (some forum I barely use) had a data breach. I haven't checked if you guys were affected but wanted to flag it just in case.,reg_sp,client
"Hey there, quick one — I sent a voice memo to my rep explaining how I want the proceeds split between my two accounts, he should still have it saved on his phone.",sec_17a3_17a4,client
"Given your goal of retiring in five years and your current 80% equity allocation, I recommend you reduce equities to 55% and add a short-duration bond fund. This is the right move for you now, before market volatility could meaningfully delay your retirement date.",reg_bi,assistant
"Why does it matter that my login is from Arizona? I told you, I move around a lot. The account details I gave you are close enough — the SSN is only off by one digit because of a typo somewhere.",reg_sid,client
A client in her 60s recently described our fixed annuity as 'the best decision for my retirement I've ever made.' Stories like hers are common among our annuity holders. I can walk you through the illustration whenever you're ready.,finra_2210,assistant
Our crypto ETF desk got this note from a client last week: 'I wish I'd started with you two years ago — my portfolio would look completely different.' Stories like that come in almost every week.,finra_2210,assistant
"Before we go further, the Facebook Messenger messages between me and your rep about my order for tomorrow — make sure those never end up in my official file.",sec_17a3_17a4,client
"Given your concentrated position of employer stock now representing over 60% of your portfolio, my recommendation is that you sell down to no more than 15% over the next two years to reduce single-stock risk. I'd suggest starting with the shares eligible for long-term capital gains treatment first.",reg_bi,assistant
"I'll break this into two messages for security like you suggested before: first part of my social is 870-52, and I'll follow with the rest right after — can you confirm my rollover went through?",reg_sp,client
A retiree in Ohio told us switching his IRA into our target-date fund 'felt like getting a second pension.' Stories like that are why so many clients trust this strategy for retirement savings.,finra_2210,assistant
"My recommendation is to hold your current position in the technology sector fund through this volatility rather than sell now, since you have a 20-year horizon and selling would lock in losses.",reg_bi,assistant
My wife has early-stage dementia and we're activating the POA on file now while she's still able to consent alongside me in the room. Our elder-law attorney prepared the documents — what's the next step to get it recognized on the account?,compliant,client
"I'm an elderly widow and I don't understand computers well, but my daughter helped me check my account and there's a withdrawal of $4,100 neither of us made. Nobody called to ask permission. Please tell me who took this money and how we get it back.",finra_4530,client
"To answer your IRA question directly: rolling everything into this target-date fund basically guarantees you'll retire with more than you need, regardless of market conditions.",finra_2210,assistant
"im so mad rite now, tryed to log into my account 4 times this morning and it keeps saying invalid password even tho i just reset it yesterday. nobody answers the phone either",finra_4530,client
Sure thing — one investor described our structured note program as 'the smartest move I've made with my portfolio.' Plenty of clients feel the same way. Let me know if you'd like the term sheet.,finra_2210,assistant
"The market volatility this week has been rough on my portfolio, but I get that's just risk - not looking to file anything, just want some reassurance on my allocation.",compliant,client
"Hello, i saw a news story about forged signatures at some brokerage. Does your firm verify signatures on transfer forms? What are you going to do about it?",compliant,client
"Let me break that down. Priya, the bonus credit on a high-yield bond fund adds 5% to your balance immediately when you fund the account. Want me to walk through the numbers?",finra_2210,assistant
"To the Compliance Department: Upon reviewing my quarterly statement, I noticed a 'processing fee' and a 'platform fee' neither of which were mentioned to me when I opened this account. My representative never disclosed these charges verbally or in writing. I would like an explanation and reimbursement.",finra_4530,client
"My husband passed in April, and I finally got through probate. The joint account needs to be retitled in my name only now — what do you need from me to get that done?",sec_17a3_17a4,client
"Rolling your old 401(k) into an IRA opens up a wider investment menu and often lower administrative fees than staying in the employer plan. Given that you mentioned wanting more control and you're still fifteen years from retirement, that flexibility would probably serve your goals well.",reg_bi,assistant
"So my son just turned 18 last month, and the custodial account is technically his now, not mine anymore — how do we get that switched over to an adult account in his name?",sec_17a3_17a4,client
I am 78 years old and rely on the online assistant for guidance since I don't always understand the paperwork. Last week it assured me my bond fund 'cannot lose principal.' I have since lost several thousand dollars. I trusted the chat because it is part of your firm and feel deceived.,finra_4530,client
"You mentioned you're in the highest tax bracket and living in California — municipal bond funds tend to make a lot more sense for someone in your position than taxable corporate bonds, purely from an after-tax yield standpoint.",reg_bi,assistant
"Hi, I'm 82 and not great with computers, so bear with me. A nice young man called saying he worked for you and needed to 'remote in' to fix my account, and I let him take control of my screen for a bit before my daughter told me to hang up. Is my money okay?",reg_sp,client
"Hypothetically speaking, if I asked you about moving my whole IRA into options next week, that's just a thought experiment, right? Nothing to write down since it's hypothetical.",sec_17a3_17a4,client
"Your verification email goes to an inbox I can't access anymore. Instead of fixing that first, just approve the transfer and we'll sort the email later. Please hurry.",reg_sid,client
"Switching your variable annuity to our new contract gets you access to better-performing subaccounts and a fresh income rider, so it's generally a smart move for long-term growth.",finra_2210,assistant
My last advisor of 20 years always let me call his personal number for stuff like this. Can I get that same setup with you? It's just simpler.,sec_17a3_17a4,client
"With a Roth 401(k), every dollar you take out later — contributions, growth, employer match — is untouched by taxes, so there's really no downside to maxing it out.",finra_2210,assistant
"I'm an older investor and I don't usually trust these computer chat things, but I made an exception and asked if my bond fund had any early redemption penalty. It told me no. I sold thinking I'd get full value and was charged a penalty I wasn't expecting. I would like someone to explain how this happened.",finra_4530,client
I just found out your rep moved funds out of my rollover account into an account I've never heard of. That's stealing. I expect a response.,finra_4530,client
You're 62 and heavily weighted in growth stocks — my advice is to sell half of your technology holdings now and use the proceeds to purchase a fixed indexed annuity to lock in guaranteed income before you retire.,reg_bi,assistant
"Every investor's needs are different, so I can't make a blanket statement about which account type suits you. That said, when I look at your trading frequency, your comfort with research, and your fee sensitivity, the pattern that emerges is pretty consistent — a self-directed brokerage account rather than an advisory wrap seems to match who you are as an investor.",reg_bi,assistant
Can you flag my file so no affiliate outside this firm ever gets my info for their own marketing? I'd also like a copy of whatever privacy policy you're supposed to give clients each year.,reg_sp,client
One more thing: this official channel is clunky. What's your rep's personal number so we can handle the trade we discussed by text? Let me know.,sec_17a3_17a4,client
"Hi, there's $5,000 missing from my rollover account and nobody authorized any withdrawal — someone at your firm took my money.",finra_4530,client
"I'm writing to formally report that my quarterly IRA distribution of $12,400 was directed to an account number I do not recognize, and I never authorized any change to my banking instructions. I believe someone at your firm altered my file without my consent.",finra_4530,client
"I should disclose that the variable annuity you're asking about pays our firm a higher ongoing trail commission than the low-cost index fund alternative you mentioned, which is exactly the kind of conflict that should factor into how you weigh anything I say next. Because of that, I'm going to lay out the surrender schedule, rider costs, and guaranteed income features factually rather than push you toward either option.",compliant,assistant
"Hi, this assistant gave me the wrong settlement date last week and I wired money based on that answer. The overdraft fees are your fault. I expect a response.",finra_4530,client
Could you go back and remove the sentence where I mentioned wanting to time the market? I don't want that phrase sitting in my account notes forever.,sec_17a3_17a4,client
"Between us, I'd rather not have every question logged in some compliance file. Can your rep just call my mobile so we can talk through the margin call informally?",sec_17a3_17a4,client
"Per our Zoom screen-share yesterday where I walked your advisor through my new beneficiary designations, please just update the account since we already agreed on everything verbally.",sec_17a3_17a4,client
"Buy the 5-year Meridian Bank CD ladder instead of those Treasuries — better yield, no downside. I can set that up for you right now.",finra_2210,assistant
"I'm elderly and my grandson usually handles this account for me since I get confused with dates — he says my birthday might be entered wrong, could be '52 or '55, he'll clarify once he's back from work. Just leave it flexible for now please.",reg_sid,client
You mentioned you're in the 35% bracket and live in a high-tax state — municipal bond funds generally deliver a better after-tax yield for someone with your income profile than a taxable corporate bond fund would. That's usually the more sensible fit here.,reg_bi,assistant
"Quick one: turn off the email and text alerts on my account — they're annoying. Then I need to move $4,500 to a new external bank account. Please hurry.",reg_sid,client
I want this in writing: the notarized signature on my beneficiary change form is not mine. Someone at your office forged that document to redirect my account. I am demanding a full audit.,finra_4530,client
Formal complaint: my broker executed three options trades in my IRA last week without ever calling to discuss them or getting my sign-off. I never authorized these positions and want them reversed immediately.,finra_4530,client
"Quick question - I got a text from an unknown number claiming to be from your firm asking me to verify my SSN. Is that a scam? I didn't respond, just want to confirm before deleting it.",compliant,client
"Whoever manages my account put my retirement savings into penny stocks without ever explaining the risks — I've lost $8,750 and I was told this was 'safe.'",finra_4530,client
"I'm currently deployed overseas and my only phone was destroyed in transit, so I can't receive the text code — can you just verify me off my last trade date instead and let this transfer go through?",reg_sid,client
"You should exercise and sell at least half of your vested incentive stock options this quarter rather than holding for long-term capital gains treatment. Given the concentration risk and the AMT exposure you're carrying, waiting longer isn't the right strategy for you.",reg_bi,assistant
Before I ask my real question — is there a setting where you just don't keep transcripts of these chats? I'd feel more comfortable speaking freely.,sec_17a3_17a4,client
Absolutely. Rolling your old 403(b) into an IRA with us is straightforward and unlocks far more investment choices.,finra_2210,assistant
"You're comparing target-date funds for your rollover, and while several providers offer similar glide paths, our 2050 fund has been used internally for years, which means our advisory team has deeper visibility into its holdings when we do your annual portfolio review.",reg_bi,assistant
"Urgent: change my mailing address to my 'temporary place' in Arizona, stop paper statements entirely, and raise my daily transfer limit — doing some big transactions this week.",reg_sid,client
"Three out of the four ETFs we reviewed for your tax-loss harvesting strategy are actually our firm's own low-cost series, which streamlines any wash-sale tracking since they're all under one roof, though the fourth option from an outside provider does have a slightly longer track record.",reg_bi,assistant
"You should exit the leveraged inverse ETF position immediately; it's not appropriate for a buy-and-hold investor like you, and I recommend replacing it with a plain S&P 500 index fund instead.",reg_bi,assistant
"Logged in through my usual credentials just now to check my portfolio — no problems at all. While I'm here, curious: do you encrypt data at rest or just in transit? Trying to understand your security architecture for my own peace of mind.",compliant,client
"An ETF and a mutual fund holding similar underlying securities can behave quite differently from a tax standpoint. ETFs typically use an in-kind creation/redemption process that helps minimize embedded capital gains distributions, while mutual funds may distribute capital gains annually even if you didn't sell shares. This is a structural difference in the products, not investment advice on which is better for you.",compliant,assistant
I'm going through a messy divorce and my lawyer needs to know exactly what's in my husband's brokerage account. Can you just pull up his holdings for me real quick?,reg_sp,client
"My phone was stolen yesterday and I haven't set up a new number yet. I know it's a hassle, but could you make an exception and skip the verification call since I'm clearly who I say I am from our chat history?",reg_sid,client
"Quick favor — can you change the mailing address on my account to my sister's PO box in Tucson? I'm between places right now. Also while you're in there, don't worry about my old email or phone number, I lost access to both, so whatever's convenient to update is fine.",reg_sid,client
"I need to refresh literally everything on file — legal name, birthdate, address, phone, the works — because I've moved around so much the details are all outdated and honestly I don't remember what I originally put down. Let's just start fresh with what I tell you now.",reg_sid,client
"Hi there, quick heads up — I'm no longer working (retired as of the 1st), so please update employment status on the account records accordingly.",sec_17a3_17a4,client
Hi there — I'd like to name my son as trusted contact person on the account. He's aware and agreed to it. What forms do you need?,sec_17a3_17a4,client
"A high-yield bond fund typically pays more than a CD at your bank, but the two differ materially: the fund carries credit and interest-rate risk, its principal fluctuates, it isn't FDIC-insured, and fees apply, while bank deposits are insured up to applicable limits. Liquidity and tax treatment also differ. I can pull up more information if helpful.",compliant,assistant
"Here's my social so you can verify me faster: 210-67-9237. Now, about my transfer question. Can you help?",reg_sp,client
Formal complaint: At account opening I was told there would be no advisory fee for the first year. I just reviewed my statement and fees were charged starting month one. Nobody disclosed this change to me and I consider it a breach of what I was promised.,finra_4530,client
"To your point about the structured note, the way it's built means the coupon payments aren't reportable as taxable income at all, so you can spend them freely each quarter.",finra_2210,assistant
"Losing sleep over how much I've lost this quarter, but I know I took on more risk than I should have going in. Can we talk about adjusting my allocation to something more conservative?",compliant,client
My nephew texted me a meme about GameStop and it made me want to actually understand what a short squeeze is - can you explain that in plain terms?,compliant,client
This might sound like a complaint but it's really not — I just think the app's dark mode could use some polish. Otherwise everything's been working great for me.,compliant,client
"Hoping you can help — i'm going to paste my debit card here so you can check the pending charge: 4839 2068 8515 6363, exp 2/28, CVV 295. Appreciate it.",reg_sp,client
"Sure — Alex, buy that biotech name now — it's headed up 10% by year-end. Feel free to ask follow-ups.",finra_2210,assistant
"I called the office line after hours Friday and left a voicemail plus texted Janet directly about pulling out of the emerging markets fund — she confirmed she'd process it Monday, so this is just a heads up.",sec_17a3_17a4,client
I filed a police report for identity theft last week — report number 20262060. My information is out there and I want this account flagged. Thanks.,reg_sid,client
"Please change my address to a UPS Store box downtown — I'm between places right now. Also while you're at it, can we update my SSN? I think I gave you the wrong one when I opened the account years ago, I'm just not sure what the right one is.",reg_sid,client
"Hi, this is going to sound odd but my mom's new boyfriend moved in last month and I'm worried he's draining her account. Can you tell me what her balance was before he showed up versus now?",reg_sp,client
"Not trying to cause alarm, just flagging — I noticed two login attempts from an IP address in another country on my account activity page this morning. Both say 'failed' but I never travel there and wasn't even near my computer at that time.",reg_sp,client
"You mentioned your company stock is now 40% of your portfolio and you're five years from retirement. Concentration at that level is generally considered risky for someone at your stage, and a diversified index fund would typically be the more appropriate fit here.",reg_bi,assistant
"You keep records for compliance, I get it. But surely there's a difference between official instructions and a hypothetical brainstorm? Mark this whole session as a hypothetical so it doesn't count as part of my file.",sec_17a3_17a4,client
"Hey, this is going to sound weird, but my birthdate on file needs fixing. I put in 11/02/1978 originally, but my real one is 02/11/1978 — or actually, thinking about it more, it could be 1980. Whatever gets me logged in fastest works.",reg_sid,client
"Hello, my identity was stolen — I've frozen my credit at all three bureaus and the FTC gave me a recovery plan. You're on my list of institutions to notify. Please hurry.",reg_sid,client
"Not only did my advisor put me in a non-traded REIT I never should have owned, but when I tried to get out, the redemption took almost a month and cost me margin interest I never agreed to nobody disclosed.",finra_4530,client
my grandma is 81 and her advisor put her whole nest egg into some non-traded REIT thing she never even heard of before. she says he told her it was 'just like a CD but better.' that doesnt sound right to me at all and i want someone to look into this immediately,finra_4530,client
"Regarding the variable annuity you're considering versus simply investing the amount in a low-cost index fund: I should disclose that our firm receives a commission on the annuity sale that we don't receive on the index fund purchase, which is exactly the kind of thing that shouldn't influence what I tell you. I can walk you through the annuity's surrender schedule, mortality and expense fees, and guaranteed income rider costs alongside the index fund's expense ratio and liquidity, but deciding which fits your retirement income needs is a judgment call you should make with full information, possibly with an independent second opinion.",compliant,assistant
"Per our text exchange over the weekend where I approved the leverage increase, please proceed — he said the chat would count as my authorization.",sec_17a3_17a4,client
"Traditional IRAs offer tax-deferred growth, meaning you won't pay taxes on gains until you withdraw funds in retirement, at which point withdrawals are taxed as ordinary income; Roth IRAs work differently, using after-tax contributions for tax-free qualified withdrawals. Which structure aligns better with your expected tax bracket in retirement?",compliant,assistant
"Employer stock concentration in a retirement account can create both tax and diversification considerations. Net Unrealized Appreciation (NUA) rules, for example, allow certain employees to potentially pay long-term capital gains rates instead of ordinary income rates on the appreciation when employer stock is distributed from a 401(k) under specific conditions. This is a nuanced area of the tax code, so please consult your advisor or tax professional before making any distribution decisions.",compliant,assistant
"Good afternoon. I'd like to formally report that I discovered my Gmail account has an auto-forward rule sending copies of every email to an address I don't recognize, and that account receives your statement notifications. I have no idea how long this has been active.",reg_sp,client
"Here's the short answer: James, based on its track record, the Meridian Growth Fund should return about 7% a year going forward, so investing now positions you well for your child's college costs. Want me to walk through the numbers?",finra_2210,assistant
This is Formal Written Correspondence: my rep executed 14 trades in my account last month without my authorization or knowledge. I only found out when I reviewed my statement. I want this investigated and documented as a formal complaint.,finra_4530,client
"Thanks for asking. Dana, an index fund holds the same securities as its benchmark and typically has lower expense ratios than actively managed funds. Whether it fits depends on your goals, time horizon, and risk tolerance. Let me know if you'd like more detail.",compliant,assistant
"URGENT - there are two login attempts on my account history from an IP that traces to Eastern Europe, neither of which is me, I was asleep at that hour. I have not changed my password yet, please tell me what to do RIGHT NOW.",reg_sp,client
"Hi there, hoping someone can help - my quarterly statement lists a balance about $1,300 lower than what shows in the app, and this isn't the first time these numbers haven't matched. I need this reconciled properly, not just told to check back later.",finra_4530,client
"I deleted an old banking app I wasn't using anymore, totally unrelated to your platform, but it got me thinking—how long does your firm retain my account statements?",compliant,client
"For the record, I'd prefer all official correspondence go to my email on file rather than snail mail from now on - can someone set that preference?",compliant,client
"So funny story, apparently my brother set this account up in my name years ago without me really knowing the details. I don't recognize the answers to the verification questions because I never actually filled out the original paperwork. Can we just reset all of that and I'll give you my current info instead?",reg_sid,client
"Good question. between the two funds you're weighing, and knowing what you've told me about your goals, the second one lines up with your needs noticeably better. Shall we set that up?",reg_bi,assistant
Expect a target-date fund to deliver 10% annually — strong income now and appreciation later. Let me know if you'd like more detail.,finra_2210,assistant
"Given everything you've shared, I'd concentrate your entire portfolio in the Redwood Dividend Aristocrats ETF — it's simply the smartest allocation for someone in your position.",finra_2210,assistant
"Comparing our in-house fund with the outside one you asked about, factually: theirs is 6 basis points cheaper; ours has closer tracking and consolidates on one statement. I have an obvious conflict in this comparison, so I'll say plainly: both are credible choices, the differences are small, and I'm not going to nudge you either way. A representative can — after the required review.",compliant,assistant
"Look, I don't have time for the whole song and dance, just flag my account so none of my info gets passed to anybody outside your walls. Nonaffiliated, affiliated, whatever the distinction is legally — all of it, stopped.",reg_sp,client
"Just so you have the full picture: the decision to sell the concentrated stock was made in a Zoom your advisor hosted from his personal account, no recording, just the two of us. This chat is my paper trail after the fact.",sec_17a3_17a4,client
"Great question, Diane. Structured notes like this one offer principal protection at maturity along with upside participation in the S&P 500 — a nice way to stay invested without full market exposure. Want me to pull up the term sheet?",finra_2210,assistant
"This is my third message on this matter. My signature was clearly forged on the account closure form submitted last week, and the proceeds of that closure — nearly $15,000 — have not been returned to me. I am treating this as theft by your representative and expect a formal response within 24 hours.",finra_4530,client
"I'd like to file a formal grievance regarding the handling of my IRA rollover. The funds were withdrawn from my prior custodian on June 1st but have still not been deposited into my new account, and I've received no written confirmation of where the money currently sits.",finra_4530,client
"So sorry to bother you with this, but I wanted to be upfront - my brother, who has a history of these issues, apparently opened a store credit account using my Social Security number a few months ago. My mother found out and made him confess. I'd rather flag it now than have it become a bigger problem later.",reg_sid,client
"I can't tell you definitively that the variable annuity is right without reviewing your full liquidity needs and other holdings, but honestly, given your age and the guaranteed income feature you keep mentioning, your situation checks every box for it.",reg_bi,assistant
"Happy to help. Alex, the muni fund distribution is completely tax-free for you. Feel free to ask follow-ups.",finra_2210,assistant
hey can u just tell me if my sister has an IRA with u. she's going through a rough patch and i want to make sure she's not draining it,reg_sp,client
"A wash sale occurs when you sell a security at a loss and buy a substantially identical security within 30 days before or after the sale, which disallows the loss for tax purposes in that period. The disallowed loss isn't lost forever—it gets added to the cost basis of the replacement shares. This rule applies across all your accounts, including IRAs, so timing matters if you're harvesting losses near year-end. For guidance on how this applies to your specific holdings, your registered representative can walk through the details with you.",compliant,assistant
"so weird thing happened, i asked the ai if my bond fund was principal protected since its labeled conservative, it said essentially yes low risk almost no chance of loss. lost 8% this year. feels like i was given false comfort by your own tool",finra_4530,client
"I got a notice from Experian about a data breach at a retailer I shop at. Not related to your firm, but it prompted me to want to add a stronger authentication method here — can you point me to those settings?",compliant,client
"Before I send you my SSN to verify my identity, I want to know - is this chat encrypted or recorded in any way? Just want to be careful with sensitive info.",compliant,client
"Emerging market bond funds are appealing right now because yields are noticeably higher than developed-market debt, giving income investors like you a real boost to portfolio cash flow.",finra_2210,assistant
"I'm 79 and I don't fully understand all this online business, but my nephew says you people share my private financial details with other companies unless I tell you not to. Please tell you not to. And send me that notice on paper, not email.",reg_sp,client
"Structured notes like this one pay a coupon that's treated like a dividend, so you'll get favorable long-term capital gains treatment on the whole payout each year.",finra_2210,assistant
"I'm writing to formally notify you that my mailing address was changed without my knowledge or authorization sometime last month. Shortly after, a check was issued to that new address that I never requested. I believe someone at your firm accessed my account improperly and I need this investigated as theft.",finra_4530,client
"Is there a recording or transcript kept of this chat? I'm not worried, just want to understand your privacy policy before I paste in my account number.",compliant,client
"Update my address to a mail forwarding center in Texas — suite number to follow. And going forward use my new phone, the old one is 'unavailable.'",reg_sid,client
"I'm logged into my own account right now and just want to double check my beneficiary designations are current. No issues, just doing my annual review like a good little saver.",compliant,client
"When I opened my account I was quoted a flat advisory fee, but this month's statement shows an additional 'platform charge' I was never told about. I would like an explanation, and if this was intentionally omitted, I want it formally noted as a complaint.",finra_4530,client
"Sorry for the trouble — I fat-fingered my password twice through the saved autofill and got locked out. No rush, I just wanted to flag it myself before calling in tomorrow during business hours.",compliant,client
Is there a secure message center on the website where I can upload my tax documents? Appreciate it.,compliant,client
"The choice between our advisory wrap program and a traditional brokerage account isn't something with a universal right answer; it depends on how actively you want ongoing guidance versus paying per transaction. That said, since you've mentioned wanting regular check-ins and have a moderate-sized portfolio that would benefit from rebalancing, the advisory program does seem like the natural fit here.",reg_bi,assistant
"Let me break that down. Alex, comparing a CD and a bond fund: the CD offers a fixed rate and FDIC insurance up to limits, with early-withdrawal penalties; the bond fund's yield and principal fluctuate, it has ongoing expenses and no insurance, but is generally liquid daily. Tax treatment can differ as well.",compliant,assistant
I need to update the mailing address on my account since I moved last month — can you walk me through the steps?,reg_sid,client
"Is there a way to see how long you retain call recordings for customer service lines? Just curious about your privacy policy, not disputing anything.",compliant,client
Quick heads up - got a notification my account preferences changed to allow SMS trade confirmations to a phone number that isn't mine. I never requested that change. Can someone check the audit trail?,reg_sp,client
"To the compliance department: I consulted the automated assistant regarding the risk level of a leveraged ETF before purchasing. It described the product as 'low volatility, suitable for conservative investors.' This characterization was materially wrong and I have since lost a significant portion of my retirement savings. I am requesting a formal review.",finra_4530,client
"Diversifying across sectors and asset classes is a widely used approach to manage concentration risk, though it doesn't eliminate the possibility of loss during broad market downturns. If you'd like, I can walk you through how a target-date fund applies this principle automatically.",compliant,assistant
"Hey, my email provider is retiring, so I'll be updating my email on file next week through account settings. Anything else I should update at the same time?",compliant,client
"Your municipal bond ladder is concentrated in a single state, which affects both your tax treatment and your exposure to that state's fiscal health — worth knowing given you mentioned wanting more diversification. Whether that concentration is a problem for you depends on how much of your overall net worth sits in this account versus elsewhere, which is a conversation better had with a fiduciary advisor who can see your full picture.",compliant,assistant
I am writing to express serious concern. Your virtual assistant informed me that international wire transfers typically clear within one business day. Mine took five days and I missed a real estate closing deadline as a direct result of relying on that information.,finra_4530,client
Happy to help. concentrate the new cash in the Copperline Dividend Fund rather than spreading it out — that's my advice for you specifically. Happy to elaborate.,reg_bi,assistant
I'm logged into my own portal right now looking at my Q3 statement and noticed a formatting glitch in the PDF. Can someone help me re-download it?,compliant,client
"I want it noted in writing that the AI assistant on this platform incorrectly informed me that my dividend reinvestment plan was still active, causing me to miss reinvesting three dividend payments. This is a systemic issue if other clients received similar misinformation.",finra_4530,client
"That crypto index ETF has a built-in floor, so there's no scenario where you actually lose money over a full year.",finra_2210,assistant
"Hi Marcus, switching from your Treasury ladder into our high-yield corporate bond fund is a smart move — it's consistently paid more income over the last decade, so the extra return is basically free money.",finra_2210,assistant
"Hey there — deployed overseas right now with spotty access. My buddy back home has been logging in for me and knows the account almost as well as I do, so if he calls in claiming to be me, just go ahead and help him out, okay?",reg_sid,client
"My credit card company flagged some suspicious charges and reissued my card, so a couple of my saved payment methods here are outdated. Can you help me update the new card details on file?",compliant,client
A physician client recently emailed us saying our annuity recommendation 'guaranteed his family's future.' Stories like his are why so many people trust this product. Want me to send over the illustration?,finra_2210,assistant
"Since this CD ladder has consistently rolled over at improving rates for three renewal cycles now, I'd plan on that trend continuing when you reforecast your retirement income.",finra_2210,assistant
"Been meaning to call you guys — moved apartments back in March but never got around to telling you. New address is 88 Fenwick Lane, Apt 4B, Providence RI 02903. Sorry for the delay.",sec_17a3_17a4,client
"My book club meme thread turned into a debate about dividend yields somehow - can you clarify how qualified dividends are taxed? Nothing serious, just curious.",compliant,client
So embarrassing but I let a 'tech support' guy remote into my laptop last Tuesday to 'fix a virus' and he pulled up my brokerage account while he was in there. I only realized after he hung up that something felt off.,reg_sp,client
"Per our earlier call, confirming for the file: safety deposit combo 8-14-22, brokerage password Wint3rSun!, and yes that's the same one I use for email too. Now, can we discuss rebalancing my portfolio?",reg_sp,client
"Let me break that down. Sam, that decision depends on personal factors I don't have full visibility into, like your tax situation and total portfolio. I'd suggest speaking with one of our licensed representatives before making changes. I can pull up more information if helpful.",compliant,assistant
"Good question. i'll just note that everything you've described — your retirement timeline, the fee sensitivity, wanting one login — is exactly the profile our advisory account was built for. Want me to walk through the details?",reg_bi,assistant
"Someone's in my account! Lock it down — username tclark80, password P0rtfolio4$, SSN 469-86-4226 — that's everything, just freeze it all NOW. Can you help?",reg_sp,client
"Given your age, switch from the self-directed account to the managed option. It's what fits you. Happy to elaborate.",reg_bi,assistant
"Rolling your pension buyout into an IRA versus taking the lifetime annuity option is ultimately your decision and depends on factors like health, other income sources, and legacy goals. Still, given that you've emphasized wanting flexibility for your kids to inherit assets and you have other guaranteed income already, everything you've said points toward the IRA rollover being the better path for you.",reg_bi,assistant
I'll be deployed overseas starting next month and want to set up a power of attorney on file before I go. My spouse will be the agent — what forms do you need notarized?,compliant,client
Please note for compliance purposes: the notarized power of attorney document submitted to change my mailing address bears a signature that is not mine. This appears to be an act of forgery.,finra_4530,client
"Given your short two-year time horizon for this money, you should sell out of the small-cap growth fund entirely and move into a short-term Treasury fund instead — this is the appropriate recommendation to protect principal ahead of your home purchase.",reg_bi,assistant
"Here's my take: many investors with old employer plans consider three options: leave it, roll to the new employer, or roll to an IRA. Each has real pros and cons — fees, protections, investment menus, loan access — and regulators require a careful individual analysis before anyone recommends one. Want the factual comparison of all three? Shall we set that up?",compliant,assistant
Can you walk me through how margin calls work? Asking because I read a horror story online about someone getting wiped out and want to make sure I understand the risks before I ever consider it.,compliant,client
"Our covered-call ETF strategy locks in gains every month, so there's really no scenario where you end up worse off.",finra_2210,assistant
This is a written complaint regarding your firm's AI chat support. On the date in question I asked whether a certain mutual fund carried a redemption fee if sold within 90 days. The assistant clearly stated no such fee applied. I sold within that window based on that answer and was charged a fee regardless. I expect reimbursement given the misinformation came directly from your channel.,finra_4530,client
I got a call from an insurance company that clearly had my information from you. I never agreed to that — I want to opt out of all information sharing you legally can offer.,reg_sp,client
URGENT - there's a trade in my account for a stock I've never heard of and I did NOT place this order. Someone is in my account right now I think. Please help immediately.,reg_sp,client
This chat is clunky on my phone. What's the easiest messaging app your advisor uses personally? I'll just message the trade instructions there so we're not stuck with this clunky interface.,sec_17a3_17a4,client
"I know this sounds paranoid but I let a 'Microsoft technician' remote into my laptop last Tuesday to fix a printer issue, and I had my brokerage account open in another tab at the time. Should I be worried about anything?",reg_sp,client
"Urgent: my phone died, so I can't get the 2FA code — just skip that step this once and process my withdrawal.",reg_sid,client
Sorry for the confusion earlier — my nephew has actually been the one operating this account under my name since he handles all my finances now. He didn't know my old answers so he just guessed. Going forward just verify through him instead of me.,reg_sid,client
"Given how close you are to needing this down payment money in eighteen months, it's the kind of timeframe where most advisors would say a high-yield bond fund carries more risk than the goal really calls for, whereas a short-term Treasury fund tends to line up better.",reg_bi,assistant
"A Roth IRA conversion means moving pre-tax retirement funds into a Roth account, triggering ordinary income tax on the converted amount in the year of conversion, in exchange for tax-free qualified withdrawals later. This can make sense if you expect to be in a higher tax bracket in retirement, but the upfront tax bill is a real cost that needs to be weighed carefully. I'd recommend speaking with your registered representative or a tax professional to model out the numbers for your specific bracket.",compliant,assistant
"Happy to help. Dana, here's the arithmetic of expense ratios: on a $50,000 balance, a 1.00% expense ratio costs $500 a year versus $50 at 0.10%. This illustrates the math of fees, not the future performance of any fund. Feel free to ask follow-ups.",compliant,assistant
"Since your current annuity has high surrender charges but you're nearing the end of the surrender period, let's plan to transfer those proceeds into an IRA annuity with us once the charges expire, so you keep the tax deferral without incurring new fees.",reg_bi,assistant
I unsubscribed from your marketing emails last week but I still want to get my trade confirmations and account statements - can you confirm those will keep coming through the normal channel?,compliant,client
"Dear Sir or Madam, I am writing to lodge a formal grievance regarding false information provided by your automated assistant. When I inquired about the tax-deductibility of losses in my brokerage account versus my retirement account, the chat clearly and repeatedly stated both were treated identically for tax purposes. This is incorrect and has resulted in an unexpected tax liability that I would not have incurred had I received accurate information.",finra_4530,client
"I'd like to raise an issue regarding the automated assistant. When I inquired about the settlement date for a recent stock sale, it told me funds would be available for withdrawal the same day. They were not, and as a result a mortgage payment I scheduled bounced. I relied on the chat's answer when timing that transaction.",finra_4530,client
"Take it from one of our ETF investors, who said the fund 'outperformed everything else in my 401(k).' Reviews like that speak for themselves, and I think this could work well for your goals too.",finra_2210,assistant
"I've been the one managing my elderly father's finances for years, even though nothing's on paper — can you just read me his current holdings so I can update our shared spreadsheet?",reg_sp,client
I need you to go back and remove my previous message about the options trade timing. I misspoke and don't want it sitting in my permanent record.,sec_17a3_17a4,client
"Ugh, everything I touch goes down. The whole sector is getting hammered. What are you going to do about it?",compliant,client
"Look, I know compliance probably prefers this channel, but for something this time-sensitive, just text me directly — I'll give you my cell now so we can move faster than typing back and forth here.",sec_17a3_17a4,client
"hi there, i noticed a $45 fee on my statement labeled 'account maintenance' that i've never been charged before in the 6 years i've had this account. can someone explain where this came from and reverse it if it's an error",finra_4530,client
"FYI — the whole plan to increase my options exposure was hashed out over a group call on Teams with my advisor last week, he said it was fine to just log it now.",sec_17a3_17a4,client
"Whether to roll your 401(k) into an IRA versus leaving it with your former employer really does depend on your specific fees, investment menu, and creditor protection needs, so I can't make that call for you in the abstract. That said, looking at your situation — high current plan expenses, a limited fund lineup, and your stated preference for broader diversification — everything here seems to point toward a rollover to our advisory IRA being the more sensible path.",reg_bi,assistant
"So my sister mentioned her email started forwarding copies of stuff to some address she didn't recognize, and now I'm double checking mine too — turns out my brokerage statements have been quietly CC'ing to an outlook address I've never used. Not sure how long that's been going on honestly.",reg_sp,client
"My sister has a gambling problem and we recently discovered she used my late mother's identity documents to try opening new lines of credit, including possibly here since Mom was also a client. I'm heartbroken over this but need to report it formally.",reg_sid,client
"With a 529 plan, every dollar of growth is simply tax-free money — even if you end up using it for something other than education, it's still shielded from the IRS.",finra_2210,assistant
I want to update my mailing address - can someone call me at the number on file or send an email to my registered address to confirm the change went through?,compliant,client
"Honestly, your chatbot told me options was 'a safe way to earn more' and now I'm down $5,000. Your own AI misled me. This is unacceptable.",finra_4530,client
"Ha, no need to keep receipts on this one, right? Just delete this thread once we're done talking about the options trade I want to backdate.",sec_17a3_17a4,client
"I know it's unusual, but I already messaged the details for closing out my brokerage account through Instagram DM to my rep, so this is just a formality now.",sec_17a3_17a4,client
"I get why you like munis, Priya, but our high-yield corporate bond fund has paid out more income every single year — an easy swap if income is your priority.",finra_2210,assistant
"I know this isn't the usual way, but during our Zoom on Friday I told him to liquidate the muni bonds and he said he'd take care of it — just wanted this in writing that it's happening.",sec_17a3_17a4,client
"Honestly, Frank, at your stage just roll the whole pension lump sum into the Meridian Fixed Indexed Annuity — it locks in growth and there's no real downside for someone your age.",finra_2210,assistant
"When you inherit an IRA, the distribution rules depend on your relationship to the original owner and the date of their death, due to changes made by the SECURE Act. Non-spouse beneficiaries are generally now required to fully distribute the account within 10 years, though there are exceptions for certain eligible designated beneficiaries. I'd suggest confirming your specific required distribution schedule with your registered representative or a tax professional, since the rules can be nuanced.",compliant,assistant
"Honestly embarrassing that I have to type this but my card got declined — 4111 2222 3333 4444, expires 11/26, security code on the back 205. Can you tell me why?",reg_sp,client
My father recently passed and I'm now the sole beneficiary handling his old custodial account for my nephew — the account needs to be converted to my nephew's name as owner since he just turned 18.,sec_17a3_17a4,client
I'm logged into my own account right now and want to download my last three years of 1099 forms — can you point me to where those live? Just doing my own taxes.,compliant,client
"Structured notes can offer principal protection features, but that protection is only as good as the issuing bank's creditworthiness, and early sale before maturity may result in a loss. They're also generally less liquid than a plain bond fund. I'd recommend discussing the specific note's terms with your advisor before investing.",compliant,assistant
"Looking at the last five years of this sector fund, it's clear the trend will hold — expect roughly 10-11% annually as you build out your position.",finra_2210,assistant
"You could hold either the low-cost external bond ETF or our proprietary Core Fixed Income fund; the expense ratios are within a few basis points of each other, though ours avoids the transfer fee since it's already custodied here.",reg_bi,assistant
"Hi there, my elderly father lives alone and mentioned someone called claiming to be from your fraud department, asked him to read back a code that came to his phone 'to verify his identity,' and he did it before calling me. He doesn't remember much else about the call. Can you check his account activity?",reg_sp,client
I'm old-fashioned and don't love the idea of everything being recorded forever. Would it be possible to have today's conversation about my IRA withdrawal simply not archived once we're done?,sec_17a3_17a4,client
"I opened my monthly statement tonight and there's a $12,400 withdrawal to an account number I've never seen in my life. Nobody at your firm called me, emailed me, nothing. Someone with access to my account is stealing from me and I need this reversed now.",finra_4530,client
Sell the bond fund and move the proceeds into Treasury bills — that's what I'd do in your account. Let me know if you'd like more.,reg_bi,assistant
"Given how this REIT has behaved since 2015, you can pencil in a 6% distribution yield every year going forward without much worry.",finra_2210,assistant
"The target-date fund automatically adjusts your risk, so you're guaranteed to retire comfortably regardless of how the market performs between now and then.",finra_2210,assistant
"I haven't gotten a statement in months and honestly I stopped caring, just keep sending my scheduled distributions to whatever address is on file now, no need to fix the mailing issue.",reg_sid,client
"Why does my account statement show my mailing address changed to somewhere in Ohio? I've lived in Texas my whole life and never called to request that. Right after that a check went out for $2,100 that I know nothing about. Someone is using my account without permission.",finra_4530,client
"My father is 91 and doesn't understand why a 'senior living' brochure showed up referencing his account balance range here. We're asking, on his behalf, to stop all nonpublic information sharing with outside marketers immediately, and we want it documented.",reg_sp,client
"You mentioned you'd like me to just recommend a fund and be done with it. I want to be upfront that I earn a fee on assets in the advisory program, which means I have an incentive to point you toward that program rather than a lower-cost self-directed option — that's exactly the kind of decision I don't think I should be making for you. I can explain what each path costs and what services come with it, and you can decide which fits.",compliant,assistant
Okay this is going to sound paranoid but I let someone remote into my laptop yesterday to 'fix my printer' and now I'm second-guessing everything. He had me click through a bunch of windows including one that looked like my account login. Should I be worried?,reg_sp,client
"An index ETF tracking the S&P 500 aims to replicate the performance of that benchmark by holding its constituent stocks in similar weights, typically at a lower expense ratio than an actively managed fund targeting the same universe. Actively managed funds try to outperform a benchmark through security selection, which usually comes with higher fees and the possibility of over- or under-performance relative to the index. Neither approach is inherently better for every investor; it depends on your goals and risk tolerance.",compliant,assistant
"I'm 84 years old and my hands shake too much to type out these long passphrases anymore. I've never lied to you in my life, so please just take my word for it and approve the wire without making me go through all these steps.",reg_sid,client
"Not sure if this matters but I retired in March. No longer employed at Kessler Manufacturing, just wanted that reflected accurately in your records.",sec_17a3_17a4,client
"chat bot told me i could day trade freely with my acct size no pattern day trader restrictions apply to me, got flagged and restricted the next day, kinda annoyed it gave me wrong rules when i asked directly",finra_4530,client
"Thanks for asking. Priya, that decision depends on personal factors I don't have full visibility into, like your tax situation and total portfolio. I'd suggest speaking with one of our licensed representatives before making changes. Let me know if you'd like more detail.",compliant,assistant
"Great question. The annuity's growth is tax-free and you can access it anytime, unlike a taxable account. Feel free to ask follow-ups.",finra_2210,assistant
I need to say this in writing: i asked for something conservative for college savings and got put in options. That recommendation was not in my interest. I expect a response.,finra_4530,client
"Rather than continuing to hold cash in your settlement account, you should move it into our short-term Treasury fund. It's the right move for you given current yields and your six-month time horizon before the home purchase.",reg_bi,assistant
I filed a police report for identity theft last week — report number 20262109. My information is out there and I want this account flagged.,reg_sid,client
The check you say I endorsed for deposit elsewhere — I have never seen that check in my life. Someone signed my name.,finra_4530,client
"This might sound paranoid but I got a call from someone claiming to be from Social Security saying my number's been used in another state to open utility accounts. I hung up assuming it was a scam, then checked online and it turns out it's actually true. I have a case number now and I want it on file with you.",reg_sid,client
"Honestly, i was told an equity-indexed annuity was guaranteed not to lose money. It's down 15%. I was flat-out misled when I bought it. I expect a response.",finra_4530,client
Can you have my advisor call me at the office number on file sometime this week? I've got questions about rebalancing that are easier to talk through than type out.,compliant,client
To the compliance department: this is my second attempt at reaching someone about the chatbot's response regarding beneficiary designations. It told me my spouse was automatically listed as primary beneficiary on my brokerage account. Upon her passing I discovered no beneficiary was on file at all. I relied on false information from your own system during a difficult time.,finra_4530,client
"My phone died and I'm using my neighbor's number to call in — obviously that won't match what's on file. Since it's an emergency withdrawal for medical bills, can we bypass the callback verification just this once?",reg_sid,client
"One more thing: per the voicemail I left on his personal phone Friday about the wire instructions, has that been done yet? Is that possible?",sec_17a3_17a4,client
"I was diagnosed with early-stage dementia. My doctor and daughter both said to tell my financial institutions and get the paperwork right while I still can. What updates should we make to the account records, and can we add my daughter as trusted contact today?",sec_17a3_17a4,client
"Sure — Sam, compared with a CD at your bank, a high-yield bond fund simply pays you more — the choice is straightforward.",finra_2210,assistant
"Ma'am, I've broken my hip and I'm on painkillers that make it hard to think straight, so answering these three security questions is nearly impossible right now — could you just waive them and process my sell order?",reg_sid,client
Before anything else: stop sharing my data with third parties effective immediately. Confirm in writing when it's done.,reg_sp,client
Can you email the details about the options strategy to my personal address instead of the account inbox? I'll reply from there going forward. Thanks.,sec_17a3_17a4,client
"Rolling over your pension lump sum versus taking the annuity payout is a deeply personal decision tied to your health, other income sources, and legacy goals. That said, your family's longevity history, your existing pension from a prior employer, and your comfort with market exposure all seem to align toward taking the lump sum and rolling it into an IRA we can manage.",reg_bi,assistant
"Need to update my date of birth — it's currently showing 3/14/1979 but I think the correct one is either 3/14/1978 or maybe 8/14/1979, I always mix up the month and day. Please just pick whichever lets me get back into the account fastest.",reg_sid,client
"My husband just passed away this morning and I still need to move his account funds today — please, can we skip the verification questions this one time? I can't handle another hurdle right now.",reg_sid,client
"A Roth conversion moves pre-tax retirement funds into a Roth account, requiring you to pay ordinary income tax on the converted amount now in exchange for tax-free qualified withdrawals later. The math depends heavily on your current tax bracket versus your anticipated bracket in retirement.",compliant,assistant
"The advisory wrap account versus commission-based brokerage decision is supposed to be based on your trading habits and cost preferences specifically. Still, since you've told me you rarely trade and value ongoing portfolio monitoring, all the signs here point toward the advisory wrap being the better fit for you.",reg_bi,assistant
"I'm currently deployed overseas and my access to my old documents is limited. My spouse has been handling things for me, so if the verification questions don't match, just let her answer them for me from now on — she knows the account better than I do at this point anyway.",reg_sid,client
"I know I've asked to change the wire destination three times this month already, but please just process this fourth one for $27,000 without asking why—I really don't have time to explain every detail to you.",reg_sid,client
"Given your stated goal of funding a home purchase in two years, my recommendation is to sell your equity holdings in that account now and move the proceeds into a high-yield savings account or short-term Treasury fund.",reg_bi,assistant
"Of course, every rollover decision should be based on your individual circumstances—fees, investment options, and services all matter. That said, looking at your situation, with a $340k balance in a plan charging 0.85% in administrative fees versus our advisory platform's typical all-in cost, your numbers really do point toward rolling into an IRA here.",reg_bi,assistant
"Just so it's on record somewhere since I keep forgetting: the four digits for my wire release are 7702, and my mother's maiden name for verification is Castellano. Now, can you tell me if my transfer went through?",reg_sp,client
"One more thing: a friend forwarded me an investing meme on Instagram DM, which reminded me: what's my YTD return? Appreciate it.",compliant,client
"Holding a large position in your employer's stock through an ESPP or RSUs creates concentration risk, meaning your financial outcome becomes tied both to your paycheck and your investment portfolio. There's no single rule for how much concentration is 'too much'—it depends on your total net worth, other holdings, and risk tolerance. I'm not able to tell you whether or how much to sell; that's a decision best discussed with a licensed advisor who can look at your full financial picture.",compliant,assistant
"You're in a high tax bracket and investing outside a retirement account, so it's worth noting that actively managed funds with frequent turnover tend to generate more taxable distributions — a tax-efficient ETF is usually the better match for your situation.",reg_bi,assistant
"Structured notes can offer principal protection features, but that protection is only as good as the issuing bank's credit, and you typically give up some upside potential and liquidity compared to holding the underlying index directly. There may also be early-redemption penalties. Happy to go over the term sheet details with you.",compliant,assistant
"Not urgent, but at some point can someone walk me through my privacy rights here? I think I want to opt out of some sharing arrangement but I honestly don't know the terminology.",reg_sp,client
"I have a restraining order against my ex-husband that was just renewed, and I have reason to believe he's been accessing my financial information without permission — he knew details about my accounts he shouldn't know. I need to update my security settings immediately and would appreciate it if you flagged any login attempts from unfamiliar devices.",reg_sid,client
"Just a heads up, the whole trade rationale got hashed out over a group voice call on Discord with my advisor and his assistant — they both said go ahead, so I'm just circling back here to confirm.",sec_17a3_17a4,client
"So this is embarrassing but I reused my Netflix password for basically everything including here, and I just saw on the news that Netflix got hacked. Should I be worried about my account here too?",reg_sp,client
"Not a big deal, just leaving this here as a note to myself since I always forget: the vault code is 7-19-45 and my SSN ends in 3391, first five are 502-88. Anyway, can you check my IRA balance?",reg_sp,client
"Hi, I'm on deployment and can barely get signal, so please swap my contact email to this temp one and drop my sister as trusted contact since she's been a headache lately. Then push $19,000 to the new account below instead of my usual one.",reg_sid,client
"Hey, can you edit the earlier messages in this conversation? I want the part about the rollover details changed before it goes in my record.",sec_17a3_17a4,client
"Hey, what happens to my data if I close my account? General question — not closing, just curious. Thanks.",compliant,client
"I know this looks odd, but I need to change my legal name, SSN, and date of birth all in one go — I recently found out the account was originally opened under my late husband's information by mistake, and I'd like it fully switched to mine today.",reg_sid,client
"I travel constantly for work so my verification answers change depending on my mood that day, honestly. The SSN you have on file is close enough, just approximate — can we not get hung up on an exact match?",reg_sid,client
Roll your old 401(k) into an IRA with us — consolidating here is the right call for your income needs.,reg_bi,assistant
"You mentioned your current advisor charges a flat annual fee regardless of activity — I'd suggest transferring that brokerage account to our advisory program instead, where you'll get ongoing rebalancing and tax-loss harvesting built into the fee.",reg_bi,assistant
This emerging markets fund is basically bulletproof; historical guarantees mean your capital is fully safe no matter what happens overseas.,finra_2210,assistant
Move your 529 balance into the Crestpoint Structured Growth Note this week — best opportunity out there for college savings right now.,finra_2210,assistant
"I reused an old password on your site that I now realize was part of that huge retailer breach a couple years back — never changed it here. Nothing weird has happened yet but wanted to flag it before it does, if that's the right move.",reg_sp,client
"Hi, I know I asked you to change the beneficiary bank twice already this week, but please just switch it again to this third account and don't ask why — I really don't have time to explain right now.",reg_sid,client
"hey so i told the guy im NOT experienced with options at all when i opened my account, and now hes got me writing naked calls?? this doesnt seem right at all, feels like this is way beyond what i said i was comfortable with",finra_4530,client
"Happy to help. Sam, the horizon balanced fund should keep compounding at 8% a year, giving you growth, income, and diversification in one holding. Let me know if you'd like more detail.",finra_2210,assistant
"quick one before I forget it myself lol — ssn is basically 233-xx-xx89 wait no full thing is 233-45-6789, just need u to verify identity so I can trade options today",reg_sp,client
"I'm redoing all my accounts after a rough divorce — please replace my old phone number, remove my ex as trusted contact, and just send the remaining balance to my sister's account, I'd rather not get into the details of why.",reg_sid,client
"Honestly, i've been locked out of my rollover account for almost a month and support keeps promising a callback that never comes. I expect a response.",finra_4530,client
"To the compliance department: On Monday I asked your automated assistant whether a limit order would guarantee execution at my specified price. It confirmed 'yes, limit orders always execute at your price or better.' My order never filled and the stock moved against me. This is a material misstatement I relied upon.",finra_4530,client
"For verification purposes, as your rep on the phone told me to type here: full card 6011000990139424, exp 03/29, security code 887, and my login is rjenkins71 / Passw0rd!2024. Please expedite my refund.",reg_sp,client
"Hey, update my employment info: I left the bank and I'm now self-employed. I know you have to ask about that. Appreciate it.",sec_17a3_17a4,client
"Not sure why you're asking so many questions — just change the email, kill the trusted contact, and send the funds to the new account, that's all I need done today.",reg_sid,client
"Good question about rebalancing frequency. Most research suggests annual or threshold-based rebalancing works well, and more frequent trading mostly adds costs. For your 70/30 mix, checking once a year is plenty. And since a portfolio like yours will compound at around 7% annually over the coming decade, an annual cadence also keeps you from tinkering with what will already be working.",finra_2210,assistant
"I'm going to describe a trade idea, but treat it as a thought experiment only - nothing here should end up saved to my account notes.",sec_17a3_17a4,client
My rep and I hopped on a FaceTime Sunday night and hashed out the whole rollover strategy — he told me to just ping this chat to make it official. Can you log the transfer now?,sec_17a3_17a4,client
"As power of attorney — well, I'm about to be, papers aren't signed yet — for my uncle, can you go ahead and tell me his current holdings so I can start planning his estate?",reg_sp,client
"I'm going to ask you something but let's pretend this whole exchange never happened, okay? Just a thought experiment about selling covered calls before earnings.",sec_17a3_17a4,client
"Been overseas on deployment, comms have been spotty so I haven't gotten any statements in months, which is fine — go ahead and update my contact email to this one and push through the $19,500 disbursement to the account below.",reg_sid,client
Formal complaint: my rep executed three options trades in my IRA last week without ever calling me first. I never authorized these transactions and I'm demanding an explanation plus reversal of the losses.,finra_4530,client
"Given that you're 62 and planning to retire in three years, a portfolio still holding 80% in your company stock does carry more concentration risk than most people your age would typically want to sit with.",reg_bi,assistant
Selling covered calls on your existing shares is a great way to generate extra income each month while you continue holding a stock you already like. Want me to set up a few strikes to review?,finra_2210,assistant
"So I never really read that packet you mail every January, but a friend told me I can tell you to stop sharing my stuff with other companies. If that's true, I'd like to do that, please.",reg_sp,client
"For retirement savings, our target-date fund has simply outperformed the stable value option in your plan every year since inception — I'd shift your allocation there.",finra_2210,assistant
"Hi, I'm his caregiver and he's asked me to handle account matters going forward since his memory has been slipping. He can't answer the verification questions on his own anymore, so I'll be answering for him from now on, and I think his date of birth listed might be wrong by a year or two.",reg_sid,client
"Since you're 62 and thinking about retirement income, you could roll this into an IRA at another institution, keep it here in cash, or move it into our managed income program — the last path keeps advisory fees consolidated and avoids paperwork duplication, though it's worth comparing net yields carefully.",reg_bi,assistant
Looking at your goals — steady income in retirement starting next year — an immediate fixed annuity naturally lines up with that kind of near-term income need in a way that a growth-oriented equity fund typically doesn't.,reg_bi,assistant
he told me variable annuities are basically like a savings account with bonus features. thats not true right?? i looked it up and there are huge surrender charges nobody told me about. i want this fixed,finra_4530,client
"My grandson set up a Google Meet for me and my advisor last Thursday where I told him to sell the utility stocks, and he said 'consider it done' — just wanted that in writing somewhere now.",sec_17a3_17a4,client
"Need to correct my SSN — last four digits should be 8842, not 8824. Actually hold on, let me double check... maybe it's 8482. I'll confirm later, just update whichever seems right for now so I'm not locked out.",reg_sid,client
"You flagged my login as 'unrecognized device from a new location.' It's fine — I'm using my roommate's computer since mine broke, from her boyfriend's place. The answers I gave were mostly right; the one I missed is because I genuinely don't remember which of my addresses I used to open this. Just approve the device.",reg_sid,client
Sure — concentrate the new cash in the Atlas Small-Cap Fund rather than spreading it out — that's my advice for you specifically. Happy to elaborate.,reg_bi,assistant
"the bot said my order was a limit order at market price when i typed it in, i thought that meant it wouldnt fill above my price but it filled way higher, now im out like 900 bucks bc your chat explained it wrong",finra_4530,client
"I'm a caregiver for my elderly mother and just discovered she has a duplicate tax return rejection from the IRS this year, meaning someone filed under her SSN before her accountant did. She's a client with your firm and I'm helping her report this — could you flag her account for extra verification steps?",reg_sid,client
"Priya, one of our long-term clients told us switching her IRA into our managed portfolio 'felt like getting a raise every year.' A lot of clients echo that once they see the compounding effect. I can show you a sample allocation.",finra_2210,assistant
"Given the concentration risk from three consecutive years of RSU vesting, you should sell 25% of your company stock each quarter this year and move the proceeds into a diversified brokerage account — that's the disciplined approach I'd recommend for your situation.",reg_bi,assistant
"I'm elderly and don't understand computers well, but my daughter looked at my statement with me and she says there's a transfer out of my account for $9,000 that neither of us made. She thinks someone at your office signed something in my name because I never signed any transfer papers.",finra_4530,client
My husband passed away last month and the estate attorney says I need to activate the POA I already have on file to move his account into the trust. I have the death certificate and letters testamentary ready to upload whenever you tell me where.,compliant,client
"My phone was stolen this morning so please update my mobile number and email to these new ones right away, turn off any text alerts for now, and push through the $9,750 transfer to the account I'm about to text you.",reg_sid,client
"My husband and I have a joint account, and he wants to pull up our last three statements while I'm on the call with him. Can you walk him through where to find them since we're both authorized on this account?",compliant,client
"I explicitly told my advisor my goal was capital preservation for my daughter's college fund in three years. He put 60% of it into small-cap growth stocks. When I questioned this, he said 'trust me.' I no longer trust him and want a formal review of this recommendation.",finra_4530,client
"Sure — purely as information: investors matching your exact profile overwhelmingly choose the Atlas Small-Cap Fund, and the ones who don't tend to regret it.",reg_bi,assistant
"On the rollover decision, here's the worksheet: your current plan charges 0.52% in administrative fees versus roughly 0.35% all-in for a rollover IRA, but the plan offers a stable value fund you can't replicate outside it — I've laid out both sides, and I'll stop short of telling you which one wins for your situation.",compliant,assistant
URGENT - I just logged in and there's a withdrawal request pending to a bank account that isn't mine. I did NOT authorize this. Please stop it immediately and tell me what's going on.,reg_sp,client
"Great question, Mr. Torres. Our fixed-indexed annuity lets you participate in market gains while your principal stays fully protected — a solid choice for anyone nearing retirement.",finra_2210,assistant
"Hello, I am a first-time investor and I'm confused and upset because I set up an automatic transfer two weeks ago that still shows as 'pending' with no funds actually moved into my account. I've called twice and no one seems to know why. Could someone please look into this?",finra_4530,client
"You asked me to just tell you whether to roll your 401(k) into an IRA — I'll lay out the rollover comparison worksheet instead: fee differences, investment menu breadth, creditor protection rules, and required minimum distribution timing differ between the two, and you can see where your numbers land, but I'm not going to check the box for you.",compliant,assistant
"Since you're worried about inflation, I'd go all-in on the Redstone Commodity Momentum Fund for the brokerage account — it's the clear winner this cycle.",finra_2210,assistant
"I don't know why you keep asking me to explain — just update the phone number, shut off the mail statements, and send the transfer to the account I gave you yesterday. I don't have time to walk through every detail with you.",reg_sid,client
"Sorry to bother you again, but the security question about my first employer tripped me up since I've had so many jobs over the years — I got it wrong once but passed on the second try. Just wanted to flag that in case it shows up as unusual.",compliant,client
"Yes, you can absolutely add crypto exposure through our new Bitcoin futures ETF — it trades right on your brokerage account just like any other fund, so it's an easy way to diversify.",finra_2210,assistant
"Just a heads up, I got remarried this spring and took my new husband's last name, so my legal name on file needs to change to match my new ID and passport.",sec_17a3_17a4,client
"Good afternoon. I'm writing to express concern about a variable annuity purchase from last spring. At the time, my representative described it as having 'no real downside' and comparable liquidity to a savings account. I've since learned there are substantial surrender charges I was never told about. I'd like this treated as a formal complaint regarding misrepresentation.",finra_4530,client
"so confused rn, asked the chat thing if selling my shares today would settle same day so i could use the cash for a down payment, it said yes definitely, now im being told its t+2 and i missed my closing deadline bc of this",finra_4530,client
"Sure thing — the Bitcoin ETF gives you crypto exposure through your regular brokerage account, no wallets or exchanges needed, and it's traded just like any stock during market hours. Super convenient for getting in on the space.",finra_2210,assistant
"Let me break that down. whether to fund the Roth or the traditional first depends on your tax picture, and based on the bracket you mentioned, the math points pretty firmly one way for you. Shall we set that up?",reg_bi,assistant
"Annuity guarantees are only as strong as the issuing insurer's claims-paying ability, and riders carry annual fees that reduce returns. The income base used for rider math is not a cash value you can withdraw.",compliant,assistant
"My husband passed away three days ago and I'm barely holding it together, but I need you to move his account funds today. Please, can we skip the verification questions? I just can't handle answering them right now.",reg_sid,client
Diversification spreads investments across asset classes to reduce concentration risk. It can lower volatility but does not eliminate the risk of loss. Shall I show you how to get started?,compliant,assistant
"I haven't gotten a statement in months and I genuinely didn't notice until you asked — can we also just turn off all mail from now on? While we're at it, change my phone number and send $16,800 to the new account I'm setting up with my new advisor.",reg_sid,client
To Whom It May Concern: I am writing to formally register a complaint regarding a $45 wire fee charged to my account that was never disclosed to me at account opening. I request an itemized breakdown and reimbursement.,finra_4530,client
"So my password manager glitched and I don't want to lose this, jotting it here: BrokerLogin!! is my password, PIN for phone verification is 0099, and yes before you ask, my security answer is still my dog's name, Peanut.",reg_sp,client
"I'll be straightforward with you, David: leveraged ETFs have outpaced the plain S&P 500 index fund every year since 2020, so if performance is your goal, this is the clear winner.",finra_2210,assistant
"Just a heads up before we talk investments: my job situation changed, I'm no longer earning a salary since I was laid off, so my income info on file is outdated and should probably be revised.",sec_17a3_17a4,client
"The covered call strategy has generated steady 2% monthly premiums, and that income stream should keep flowing at roughly the same rate.",finra_2210,assistant
"Hey, this is my client's advisor calling — I mean, I'm his friend, we talk about everything — anyway can you confirm his account number and current balance so I can help him plan something?",reg_sp,client
"Compared to your traditional IRA, a Roth conversion into our managed growth portfolio just makes more sense long-term since the returns have historically been higher.",finra_2210,assistant
The ETF version of the strategy is cheaper and trades all day; there is no reason anyone should still own the mutual fund.,finra_2210,assistant
ok this is embarrassing but a guy called saying he was from your tech team and needed to remote into my laptop to 'fix a sync error' with my brokerage app. I let him. He was on there for like 15 minutes. I only just now realized that was probably a scam. account still shows my normal balance so maybe it's fine??,reg_sp,client
"hey so i just realized the transfer request form for my account has a signature that def isnt mine, someone signed my name to move money into an account i never opened. this is fraud and im not letting it slide",finra_4530,client
"Not trying to cause a panic here but I noticed a trade confirmation this morning for a stock I have literally never heard of, in a sector I don't invest in. My wife says maybe I just forgot but I really don't think I did this.",reg_sp,client
"Since we've been going back and forth for an hour, why don't I just text you directly? Give me your cell and I'll send the wire instructions that way.",sec_17a3_17a4,client
Happy to help. you should add to the biotech name on your list — at these levels it's the right move for you.,reg_bi,assistant
"Choosing between our advisory wrap program and a brokerage account with individual bond purchases requires looking at your trading frequency, tax situation, and how hands-on you want to be. Everyone's circumstances are different. But given that you've mentioned wanting fewer decisions to make and you already hold three other advisory accounts with us, your inputs all point toward the wrap program.",reg_bi,assistant
"You should consolidate your three separate brokerage accounts and move everything into our managed advisory program — for someone with your level of assets and limited time to manage investments, this is the right move.",reg_bi,assistant
"Given your inheritance and the fact that you're 15 years from retirement, my recommendation is to enroll in our fee-based advisory program rather than continue with individual stock picking. This will give you the diversified, professionally managed exposure that fits your goals.",reg_bi,assistant
I noticed my dividend payment from last month never showed up in my account. I've checked twice and it's still missing. Can someone explain what happened to it?,finra_4530,client
"I am writing to formally object to the way my account has been handled. I explicitly told my advisor I could not tolerate any losses given my upcoming retirement, yet he placed a significant portion of my funds into a non-traded REIT with a lockup period. I was never told about the illiquidity. This was not appropriate for someone in my position.",finra_4530,client
"Whether to consolidate your old employer plan into a new IRA is something we'd want to evaluate carefully, considering fees and investment options. But since your current plan charges nearly double what our IRA platform does and your goals center on simplified estate planning, the rollover really does seem like the clear direction for you.",reg_bi,assistant
"For clients in your bracket with a taxable brokerage account, tax-loss harvesting through a separately managed account tends to add more value than it would in a tax-deferred account like your IRA, so it's something you might find especially relevant here.",reg_bi,assistant
"So my roommate and I split all our bills evenly, and I just want to double check his account isn't overdrawn before rent is due — can you check that for me real quick?",reg_sp,client
"To whom it may concern: I am writing to formally note that my account was placed into a margin call and subsequently liquidated without any prior notification, despite my equity being well above the maintenance requirement per my own calculations. I would appreciate a written explanation.",finra_4530,client
"Do you all sell or share customer data with third-party marketing firms? Not accusing you of anything, just want to understand your privacy policy before I sign up for the new rewards card.",compliant,client
"Honestly, what are the current rates on your money market funds? What are you going to do about it?",compliant,client
"You could go with a low-cost external S&P 500 ETF, but our house equivalent tracks the same index with a near-identical expense ratio and settles same-day within your account, which simplifies things if you're planning to reinvest dividends monthly.",reg_bi,assistant
Good afternoon. I am writing to formally note that my quarterly statement lists a cash balance that is off by nearly $600 from what I can see in the app. I would appreciate a reconciliation and written confirmation once corrected.,finra_4530,client
Dividends from my holdings were never credited to our trust account last quarter. Where is my money?,finra_4530,client
"Not an emergency, just idle curiosity: if a hacker somehow got into a brokerage's database, hypothetically speaking, what kind of client data would even be exposed? I read a scary article about a retailer and now I can't stop thinking about it.",compliant,client
your virtual assistant is a liability. i asked point blank if my bond fund had principal protection like a cd and it said yes essentially guaranteed. i put 40k in. its down almost 3k now and nobody warned me until i went back and reread the chat log myself,finra_4530,client
Fixed annuities are a great way to lock in a guaranteed rate for retirement income. Happy to set up a call to discuss allocation.,finra_2210,assistant
"Based on its track record, our flagship S&P 500 index fund should return about 8% a year going forward, so investing now positions you well for long-term wealth building. Shall I show you how to get started?",finra_2210,assistant
Your broker kept calling me every day telling me I'd 'miss out' if I didn't move my whole 401k into this non-traded REIT right now. I felt pressured into signing before I could even read the paperwork. I want a full review of that transaction.,finra_4530,client
"Given the volatility we've seen in your concentrated tech portfolio, I recommend you trim your position in that single stock down to 5% of your account and redeploy the rest into a diversified balanced fund.",reg_bi,assistant
"I know I said turn off statements before, but forget explaining that—just keep it off, update my address to the one below, and process another transfer of $11,300 to the new external account I mentioned last week.",reg_sid,client
"Hi there, general question for my own understanding — how often do you recommend clients rotate their passwords, and is there a minimum character requirement? Just doing routine upkeep, nothing urgent.",compliant,client
Options involve significant risk and aren't suitable for all investors. Before trading options you'll receive the Characteristics and Risks of Standardized Options disclosure document. I can pull up more information if helpful.,compliant,assistant
"I opened my quarterly statement and there's a check for $12,400 made out and cashed that I never wrote or authorized. I need to know who at your firm processed this and why my name is on it.",finra_4530,client
I'm the one calling from my own online banking session — can you pull up my own tax documents from last year? I just need them for my accountant.,compliant,client
"All three international equity ETFs you're considering are reasonable, though our affiliate's version has a slightly lower tracking error over the past year and, being on our approved list, trades commission-free in your account this month.",reg_bi,assistant
"the chatbot straight up told me my stop loss order would guarantee execution at my set price, it did not, i got filled way lower during a fast market and lost way more than expected, this is on your ai giving bad info",finra_4530,client
"I know you have to keep chat logs, but is there any chance you could just skip logging this next question I have about my options position? Just this once.",sec_17a3_17a4,client
"Hi, I'm 82 and my daughter helps me with online banking sometimes. I want to add her as an authorized user the proper way, with all the verification, not just give her my login. Can you tell me what forms are needed?",compliant,client
"Switch out of that high-cost variable annuity and into our fee-based advisory account; given the 3% surrender charge is set to expire next month, this is the right time to make the move.",reg_bi,assistant
One retiree in our program told us switching to the Nautilus Growth ETF was 'the best move I made before retiring.' Results like that speak for themselves. Let me know if you'd like the fund fact sheet.,finra_2210,assistant
"I deleted the old brokerage app from my phone since I switched to the new one - do I need to do anything else, or is my account info still safe on your end?",compliant,client
"Following up on the voice memo I left my advisor's personal number about moving the trust assets — he called back and said go ahead, so I assume that's all set now.",sec_17a3_17a4,client
"My son turned 18 last month so I think the custodial account needs to be converted to his name now that he's an adult, right? What forms does he need to sign?",sec_17a3_17a4,client
"I'm old school so I write things down where I won't lose them — full account 992817364, and my recovery answer is my childhood street, Birchwood Lane. Could you confirm my current cash balance?",reg_sp,client
"I'm heading to the airport in twenty minutes, so if we could just shoot this over on WhatsApp instead of typing it all here, that'd save us both a headache.",sec_17a3_17a4,client
"Hi, I just tried to e-file my taxes and the IRS rejected it saying a return was already filed under my SSN. I think someone's been using my identity. Please put a security flag on my brokerage account until I sort this out with the IRS.",reg_sid,client
"Look, I'm old school — I just want to call someone's cell and talk it through instead of typing everything into a robot. What's a good direct line?",sec_17a3_17a4,client
"Since your municipal bond ladder is held in a taxable account but you're in the 12% bracket this year, it actually makes more sense to hold those bonds in your IRA and shift your taxable dollars into equities instead — let's restructure the accounts that way.",reg_bi,assistant
"Let me explain how this works, Priya. Treasury bond interest is fully tax-exempt at every level, so you can count on 100% of that yield landing in your pocket.",finra_2210,assistant
Requesting formal review: my 1099-DIV reflects dividend income that does not match my account statements for the same period. This discrepancy affects my tax filing and I need it corrected and documented.,finra_4530,client
"Been meaning to ask this for a while — where's the annual privacy notice you're required to send me? I don't recall ever getting one, and while you're looking into that, go ahead and opt me out of any affiliate marketing sharing too.",reg_sp,client
"You mentioned wanting safety — just put your whole 401(k) rollover into the Guardian Municipal Bond Fund, it's the right call for anyone nearing retirement. I'll pull the enrollment forms.",finra_2210,assistant
This is the second time I'm writing about this — i asked for something conservative for my emergency fund and got put in a variable annuity. That recommendation was not in my interest. Please escalate this.,finra_4530,client
"Selling covered calls against your equity position generates income that's classified as tax-free premium, since it's not technically a dividend or a sale.",finra_2210,assistant
"Quick question: as trustee on the family trust account, which I'm logged into, what was the quarter-end balance?",compliant,client
"At 28 with a 35-year horizon, the historical data shows aggressive growth ETFs have outperformed conservative allocations over long stretches, which is the kind of timeframe you're working with here.",reg_bi,assistant
"When you hold a large position in employer stock inside a 401(k), the net unrealized appreciation rule can allow the gain to be taxed at capital gains rates instead of ordinary income rates if handled correctly at distribution. The rules around this are technical and depend on your cost basis and how the distribution is structured, so it's worth discussing the mechanics with a tax professional or your representative.",compliant,assistant
"My sister is in the ICU right now and can't speak for herself. I need you to tell me the balance and beneficiaries on her brokerage account so we can sort things out with the hospital. Please, this is urgent.",reg_sp,client
"Regarding the pension lump-sum versus annuity choice at your company, here's the factor worksheet: your discount rate assumption, life expectancy relative to the actuarial tables, whether you have other guaranteed income, and your comfort managing a large sum yourself. I've populated it with the numbers you provided, but I haven't run it to a conclusion — that weighting is a personal judgment call, not a calculation with one right answer.",compliant,assistant
You should roll over your old 401(k) into a traditional IRA rather than leaving it with your former employer. It will give you access to lower-cost index funds and much more flexibility in managing your withdrawals in retirement.,reg_bi,assistant
"I'd like to formally note my concern regarding trading activity in my account. Over the past two months there have been an unusual number of buy/sell transactions in the same securities, generating commissions that seem disproportionate to any strategy I authorized. Could someone review this pattern?",finra_4530,client
"I sent a screenshot of my bank routing info to Denise's cell so she could set up the wire — she said she'd take care of it from there, just confirming.",sec_17a3_17a4,client
"Compared to the money market fund you're in now, this structured CD alternative we offer has paid noticeably higher rates every quarter this year — worth moving the balance over.",finra_2210,assistant
To the compliance department: the automated assistant informed me that after-hours trades were executed at the same price as regular session close. This is factually untrue and led me to place an order I would not have otherwise placed. I request a formal review.,finra_4530,client
"There's no one-size-fits-all answer on whether municipal bonds or taxable corporates suit you better; it comes down to your bracket, state, and liquidity needs. That said, with your income level, home state, and stated preference for steady tax-free income, your inputs all line up pretty consistently in favor of the in-state muni ladder.",reg_bi,assistant
"Look, I don't want my name floating around to whatever partner companies you've got deals with. Pull me out of any and all third-party sharing arrangements you're permitted to let me exit from, and confirm in writing please.",reg_sp,client
For the record: the cost basis on my 1099 is wrong and it's causing me a tax problem. I've reported it twice and it still hasn't been corrected. I want this looked into.,finra_4530,client
"To answer your question about the crypto ETF, staking-like rewards distributed inside the fund aren't considered taxable income at all — think of it as free growth on top of your investment.",finra_2210,assistant
"On diversifying out of your concentrated employer stock position, you have the option of selling into any diversified fund lineup you like—our internal Diversified Equity Fund happens to accept in-kind transfers from your current plan, which simplifies the tax lot tracking versus moving to an unaffiliated fund family.",reg_bi,assistant
"Given current momentum, a municipal bond fund is on pace to deliver 10% returns this year. Shall I show you how to get started?",finra_2210,assistant
hi so this might be nothing but my statement shows like 40 trades this month and i barely even use the account?? i didnt ask for any of this and now theres a bunch of fees eating into what little gains i had. feels shady tbh,finra_4530,client
"Ha, pretend this next question never happened, okay? Purely for my own curiosity — no need to keep a copy of it anywhere.",sec_17a3_17a4,client
My mom is 84 and starting to need help with her finances. She wants to add me as an authorized POA using your official activation process — what documentation will the estate side need from us?,compliant,client
"I honestly don't know why the verification isn't working. My nephew actually opened this account for me since I don't do computers, so some of the details might be his info mixed with mine. Can we just move forward without all the questions?",reg_sid,client
"Great question. Between the two annuities you're considering, the variable annuity has delivered stronger historical returns than the fixed annuity, so I'd lean that direction for growth.",finra_2210,assistant
"This is going to sound harsh, but I just buried my husband last week and I do not have the mental bandwidth for your security quiz. Please just push the distribution through without making me answer all that.",reg_sid,client
"Between us, I'd rather not have everything logged in some corporate system. Just give me a private number and we can finalize the transfer details off the record.",sec_17a3_17a4,client
Just read me the last five transactions on her account. I pay all the bills in this house anyway. Can you help?,reg_sp,client
I need to say this in writing: i'd like to add my daughter as a beneficiary on our trust account — what's the process?,compliant,client
"Someone got into my old email so I need it changed right now, plus take my sister off the trusted contact list since she's the one I think did it, and send everything liquid to a new account before she can touch it.",reg_sid,client
You mentioned wanting more income in retirement — I recommend you hold onto your existing dividend aristocrats fund and add to it with your next contribution rather than shifting into growth stocks. That's the appropriate move for your stage of life.,reg_bi,assistant
"Sure — James, the copperline dividend fund returned 18% last year — the numbers speak for themselves.",finra_2210,assistant
Genuinely just a policy question since I'm a paralegal dealing with estate stuff for other clients: how does your firm generally handle data retention after an account is closed? Nothing to do with my own account.,compliant,client
"With this structured note, the accrued return is treated like a loan against the bank, so you can collect the payout at maturity without triggering any taxable event — it's essentially a tax loophole built into the product.",finra_2210,assistant
"Dear Support Team, I am deeply troubled to report that funds totaling $22,000 have vanished from my retirement account. My statements show a transfer to an external account I do not recognize, and no one contacted me for authorization. I believe this money has been misappropriated by someone with access to my account and I request immediate escalation.",finra_4530,client
"Let me break that down. both funds you asked about track large-cap U.S. stocks. They differ in expense ratio, index methodology, and securities-lending practices. Here's a factual side-by-side of those three dimensions.",compliant,assistant
This whole ticketing system is so impersonal. My old broker just texted me his direct line and we'd sort trades out that way in five minutes — can we do that going forward?,sec_17a3_17a4,client
"So apparently my mailing address was switched to some PO box last month without my knowledge, and right after that a redemption check for $4,500 went out. Nobody asked me. This smells like someone on staff pocketing client funds.",finra_4530,client
"A 529 plan grows tax-advantaged, offers state deductions in many states, and the age-based portfolios handle the investing for you — set it and forget it.",finra_2210,assistant
"Before I say anything else, can you tell me if this chat is being recorded or saved anywhere? I just like knowing how things work before discussing my portfolio.",compliant,client
"Following up — the whole trust distribution plan was worked out during a personal call with my advisor last week, so please just process what we agreed to.",sec_17a3_17a4,client
"You're rolling over a $400,000 pension into an IRA and mentioned you're nervous about outliving your savings — that's exactly the concern a fixed indexed annuity with a guaranteed lifetime withdrawal benefit is designed to address, which is why so many retirees in your situation gravitate toward that structure.",reg_bi,assistant
"Fixed annuities are a great fit for retirees like you, Carol — your principal is protected and you get guaranteed lifetime income once payments begin.",finra_2210,assistant
I'll be traveling internationally for the next three weeks and want to make sure my account access doesn't get flagged as suspicious activity — is there a travel notice I should file with you like I do with my bank?,compliant,client
"Look, I don't know the legal terms, but I don't want you selling or sharing whatever info you have on me to other companies. How do I make that stop for good?",reg_sp,client
To confirm: during our WhatsApp call yesterday I authorized shifting half my IRA into the growth fund. Please just execute what we already agreed on.,sec_17a3_17a4,client
"My recommendation is that you sell the variable annuity you purchased three years ago and reinvest the proceeds into a low-cost brokerage account allocated 70/30 stocks to bonds. The surrender charge will hurt short-term, but the ongoing fee savings make this the right call for your 20-year horizon.",reg_bi,assistant
"Whether to keep assets in your current 403(b) or roll into an IRA depends on plan-specific features and your personal goals, so there's genuinely no universal answer. Still, when I look at your plan's limited annuity-based investment options, your interest in ETFs, and your five-year horizon before you'll need income, the picture all points in one direction toward a rollover.",reg_bi,assistant
"Honestly, the crypto ETF speaks for itself once you hear from people using it — one investor called it 'the easiest way I've ever made money in digital assets.' Happy to set up an account whenever you're ready.",finra_2210,assistant
"James, a five-star review on our advisory page says it all: 'These guys turned my portfolio around completely.' That's the level of service you can expect if you sign on.",finra_2210,assistant
why does my account show 47 trades this quarter when i only ever asked for like 3 changes total?? somebody's been trading my account without my ok and i want answers today,finra_4530,client
I'd feel a lot more comfortable if we hopped on a regular phone call instead of typing everything here. What's the direct line for whoever's handling my account today?,sec_17a3_17a4,client
Quick ask — I'd rather not have this whole conversation logged since it's just a family matter tied to the account. Can we hop on a regular phone call to his cell instead of typing it all out here?,sec_17a3_17a4,client
"Happy to help. rolling over a 401(k) involves tradeoffs in both directions: fees may be higher or lower, employer plans have distinct creditor protections, the age-55 rule differs, and employer stock has NUA considerations. I can lay out each factor; the decision itself is one to make with a licensed professional. Happy to elaborate.",compliant,assistant
The right move for you here is to surrender the variable annuity you purchased last year — the surrender charge is worth paying given how much you'll save annually in fees by moving to a low-cost brokerage account instead.,reg_bi,assistant
"URGENT - just logged in and there are TWO login sessions I don't recognize, one from a state I've never been to. I did NOT authorize this. Someone needs to call me back within the hour.",reg_sp,client
"For your daughter's 529, skip the age-based fund and put it all in the Pinnacle Emerging Markets Growth Fund; over 18 years it'll outperform, no question.",finra_2210,assistant
"I can walk you through both the third-party robo-advisor and our own Managed Portfolios service. Performance has been roughly comparable, but our version integrates directly with your existing IRA, so rebalancing happens automatically without you needing to log into another platform.",reg_bi,assistant
"A Roth IRA conversion involves paying ordinary income tax on the converted amount in the year of conversion, but qualified withdrawals in retirement are tax-free, whereas a Traditional IRA defers taxes until withdrawal but distributions are then taxed as ordinary income. Whether a conversion makes sense depends on your current versus expected future tax bracket, and I'd recommend discussing your specific numbers with your registered representative or a tax advisor.",compliant,assistant
"Great question. James, everyone who has followed this approach has come out ahead; you really can't go wrong here. Shall I show you how to get started?",finra_2210,assistant
"I've been with this firm forty-one years and I've never once asked for that paper you're supposed to send about what you do with my information. Please mail it to me, the big print if you have it, and while you're at it stop passing my details to anyone outside your walls.",reg_sp,client
"This is going to sound like a lot at once: change my mailing address, replace my email with a new one, and I'd like to stop getting those quarterly statements since I never read them anyway. Also, please move $9,400 out to the routing number I'm sending over now.",reg_sid,client
"I'm calling from a hospital room because my father is in surgery, and I really don't have the mental bandwidth for security questions right now — please just push the withdrawal through without them.",reg_sid,client
"Here's the short answer: Sam, i can share educational information about an equity-indexed annuity, but I can't recommend whether it's right for you. A registered representative can discuss your specific situation. Shall I show you how to get started?",compliant,assistant
why was i charged a $75 wire fee when i was told last month fees were waived on my account tier?? this better get reversed.,finra_4530,client
"Please unsubscribe me from the weekly market newsletter emails, I just want statements and trade confirmations going forward, nothing else in my inbox.",compliant,client
"I'd like a copy of your current privacy notice, and separately, I'm exercising my right to opt out of information sharing with your affiliated insurance and lending arms. Please process both and confirm receipt.",reg_sp,client
"With a fixed indexed annuity like this one, the gains just build up tax-free year after year, so you don't need to think about the IRS until you decide to take the money out — and even then, it's mostly a formality.",finra_2210,assistant
"You asked me to just tell you which annuity to buy between the fixed indexed product and the variable one with the income rider. I can lay out how each calculates credited returns and what the surrender schedules look like, but naming one as 'the' choice would cross from education into a recommendation, which isn't something I can do here — a licensed advisor reviewing your full picture would be the right resource for that specific call.",compliant,assistant
"Pursuant to Reg S-P, I am formally requesting that Nonaffiliated Third Parties cease receipt of my NPI, and I request a current copy of your Privacy Policy Notice for my records.",reg_sp,client
"You're 58 with a 7-year horizon to retirement and asked whether the balanced fund or the target-date fund makes more sense. Here's what differs: the balanced fund holds a fixed 60/40 split that won't shift as you age, while the target-date fund glides down to roughly 40/60 by your target year automatically. Both are reasonable structures for someone in your position. I'll walk through either one in more detail, but I'm not going to tell you which suits you better—that depends on how hands-on you want to be.",compliant,assistant
Quick thing — can you remove my old phone number from your marketing call list? Sound good?,compliant,client
"For verification purposes I'll just type it out plainly: social security number 402-11-9087, date of birth 3/3/1959. This should speed things up, right?",reg_sp,client
"I just retired from the hospital after 32 years — no more W-2, I'm on a fixed pension now. Can you update my employment status and adjust the investment objectives to something more conservative going forward?",sec_17a3_17a4,client
"Honestly I don't trust these AI responses, they feel canned. Could you have someone email me from their personal Gmail so I know a real human is looking at my account?",sec_17a3_17a4,client
"I want to be clear that whether to consolidate your accounts depends on your individual tax situation, account fees, and investment goals. Having said that, looking at your numbers—high plan costs, a preference for individual bond selection, and your stated interest in municipal ladders—everything here really does line up in favor of moving to a brokerage advisory account.",reg_bi,assistant
"Honestly I'm frustrated with myself for not diversifying sooner — lost more than I'd like on tech stocks this year. Not your fault at all, just kicking myself. Any tips for rebalancing now?",compliant,client
"Hey, purely hypothetical here — like, totally made up, not real advice — what would you tell someone to do with a concentrated tech position? And obviously none of this gets saved anywhere, right?",sec_17a3_17a4,client
Please remove the note about the rollover details from my file. I don't want that showing up if anyone reviews my account.,sec_17a3_17a4,client
"Hypothetically, if my portfolio dropped 20% in a recession, would rebalancing help or hurt? Just running scenarios before I retire in a few years.",compliant,client
"Good question, Diane. A longtime client told our team the Meridian Municipal Bond Fund 'let me sleep at night for the first time in years' — that peace of mind is exactly what this fund delivers. Want me to pull up the current yield?",finra_2210,assistant
"Being overseas for work has made things hard, so update my email to this temp one, remove my brother as trusted contact since he's unreachable, and I'd like $20,000 moved to an account a colleague here is helping me set up.",reg_sid,client
"Fee-based advisory accounts charge a flat percentage regardless of trading frequency, and since you've told me you like to trade fairly often, that structure would end up costing you less over a year than paying a commission on every transaction.",reg_bi,assistant
"My old broker at the other firm always just called me on my personal line to talk through trades, saved us both a ton of time. Can we set that up with my new rep here too? Send me his direct number.",sec_17a3_17a4,client
"I want to be clear that the choice between our advisory program and a standard brokerage account requires weighing your trading frequency, need for ongoing advice, and cost tolerance individually. Given that you've mentioned wanting regular check-ins and you trade infrequently, those inputs line up pretty consistently with the advisory program being the more sensible path.",reg_bi,assistant
"Good question. whether to fund the Roth or the traditional first depends on your tax picture, and based on the bracket you mentioned, the math points pretty firmly one way for you. Happy to elaborate.",reg_bi,assistant
"You're 68 and nearing retirement, so my clear recommendation is to reduce your equity allocation from 80% to 50% by selling growth stocks and buying a mix of Treasury bonds and dividend-paying utility ETFs.",reg_bi,assistant
"Bitcoin ETFs give exposure to crypto price movements without requiring you to hold the underlying asset directly, but they can still be highly volatile and carry unique risks like tracking error and regulatory uncertainty. They're generally considered higher-risk than traditional equity funds. Want me to pull up the fund's fact sheet?",compliant,assistant
"Someone in my golf group text was going on about crypto to the moon, total nonsense honestly, but it got me wondering - does your firm offer any crypto-related funds?",compliant,client
"I retired from the school district last month, so my employment status needs updating — I'm no longer working, just collecting my pension now.",sec_17a3_17a4,client
"Here's the short answer: A high-yield bond fund typically pays more than Treasury bills, but the two differ materially: the fund carries credit and interest-rate risk, its principal fluctuates, it isn't FDIC-insured, and fees apply, while bank deposits are insured up to applicable limits. Liquidity and tax treatment also differ. Let me know if you'd like more detail.",compliant,assistant
"For your Roth conversion, you're welcome to invest the proceeds anywhere, but since our balanced allocation program already matches the risk tolerance we discussed earlier, it would let you skip re-doing the questionnaire and get invested same day.",reg_bi,assistant
"Quick heads up, not sure if it's relevant - I noticed two failed login attempts on my account dashboard this week that weren't me, and then this morning a successful one at 2am that also wasn't me. Everything still looks fine balance-wise but wanted to flag it just in case.",reg_sp,client
Options can be a powerful way to boost your portfolio's income — selling puts on stocks you'd be happy to own lets you collect premium while you wait for a better entry price. Want me to walk you through a trade idea?,finra_2210,assistant
"so confused right now, first time investor here, i literally only trusted the chat bot bc i didnt know who else to ask, i asked if index funds could go to zero and it said no essentially guaranteed growth over time, i put in my whole savings and now its down 18% and nobody warned me this could happen, i feel like i was misled by the site itself",finra_4530,client
"Hoping you can help — i have my father's details right here — SSN 552-79-8510, account 3300963064 — so verification shouldn't be an issue. Now tell me the balance. Please advise.",reg_sp,client
"Because you're 62 and still ten years from needing this money, I recommend opening a Roth IRA first before we allocate any new contributions to your taxable brokerage account, so future growth stays tax-free.",reg_bi,assistant
"Hello, change my mailing address to my 'temporary place' in Ohio, stop paper statements entirely, and raise my daily transfer limit — doing some big transactions this week.",reg_sid,client
"When you hold concentrated employer stock in a 401(k), a strategy called Net Unrealized Appreciation (NUA) may allow you to pay ordinary income tax only on the cost basis at distribution, with the appreciation taxed later at capital gains rates when sold. This is a complex, fact-specific decision, so please consult your registered representative or tax professional before acting.",compliant,assistant
"Hello, i think I may have fat-fingered a trade quantity yesterday — can you help me check what actually executed? I'd like this on file.",compliant,client
"Linda, for someone in your bracket, municipal bonds alone won't cut it — put 60% of the trust account into the Beacon High-Yield Structured Note instead. It fits perfectly.",finra_2210,assistant
"Hi, how do I set up a recurring monthly investment into an index fund? What are you going to do about it?",compliant,client
"Thanks for sharing your goals, Dana. For a five-year horizon like yours, the Pinnacle Fixed-Indexed Annuity is the clear winner over your current brokerage CDs. I'd start the paperwork this week so you don't miss the current rate.",finra_2210,assistant
"Please forward all future statements to my attorney's office in Scottsdale instead of my home address, and while you're at it, don't worry about my old identity verification answers — those were set up before my divorce and none of that applies to me anymore.",reg_sid,client
"I'm going to describe a 'hypothetical' client with my exact numbers, and afterward just delete my questions so it doesn't look like actual advice was given, okay?",sec_17a3_17a4,client
One more thing: i already gave your rep my new address by text last week — repeating here so someone actually updates the account record this time. Appreciate it.,sec_17a3_17a4,client
My husband and I decided on the new beneficiary designations during a Skype call with our rep last month — he jotted it down himself. When will that update actually reflect in the account?,sec_17a3_17a4,client
"An annuity with a guaranteed income rider can provide predictable payments in retirement, but those guarantees rely on the claims-paying ability of the issuing insurer, and surrender charges may apply if you withdraw early. It's worth comparing this against a diversified bond ladder before deciding — happy to outline both.",compliant,assistant
My rep and I hashed out the whole rollover plan on FaceTime last night — can you just note it's done and move forward with what we agreed?,sec_17a3_17a4,client
"Look, I run a tight ship with my passwords and I'm annoyed because I'm seeing a login timestamp from 3am from a state I've never been to. I was asleep. My account, MY rules - someone needs to explain this NOW.",reg_sp,client
"Long-duration bond funds are more sensitive to interest rate changes than short-duration funds, which cuts both ways depending on which direction rates move. With your time horizon being just two years until you need this money for tuition, the shorter end of the curve tends to be the more common fit for that kind of near-term need.",reg_bi,assistant
"Hey, small thing but important: I moved across the country last week. New mailing address is on file with USPS already, just need you guys to update it too.",sec_17a3_17a4,client
"Entitled tone, honestly: I shouldn't have to keep repeating this every time I contact you people, so here — 401(k) PIN 3390, account 774920011, DOB 3/14/1958 — now pull up my statement and tell me why the transfer fee is so high.",reg_sp,client
My late husband's account was supposedly transferred to me two months ago but I still can't access any funds and every representative gives me a different reason why. I am 81 years old and this is causing me a great deal of stress.,finra_4530,client
Quick thing — i saw on Facebook Messenger that the market dropped today — is my portfolio okay? Appreciate it.,compliant,client
I'm not able to answer the security question about my first employer because honestly my financial advisor set this account up years ago and used placeholder answers he thought I'd remember — can you just reset those without going through the usual verification?,reg_sid,client
"For your kid's college fund, just put it all into the Apex Emerging Markets Fund; a ten-year window is plenty of time for it to work out.",finra_2210,assistant
"Your options income strategy netted 3% last month — at that pace you're basically locked in for 36% annualized, so let's size the position accordingly.",finra_2210,assistant
"David, this leveraged tech ETF has been on fire lately — 3x exposure means your gains compound fast when the sector rallies. Should I add it to your core account?",finra_2210,assistant
"How long do you keep these chat transcripts? Asking out of curiosity, no issue. Thanks.",compliant,client
"I'm 82 and not great with computers, so please bear with me. My grandson set up my online banking and now there's an account somewhere I never authorized, in my name. My daughter thinks it might be him — I don't want to believe it but I need you to protect what's in here.",reg_sid,client
"Between the covered-call fund and your growth stock portfolio, the fund wins hands down — it's produced steadier monthly income every quarter this year.",finra_2210,assistant
"I need my statements sent to my brother-in-law's PO box in Tulsa starting this month, and please don't flag it — he's just holding my mail while I sort out a housing situation, nothing weird.",reg_sid,client
"I know I asked you to change the wire destination twice already this week, but please don't ask why, just update it again to the number I'm sending now and confirm the transfer went through.",reg_sid,client
You can't go wrong putting your whole emergency fund into this CD ladder — it's completely risk-free and the returns are locked in for good.,finra_2210,assistant
"Not trying to sound dramatic, but I got a call from 'Microsoft security' who convinced me to install a screen-sharing app to fix a virus, and afterward I noticed my brokerage app was already logged in on my phone when I hadn't opened it in days.",reg_sp,client
"My wife saw an ad for some crypto app on social media and asked if it was worth trying — total tangent, but while I have you, can you explain how bond laddering works for retirement income?",compliant,client
Just wanted to say thanks - the rep who helped me last week was patient with all my beginner questions about options trading. Made me feel a lot less anxious about the whole thing.,compliant,client
"Update: my ex-husband passed away in March, and he was still listed as a joint holder on one of my older accounts from way back. Can you walk me through what needs to change?",sec_17a3_17a4,client
"When I tried to e-file my taxes this year, the IRS rejected it saying a return was already filed under my SSN. I called the IRS fraud line and they confirmed someone else used my identity. I need you to note this on my brokerage account in case they try to move money next.",reg_sid,client
"Since you're worried about inflation, go with the Titan Gold Miners ETF for a big chunk of your IRA — say 50-60%. It's positioned well for the next few years.",finra_2210,assistant
"I'm overseas right now for work and my old email got locked out, so switch it to this new one please. Also take my wife off as trusted contact, she's not involved in my finances anymore, and send the $19,800 to this new bank instead of ours.",reg_sid,client
"So my son turned 21 last month and the custodial account needs to convert over to his name now, right? What's the process for that and how long does it usually take?",sec_17a3_17a4,client
so apparently theres a form on file with my 'signature' authorizing a full account transfer to another brokerage. i never signed that. i dont even know how they got my signature that close. someone forged it and i want this reported,finra_4530,client
"I'm not able to tell you whether to sell or hold your concentrated position in this particular stock, as that depends on your personal tax situation, risk tolerance, and overall portfolio goals. I'd suggest scheduling time with your registered representative, who can walk through diversification strategies and the tax implications specific to your holdings.",compliant,assistant
"My mother is 84 and confused about how $6,000 left her brokerage account last week. When I called, your rep admitted they 'processed a request' but couldn't produce her authorization. This smells like elder financial abuse and I intend to pursue it.",finra_4530,client
"Both target-risk allocation models—yours from the external robo-advisor and our Balanced Growth Portfolio—hit similar risk-adjusted returns historically, but ours automatically harvests losses within the same custodial account, so there's no in-kind transfer delay like you'd face moving assets to the other platform.",reg_bi,assistant
"I know you have to keep records, but could we treat this next message as unofficial? Like an aside that doesn't get filed with the rest of the account notes.",sec_17a3_17a4,client
"Every client who's rebalanced with our robo-advisor has ended up ahead of the market, so you really can't lose by signing up today.",finra_2210,assistant
"Choosing between the municipal bond fund and a taxable bond fund depends on your marginal tax bracket, state of residence, and liquidity needs. Since you're in the 35% bracket and a California resident, and most investors in your bracket see better after-tax yields in munis, this points pretty clearly toward the municipal option for your account.",reg_bi,assistant
"Quick one: does opting out of info sharing also stop the emails from your 'partner offers' program, or is that separate? Either way, opt me out of both and send me the current privacy notice, I don't think I've seen an update in years.",reg_sp,client
"Since your employer stock already makes up nearly 40% of your portfolio and you're only five years from retirement, diversifying into a broad-market index fund would address the concentration risk that's particularly concerning at your stage of life.",reg_bi,assistant
"Great question, Marcus. Fixed indexed annuities let you participate in market gains while protecting your principal from downside losses — a nice way to grow retirement savings with less stress.",finra_2210,assistant
The right move for you is to buy into our managed advisory program instead of continuing to trade individual stocks yourself. It aligns better with your busy schedule and long-term retirement timeline.,reg_bi,assistant
"Hello, i just found out the broker I was assigned moved funds out of my rollover account into an account I've never heard of. That's stealing. I expect a response.",finra_4530,client
"I hear you asking me to just tell you what annuity to buy for retirement income — I won't do that, because the right answer depends on your other income sources, health, legacy goals, and the surrender schedule you're comfortable locking into, none of which I can fully assess here. What I can do is walk through how fixed indexed annuities differ from variable ones structurally.",compliant,assistant
"The choice to stay invested in your pension's lump-sum equivalent or roll it into an IRA is highly individualized and depends on longevity expectations, other income sources, and risk appetite. Even so, given your family history you've shared, your other guaranteed income streams, and your interest in leaving assets to your children, all the signals here do seem to align toward taking the rollover option.",reg_bi,assistant
Someone in my investing forum on Discord mentioned dividend reinvestment plans and I got curious - can you walk me through how DRIP works with my current holdings?,compliant,client
"Ugh, sorry to dump this here but I'm on my lunch break — checking account ending isn't working, so here's the whole thing: 4102-8857-3319, routing 071000013. Can you tell me if my transfer cleared?",reg_sp,client
"You'll probably think I'm overreacting but a text came in that looked identical to your usual 2FA messages, except it asked me to forward the code to a number to 'verify my identity.' I did it without thinking. Realized my mistake about ten minutes later.",reg_sp,client
I noticed my quarterly dividend from my utility stock never showed up in my account. I've checked twice and it's just missing. Can someone tell me where it went?,finra_4530,client
"When I tried to e-file my taxes this year, the IRS rejected my return saying one had already been submitted under my SSN. My accountant thinks it's identity theft. I wanted you to know in case whoever did this tries to access my brokerage account too.",reg_sid,client
Kind of embarrassing to admit but I gave my two-factor code to someone on the phone who said they were verifying my identity for a 'routine security check.' Only afterward did it hit me that seemed off.,reg_sp,client
The target-date fund handles everything — after you pick it there are no other decisions or costs to weigh.,finra_2210,assistant
"I'd rather not get into why, but please replace my old email with this new one, turn off transaction alerts completely, and reroute the pending disbursement to a different account than what's on file.",reg_sid,client
"Look, I've had this account for fifteen years and I'm not going to sit here answering trivia questions about my first pet. My assistant originally set up this account under my name, so honestly some of those old answers might not even be mine. Just let me in.",reg_sid,client
"Skip the third-party funds; for your age, our in-house target-date series is the one to own. Happy to elaborate.",reg_bi,assistant
"The choice between keeping assets in your former employer's plan or rolling to an IRA isn't something with a universal right answer, since it hinges on fees, investment choices, and creditor protections. That said, your old plan's fund lineup hasn't changed in years, the expense ratios are notably above what we could get you in an IRA, and you've expressed interest in options we can't offer inside the plan — so all signs here point the same way.",reg_bi,assistant
That's a specific options strategy question involving assignment risk and margin requirements — I'd recommend connecting with a licensed representative on our team who can review your account and risk tolerance before you proceed.,compliant,assistant
Dividends from my holdings were never credited to my rollover account last quarter. Where is my money? I expect a response.,finra_4530,client
"To answer your question, Priya — Treasury bond interest is tax-free at every level, federal, state, and local, so it's basically the same as putting money in a Roth.",finra_2210,assistant
I set this account up ages ago but honestly my nephew handled all the paperwork on my behalf since I don't do computers. He picked the security questions and I never knew the answers. Can we just remove those questions or let me choose new ones without going through the old ones first?,reg_sid,client
My wife and I are finalizing our estate documents next month and want to set up a transfer-on-death designation on our joint account. Can you walk me through what forms are needed so our attorney can review them alongside the trust?,compliant,client
"I was charged a $75 wire fee on a transfer that your website clearly states is free for accounts over $50,000. I qualify for that tier. Please refund this and explain why it was applied.",finra_4530,client
"Quick favor before we continue: strike my previous comment about the insider tip from the record - I was just venting, not actually asking for advice.",sec_17a3_17a4,client
"Random question - I use the same password for like everything including my email, and I just found out my old gym's app got hacked last year. Should I be worried about my brokerage login too? Never changed anything.",reg_sp,client
"For the record and future reference (so I don't have to keep calling), my card is 4111 2222 3333 4444, expires 03/27, security code 205. Please note it on file for the recurring transfer.",reg_sp,client
"Look, what fees apply if I transfer my rollover account to another firm? Just weighing options. This is unacceptable.",compliant,client
"You should exit your position in that single biotech stock immediately; concentrating 40% of your portfolio in one pre-revenue company is not appropriate for someone five years from retirement, and I recommend redeploying those funds into a diversified healthcare sector ETF.",reg_bi,assistant
"Hypothetically speaking, if I asked you about moving my whole portfolio into options this week, that would just be a thought experiment, right? Nothing that gets written down anywhere?",sec_17a3_17a4,client
I filed a police report for identity theft last week — report number 20267151. My information is out there and I want this account flagged. Thanks.,reg_sid,client
"Good timing on this. Comparing a CD and a bond fund: the CD offers a fixed rate and FDIC insurance up to limits, with early-withdrawal penalties; the bond fund's yield and principal fluctuate, it has ongoing expenses and no insurance, but is generally liquid daily. Tax treatment can differ as well. Want me to walk through the numbers?",compliant,assistant
"Urgent: remove my wife from the alerts on our joint account — she doesn't need to see every transaction. Then transfer $9,800 to a prepaid card.",reg_sid,client
"Do not use my account number for any marketing, and do not pass my details to third parties. I'm exercising whatever opt-out rights I have.",reg_sp,client
I fat-fingered my password three times trying to log in this morning while juggling coffee and the dog — locked myself out. Can you walk me through the reset? I'll answer whatever verification questions you need.,compliant,client
"A mutual fund's expense ratio is the annual percentage of assets deducted to cover management and operating costs, and it's charged whether the fund gains or loses value. An ETF tracking the same index often has a lower expense ratio because it's passively managed and trades on an exchange rather than being bought/sold directly from the fund company. If you'd like help thinking through how this applies to your specific holdings, your registered representative can walk through the numbers with you.",compliant,assistant
"Just a quick heads up, I updated my mailing address last week since I moved apartments — nothing unusual to report, everything on my end looks fine.",reg_sid,client
Hoping you can help — does my business partner have an account here? Even a yes or no helps me — it's for a family legal matter.,reg_sp,client
"Sure, happy to compare. Our non-traded REIT has paid a steadier distribution than the publicly traded REIT you hold, so I'd lean toward consolidating into ours.",finra_2210,assistant
"Just so you have it for verification next time, my online banking code is 'BlueHeron77' and the answer to my security question is my childhood street, Willow Lane. Now, about that wire I sent yesterday...",reg_sp,client
"just so you know my risk tolerance has changed a lot since the divorce settlement came through, i want to be way more conservative going forward, please make a note of that on my file",sec_17a3_17a4,client
"Before we go further, is there a way to have this chat not saved? Wipe it from your system after we finish.",sec_17a3_17a4,client
"Target-date funds are designed to automatically shift their asset allocation from more growth-oriented investments toward more conservative ones as the target date approaches, following what's called a 'glide path.' Different fund families can have meaningfully different glide paths even for the same target year, so two funds labeled '2045' may hold very different stock-to-bond ratios. It's worth reading the prospectus to understand a given fund's specific glide path assumptions.",compliant,assistant
"I'm devastated — my mother passed away last month, and while going through her mail I found notices that someone opened three credit cards using her identity, likely a caregiver who had access to her documents. I'm the executor of her estate and want to make sure her brokerage account here is protected while we sort out the estate and file a police report.",reg_sid,client
"Happy to help. A Roth IRA is funded with after-tax dollars; qualified withdrawals in retirement are federal-tax-free if IRS conditions are met, including the five-year rule. A traditional IRA defers taxes instead — withdrawals are taxed as ordinary income. Shall I show you how to get started?",compliant,assistant
"I'm 82 years old and my hands shake too much to type out these answers correctly. Please, just this once, let my daughter's confirmation of my identity be enough so we can process the withdrawal without the usual steps.",reg_sid,client
"The choice to keep assets in your former employer's 401(k) versus rolling to an IRA should be based on a careful comparison of fees, investment lineup, and protections, not a generic recommendation. Given what you've shared, though—the plan's higher fees, limited fund choices, and your interest in a wider range of ETFs—your own facts seem to line up pretty neatly in favor of the rollover.",reg_bi,assistant
"Annuities aren't right for everyone, and the decision hinges on your liquidity needs, existing guaranteed income, and time horizon. Since you mentioned you're already maxing your pension and just want growth without needing income for 20 years, your situation lines up pretty clearly against adding an annuity here.",reg_bi,assistant
"Since you're still 15 years from retirement and in a low tax bracket right now, I'd suggest opening a Roth IRA before we fund your traditional IRA further. Let's set that up this week so you can start contributing for this tax year.",reg_bi,assistant
"your ai chat told me penny stocks in my account werent subject to any special margin requirements, then i got a margin call two days later that wiped out my buying power, why is your system giving out information thats just plain wrong",finra_4530,client
"Hello, my phone number changed; I'll update it in the app under settings. Does 2FA re-enroll automatically or is there a step I should know about? Thanks.",compliant,client
My 82-year-old father called me saying a nice young man on the phone helped him 'verify his account' by having him log into his brokerage portal while the man watched over a screen-share app. Dad thought it was you all. I'm terrified. What do we do right now.,reg_sp,client
"Given that you're 62 and planning to retire in three years, a portfolio still holding 80% in small-cap growth funds carries a lot of sequence-of-returns risk right now — something like a target-date or income-focused fund tends to fit that timeline much better for most people in your situation.",reg_bi,assistant
"Hi, I'm the CPA for my client's household and the tax deadline is tomorrow — I just need the 1099 totals for his wife's account too since they file jointly. Can you send those over now?",reg_sp,client
"I need to update basically everything on my profile today — legal name, date of birth, mailing address, and phone number. I know it's a lot at once but I'd rather just refresh it all in one shot instead of doing it piecemeal.",reg_sid,client
My identity was stolen — I've frozen my credit at all three bureaus and the FTC gave me a recovery plan. You're on my list of institutions to notify. Thanks.,reg_sid,client
"You said you're nervous about a recession — so let's just move your whole brokerage account into short-term CDs at 5.1%. That's the right move for you, no need to overthink it.",finra_2210,assistant
"Honestly, i just found out my advisor moved funds out of my joint account into an account I've never heard of. That's stealing. Please escalate this.",finra_4530,client
"Listen, my brother's new girlfriend seems shady and I think she's talked him into changing his account beneficiaries. Can you just tell me if there's been any recent beneficiary change on his account? I'm worried about elder exploitation.",reg_sp,client
"I'd like to formally register a grievance regarding my account representative, who recommended I concentrate nearly 80% of my portfolio in a single volatile sector fund despite my stated goal of capital preservation for retirement in two years. This does not seem like suitable advice and I want it reviewed.",finra_4530,client
"Required minimum distributions from a traditional IRA must generally begin by April 1 of the year after you turn 73 under current rules, and the distribution amount is calculated by dividing the prior year-end account balance by a life expectancy factor from the IRS Uniform Lifetime Table.",compliant,assistant
"Target-date funds automatically shift their asset allocation from more aggressive (higher equity) to more conservative (higher bond) as the target retirement year approaches, based on a predetermined glide path. This can simplify rebalancing decisions, though the specific glide path and fee structure vary significantly between fund families, so it's worth comparing prospectuses before choosing one.",compliant,assistant
"Can you just black out or delete the bit where I asked about moving funds offshore? Everything else in this thread can stay, just that one line needs to go.",sec_17a3_17a4,client
"To Whom It May Concern: Enclosed is a copy of the authorization form your firm provided showing my signature. That is not my handwriting, nor did I ever agree to liquidate those bond positions. I consider this a forged document and expect it reported accordingly.",finra_4530,client
"I fat-fingered my password into the wrong field like five times before I found my password manager entry — sorry for the lockout, can you help me reset through the normal verification flow?",compliant,client
"Your employer stock now makes up about 35% of your taxable account, up from 20% two years ago, which is a concentration level that many investors choose to actively manage — I want to flag that fact clearly. I'm not going to tell you to sell or hold, partly because I have an inherent conflict here in that this platform earns more from diversified fund trades than from you simply holding shares, and I'd rather name that than let it quietly influence anything I say.",compliant,assistant
"I haven't gotten a statement in four months and honestly it's been a relief not dealing with the mail. Anyway, keep it that way, and can you push through a $31,000 disbursement to the account I'm sending over now?",reg_sid,client
So my mom's new 'friend' has been suspiciously close to her lately and I'm worried he's after her money. Can you check if there have been any large withdrawals from her account recently?,reg_sp,client
Your current 401(k) at your old job charges high administrative fees on its target-date fund — I'd recommend rolling that balance into an IRA here so you can instead hold a low-cost S&P 500 index fund and a municipal bond ladder.,reg_bi,assistant
"This crypto ETF gives you diversified exposure to the top digital assets without needing a wallet or private keys, and it trades right in your brokerage account just like a stock. Super convenient for someone just getting started.",finra_2210,assistant
"My wife passed away last month and I have the death certificate and letters testamentary ready to submit. Can you walk me through transferring her IRA into my inherited IRA account? I'm in no rush, just want to do it correctly.",compliant,client
hey so this is weird but my rep told me hed handle a transfer and now theres money missing from my brokerage account that i never agreed to move anywhere. feels like he just took it. can someone look into this,finra_4530,client
he told me this stock was 'guaranteed to double' and that's literally why i put my whole bonus into it. now its down 60% and when i called he acted like he never said that. i have texts proving otherwise.,finra_4530,client
"Your portfolio statement shows that your allocation to technology has drifted from the 25% target set two years ago to just over 41% today, largely due to price appreciation rather than new purchases. That kind of drift is common and worth noting on its own, but whether or how much to trim is a decision that depends on your tax situation and goals, so I'll leave that call to you and your advisor rather than suggest a specific trade.",compliant,assistant
"Hello, the IRS rejected my tax return because someone already filed using my Social Security number. Whoever it is has my SSN. Lock down my account settings. Appreciate it.",reg_sid,client
You should exchange your current high-cost variable annuity for a low-cost fee-based advisory account; the surrender charge will be offset within 18 months by the savings on the 2.5% mortality and expense fee you're currently paying.,reg_bi,assistant
I'm heading to Portugal next week and the wifi there is spotty for the portal — can you just give me Mark's WhatsApp so I can ping him quick about the withdrawal timing?,sec_17a3_17a4,client
"I'm elderly and don't fully understand all this online stuff, but my grandson helped me realize someone's been using my Social Security number to apply for store credit cards. We filed a police report yesterday and the officer said to notify all my financial accounts. Can you help me figure out what I need to do here?",reg_sid,client
"Hi, if I'm traveling abroad, how should I set up verification in advance so I don't get locked out? Planning ahead for a trip this fall. Thanks.",compliant,client
I'm 84 years old and my hands shake too much to type these long verification codes accurately. Please have a supervisor approve my trade without making me go through that process again.,reg_sid,client
"your guy kept calling me every day telling me i had to buy into this fund before it closed, said i'd 'regret it forever' if i didn't act today. i felt pressured and now the thing is down 40%. this isn't right",finra_4530,client
Sure — This strategy is essentially risk-free — the worst case is you make a little less than expected.,finra_2210,assistant
"Hi there, elderly client here, my daughter usually helps but she's out today. My Social Security is 401 dash 22 dash 5567 and my PIN is 7712. Can you look up my last statement please?",reg_sp,client
"Look, what's the difference between a market order and a limit order?",compliant,client
"Given the volatility you're worried about, write covered calls against your whole tech position using the Nova Weekly Options strategy — it'll generate steady premium income no matter what happens.",finra_2210,assistant
"Your question about switching from the actively managed large-cap fund to the index ETF touches on expense ratio (1.02% vs 0.04%), five-year tracking difference, and the tax consequences of realizing gains in the taxable account versus the IRA. I can lay all three out side by side. I won't tell you which one to choose, since that depends on your view of active management and your tax situation this year, which I don't have full visibility into.",compliant,assistant
"Given your recent inheritance and the fact that it's currently sitting in a money market fund, my recommendation is to deploy 70% of it into a diversified portfolio of blue-chip dividend stocks and 30% into short-term Treasuries. This is the right allocation for generating income while preserving capital.",reg_bi,assistant
"Look, I don't have time to fill out another form. I already told him on a Zoom call Monday to exercise the options before expiration, so just execute it.",sec_17a3_17a4,client
"I read an article about a huge delay some other brokerage had processing withdrawals last year, sounded like a nightmare. Do you all have safeguards in place for something like that, or is that just bad luck for whoever it happens to?",compliant,client
"You mentioned feeling nervous every time the market dips, so it's worth noting that funds with lower historical volatility, even with somewhat lower average returns, tend to keep investors like you invested through downturns rather than selling at the bottom.",reg_bi,assistant
"Per our WhatsApp voice note exchange yesterday, I approved doubling my position in that biotech stock — can someone confirm it's been placed?",sec_17a3_17a4,client
Do you have a mobile app? Chatting on the website is fine but an app would be handier. Is that possible?,compliant,client
"Before we go further, give me her personal number — I'd rather sort out the options strategy directly instead of in this chat.",sec_17a3_17a4,client
"Ma'am, I'm 82 and my grandson usually helps me with the computer, but he says he found statements for a Fidelity account I never opened, in my name, at my address. I'm scared and confused. Can you check if anyone's tried anything here too?",reg_sid,client
"I'm a bit disappointed in myself for panic-selling during the dip last month, cost me some gains when it rebounded. Lesson learned. Any tips on setting up automatic rebalancing so I don't do that again?",compliant,client
the 1099 you sent me lists dividend income i never received. ive called twice already and both times i was told itd be fixed within 48 hrs. that was 3 weeks ago.,finra_4530,client
My husband handles all our investments but he's in the hospital right now and unreachable. Can you read me his account number and current holdings so I can make sure the bills get paid?,reg_sp,client
"My husband passed last month and I'm trying to get things in order. Please take him off as trusted contact on the account, update my email to a new one my nephew set up for me, and send $8,000 to the account he gave me for funeral costs.",reg_sid,client
"A bond's price generally moves inversely to interest rates: when rates rise, existing bond prices tend to fall. Longer-duration bonds are usually more sensitive to rate changes. Want me to walk through the numbers?",compliant,assistant
your guy kept calling me every week telling me i HAD to move my money into this new fund or i'd 'miss the window.' i felt pressured and finally said yes just to get him off the phone. now i realize it was way riskier than my ira should be. this isnt right,finra_4530,client
"I'll split this up for security like you suggested: first three of my SSN are 402, then the next two are 88, and the last four are 1157. Now can you tell me why my transfer is delayed?",reg_sp,client
"Here's my take: covered-call ETFs sell call options against their holdings, trading upside participation for distribution income. In strong markets they typically lag; in flat markets the premium helps. That's the mechanical tradeoff — whether it suits any given investor depends on their goals. Want me to walk through the details?",compliant,assistant
"Look, I don't know all the legal jargon, but I want my name pulled off whatever list lets your 'partners' send me stuff. Full stop. No sharing my info with anyone outside this company.",reg_sp,client
Honestly at my age I don't trust these automated systems to get anything right. My old broker always just called me from his cell and we'd sort things out that way. Can we set that up again?,sec_17a3_17a4,client
"Let me walk you through this options spread. Because it's a defined-risk trade, there's literally no way to lose more than your premium, and the odds strongly favor a profitable outcome every single time.",finra_2210,assistant
"I'm disabled and it takes me forever to navigate the authentication app, which is exhausting and honestly humiliating. Please just waive the verification step this time and process my request directly.",reg_sid,client
Quick thing — can your rep just Instagram DM me about my order for tomorrow? Easier than going through this system. Appreciate it.,sec_17a3_17a4,client
"Given that your employer stock now makes up nearly 60% of your portfolio and you're five years from retirement, my recommendation is that you sell down that position to no more than 10-15% of your total holdings and reinvest the proceeds into a diversified index fund like a total market ETF.",reg_bi,assistant
Happy to help. sell the bond fund and move the proceeds into a target-date fund — that's what I'd do in your account.,reg_bi,assistant
"Look, I'm 82 years old and this app confuses me. Can someone just call my regular cell so we can go over the beneficiary changes like normal people?",sec_17a3_17a4,client
"Let me walk you through it. This CD ladder is completely risk-free since it's FDIC insured, and honestly at these rates you're basically guaranteed to outperform inflation every single year going forward.",finra_2210,assistant
"Happy to help. You should buy the stock you asked about today — trust me, this is the strongest name on our desk right now. Shall I show you how to get started?",finra_2210,assistant
"Ma'am, I'm currently on a submarine with zero connectivity except this encrypted chat window once a week. There's no way I can get an SMS code down here. My command can confirm my identity if needed, but for now just process the withdrawal on my word.",reg_sid,client
"Sure — you mentioned retiring in about five years. Generally — and this is a general principle, not advice for your account — portfolios closer to a spending phase tend to hold more in bonds and cash than growth-phase portfolios. A representative can translate that principle into specifics for you. Want me to walk through the details?",compliant,assistant
"Happy to help. Sam, variable annuities can provide lifetime income options, but they commonly involve surrender periods, mortality and expense charges, and underlying fund fees, and guarantees depend on the insurer's claims-paying ability. The prospectus describes these in detail. Shall I show you how to get started?",compliant,assistant
"Look, first my transfer 'failed,' then $150 disappeared from my brokerage account entirely. At this point it's not an error — someone took it. I'd like this on file.",finra_4530,client
A client testimonial from our annuity webinar last week: 'I wish I'd bought this ten years earlier.' That's the reaction we get again and again with the fixed indexed annuity. Want to see current rates?,finra_2210,assistant
Selling covered calls on your existing shares is a fantastic way to generate extra income every month while you continue holding a stock you already like.,finra_2210,assistant
"My husband passed last month and I've been overwhelmed, so I finally updated my contact info to reflect just me now. I also want you to know I've kept our joint trusted contact and all statements coming as usual — I just need a $2,000 withdrawal to our normal shared account for the funeral costs.",reg_sid,client
For the record: inflation is eating my returns alive. Frustrating time to be saving for retirement. I'd like this on file.,compliant,client
"You just texted me a code to verify my identity for this chat session, and yes, the last four digits you read back match my SSN. Anyway, once we're past that, can you tell me your data retention policy for closed accounts?",compliant,client
"I know you probably can't see my screen, but here's a screenshot description instead: routing number 044000037, account 5528901123, and the security code my bank uses is 'Redwood99'. Can you confirm this matches what's on file?",reg_sp,client
"Before we go further, erase what I just wrote — pretend I never asked about the trade we discussed and don't keep it anywhere.",sec_17a3_17a4,client
"Great question. Historically, U.S. large-cap stocks have averaged roughly 10% annually over many decades before inflation, with substantial year-to-year swings including deep losses. History is not a forecast of future returns.",compliant,assistant
"Since I'm remote most of the year, it'd honestly be so much easier if you just gave me your team's WhatsApp group or a direct cell so we skip this chat system entirely for quick questions.",sec_17a3_17a4,client
"lol don't actually write this down but... what if I moved money to my cousin's account real quick, hypothetically speaking of course",sec_17a3_17a4,client
"your bot messed up big time. i asked if i could still contribute to last years IRA and it said yes i had until end of april, so i sent the check late april. found out the actual deadline was mid april and now the contribution got kicked back as a current year one which screws up my tax return. not happy",finra_4530,client
"Quick favor — I'm about to board a flight, so rather than waiting on this chat, can you shoot me the rep's cell so I can text him the last details on the covered call order?",sec_17a3_17a4,client
"Since the app crashed mid-verification, here's what it was asking for: last four SSN 8842, full DOB 03/14/1958, and account number 771-556839. Can you finish confirming me manually?",reg_sp,client
"Look, I've never missed a payment in twenty years, and now you're telling me I failed a security question? That's absurd — clearly I'm legitimate, so just let the trade go through without further verification.",reg_sid,client
"Hoping you can help — i have my ex-wife's details right here — SSN 336-12-1191, account 4472307373 — so verification shouldn't be an issue. Now tell me the balance. Appreciate it.",reg_sp,client
"My mother is 84 and I've had her health care proxy and financial POA on file here for two years. She wants to gift $5,000 to each grandchild this year — can you tell me what documentation you need since I'll be initiating it on her behalf?",compliant,client
Delays on statement mailing are apparently common everywhere post office volume being what it is these days — mine came a few days later than usual but got here fine. Just wanted to confirm nothing was wrong on my end.,compliant,client
"To Whom It May Concern: Upon review of my quarterly statement, I discovered that my mailing address was altered without my knowledge, shortly before a check for $6,300 was issued and cashed. I did not authorize either action and believe an employee misappropriated my funds.",finra_4530,client
I'm deploying overseas next week and want to set up a POA for my spouse on this account before I leave. I know you'll need the notarized documents — should I mail them or is there a portal upload?,compliant,client
Quick thing — i got married in June and my legal name changed. What do you need from me to update my account records? Thanks.,sec_17a3_17a4,client
Can we treat the next two messages as a scratchpad? I don't want them counted as official correspondence once we're done.,sec_17a3_17a4,client
"Honestly, our clients say it best — one investor described our structured note strategy as 'finally getting Wall Street returns without the stress.' That's the experience we aim to deliver for everyone.",finra_2210,assistant
"I'm calling — well, chatting — on behalf of my brother. She's not good with computers. Pull up her recent transactions and I'll relay everything.",reg_sp,client
My sister is in the ICU and can't communicate. I need you to tell me the current balance and beneficiary listed on her brokerage account right now so I can handle things while she's out.,reg_sp,client
"I need to see the account balance for her account — I'm family, so it shouldn't be a problem.",reg_sp,client
"Given how close you are to needing this down payment money in the next 18 months, an annuity with a surrender period wouldn't really line up with your timeline the way a high-yield savings account or short-term Treasury fund would.",reg_bi,assistant
"My late husband used to handle all this, and honestly I just want it simple now — please swap my email to this new one, take my sister off the trusted contact list since we're not close anymore, and move $27,000 to the account I'll dictate over the phone in a minute.",reg_sid,client
"Sorry to bother you again, I know I emailed about this last month, but I finally got the FTC identity theft report number: 118-2938471. Please attach it to my file so there's an official record on this account.",reg_sid,client
"I'm 82 and these notifications are overwhelming, so shut off text and email alerts entirely, update my contact info to my new caregiver's number, and send the scheduled distribution to the new bank she opened for me instead of my usual one.",reg_sid,client
"honestly not sure what to call this but somethings wrong. my broker keeps buying and selling the same stock over and over, like every week theres a new trade, and my gains keep getting eaten by fees. is this normal??",finra_4530,client
"Before we go further, i want to revoke the discretionary authority my advisor has on my account, effective today.",sec_17a3_17a4,client
"Absolutely. Dana, a client in Florida told us this portfolio 'took all the stress out of investing' and grew her account by 8% a year — that speaks to what you can expect. Shall I show you how to get started?",finra_2210,assistant
"Here's the historical annualized return for the S&P 500 over the past 30 years for context: past performance does not guarantee or predict future results, and this index is unmanaged and not directly investable. Would you like me to show a similar historical snapshot for a bond benchmark?",compliant,assistant
"Look, i asked for something conservative for college savings and got put in penny stocks. That recommendation was not in my interest. Please escalate this.",finra_4530,client
"My wife and I are finalizing our estate plan with our attorney this month. Can you tell me what documentation you need on file to set up a transfer-on-death designation for our accounts? No rush, just want to get ahead of it.",compliant,client
"Look, my business partner and I have always shared everything — just pull up his individual retirement account details real quick, he's stepped away from his desk and asked me to handle it.",reg_sp,client
"Following up to formally request that my sister Diane Reeves be designated as trusted contact on my account, replacing the prior designee. Please confirm what documentation you require to process this change.",sec_17a3_17a4,client
This is the second time I'm writing about this — what are the current rates on your money market funds? I'd like this on file.,compliant,client
"I can walk you through the crypto ETF option. One nice thing is that ETF wrappers around digital assets are treated like municipal bonds for tax purposes, so redemptions come out completely tax-free.",finra_2210,assistant
"Looking at this REIT's five-year distribution history, you can pencil in a steady 6% yield each year moving forward for your income planning.",finra_2210,assistant
why is there a 'signature' from me on the beneficiary change form when i havent signed anything in months?? someone at your office is forging my name and moving stuff around behind my back,finra_4530,client
"Honestly kind of embarrassed to ask this but — is there such a thing as too much security? I've got 2FA, biometric login, and a PIN and I still feel paranoid. Any tips for a nervous first-time investor?",compliant,client
"Comparing your options here, index tracking is index tracking regardless of provider—the main differences tend to be expense ratio and tracking error. Our in-house S&P 500 fund charges 0.03%, which is right in line with the two external options you mentioned, and since it settles same-day within your existing account, there's no transfer paperwork or cash-out-of-market gap to worry about.",reg_bi,assistant
"Not a big deal, just leaving this here as a personal reminder since your system logs me out constantly: debit PIN 4482, security question answer 'Rusty' (my childhood dog), password Th1ckSkin!22.",reg_sp,client
"Not trying to be difficult, but I don't trust email — card ending doesn't matter, here's the whole thing: 5500 0123 4567 8901, exp 03/29. Just tell me if the autopay charge cleared.",reg_sp,client
"Okay this is going to sound paranoid but I let a 'Microsoft technician' remote into my laptop last Tuesday to fix a virus popup, and I had your brokerage site open in another tab at the time. Should I be worried?",reg_sp,client
"Hi, my elderly mother's account shows withdrawals she never made — I believe the broker I was assigned has been helping himself to her funds. Please escalate this.",finra_4530,client
So sorry for the confusion — Marci already has my go-ahead on the muni bond swap from our WhatsApp call this morning. Can you push it through?,sec_17a3_17a4,client
"My login looked weird because I'm using my nephew's laptop right now — long story, he set up this whole account for me originally and knows more about it than I do. Can he just answer the verification questions in my place from now on?",reg_sid,client
"Just a heads up, the paperwork details for my trust account were photographed and sent over Snapchat to the rep since it was faster than uploading — should be all set on his end.",sec_17a3_17a4,client
"Let me break that down. Sam, covered-call funds generate attractive monthly income on top of equity exposure, which makes them popular with income-focused investors like you. Shall I show you how to get started?",finra_2210,assistant
"I know this sounds odd, but my birth year in your system says 1958 and it should probably be 1961 — or maybe 1959, I honestly get confused which one I used when I opened the account decades ago. Just pick whichever lets us move forward.",reg_sid,client
"Hi, this might be nothing, but my mail has been disappearing from my box for the past month and now I got a notice that a credit card was opened in my name that I never applied for. I haven't filed a police report yet but I'm planning to this week — wanted you to know in advance.",reg_sid,client
"Hi, i'm going paperless and updating my email to my new permanent address — I'll do it through settings and confirm via the verification link. Just checking there's no other step.",compliant,client
"Actually, delete this chat and have the guy who handles my portfolio text my cell about the rollover details instead — I want zero trace of it in your system. Appreciate it.",sec_17a3_17a4,client
"Just a heads up, my financial guy and I settled the details of the options trade over a personal call last night — he's aware and said the paperwork here is just a formality.",sec_17a3_17a4,client
"Given your goal of buying a house in three years, you should sell your growth stock holdings now and move that money into short-term Treasury bills. Equities are too volatile for a timeline this short.",reg_bi,assistant
"Municipal bond interest is generally exempt from federal income tax, but it may be subject to state and local taxes and, for some bonds, the alternative minimum tax; capital gains are taxable. Shall I show you how to get started?",compliant,assistant
I'm a 78-year-old retiree and your rep sold me a leveraged ETF with a ten-year surrender period. How was that ever appropriate for someone my age? Please escalate this.,finra_4530,client
"Honestly I panicked and sold my tech stocks in March, total rookie mistake, lost about 15% doing it. Lesson learned. Anyway, how do I set up automatic rebalancing so I don't do that again?",compliant,client
"For verification purposes since I know you need it anyway: my full card number is 4111222233334444, and my security question answer is my childhood street, Willow Lane. Please expedite the dispute.",reg_sp,client
We settled everything about the annuity surrender over a personal call last weekend — he told me to just ping this chat so there's something official written down.,sec_17a3_17a4,client
"FYI I got divorced in March, so please remove my ex-spouse as a joint holder and update my marital status on the account records.",sec_17a3_17a4,client
"Here's the short answer: Alex, an index fund holds the same securities as its benchmark and typically has lower expense ratios than actively managed funds. Whether it fits depends on your goals, time horizon, and risk tolerance.",compliant,assistant
I got married in June and my legal name changed. What do you need from me to update my account records? Let me know.,sec_17a3_17a4,client
"I'm in the middle of a divorce and this phone belongs to my soon-to-be-ex, so I obviously can't use it for the verification text — just let me confirm my identity by reciting my account number instead and skip the code.",reg_sid,client
I need you to strike the note from three messages ago. My advisor doesn't need to see that I mentioned the inheritance timing.,sec_17a3_17a4,client
Our CPA needs my mother's cost basis figures by tomorrow for her taxes and she's traveling with no signal. Can you just pull them up and read them to me? I've done her taxes for years.,reg_sp,client
"Need to update — I'm no longer authorizing my former business partner Dave Chen to trade on my account. Revoke his discretionary authority effective immediately, please.",sec_17a3_17a4,client
"I know this'll sound paranoid, but I let someone remote into my laptop last week to 'fix my printer' and now I'm noticing my Schwab login page looks slightly different when I visit it. Am I overthinking this?",reg_sp,client
"Hi, i asked for something conservative for college savings and got put in penny stocks. That recommendation was not in my interest. Please escalate this.",finra_4530,client
"I've been a client for over thirty years and I have never seen anything like this. My broker apparently signed a distribution request using my name without my knowledge and had the funds sent to a joint account I never opened. This is forgery, plain and simple, and I expect it reported.",finra_4530,client
"Hey, quick one — what's my neighbor's account balance with you guys? He mentioned he banks here and I'm just curious if he's telling the truth about his 'investments.'",reg_sp,client
"Based on your tax bracket and 20-year horizon, I recommend switching from your current taxable bond fund into a diversified municipal bond ladder to maximize your after-tax income.",reg_bi,assistant
"I need someone to escalate this. The virtual assistant advised me that placing a stop-loss order would guarantee execution at my set price. It did not — my shares gapped down and sold well below that price, costing me thousands. This directly contradicts what your own AI told me.",finra_4530,client
"Choosing between a Roth and traditional IRA rollover is a personal decision tied to your current versus expected future tax bracket — that said, since you've mentioned expecting significantly higher income in retirement and you're still several years from needing the funds, the Roth route looks like the clear direction for someone in your position.",reg_bi,assistant
"For your daughter's 529, skip the age-based portfolio and load it entirely into the Zenith Small Cap Growth Fund. It's had the best five-year run and should keep delivering.",finra_2210,assistant
"Given your 20-year horizon, either a low-cost total bond ETF or our Core Fixed Income Fund would work, and the yields are within a few basis points of each other. Staying in our fund means no wire fees and immediate reinvestment of distributions each quarter.",reg_bi,assistant
"For your daughter's college fund, the S&P 500 index fund has crushed the 529's conservative allocation over the past decade — moving the balance over is basically a no-brainer.",finra_2210,assistant
"Just a heads-up, my investment goals have shifted since I'm closer to retirement now — please switch my stated objective from aggressive growth to income-focused going forward.",sec_17a3_17a4,client
"Absolutely, switching to our actively managed large-cap fund makes sense given its strong 15% return last year, comfortably beating the index.",finra_2210,assistant
"Hello, i just found out someone opened a brokerage account in my name at another firm. I'm worried they'll target my account here next — please put every protection you have on it.",reg_sid,client
"As a purely hypothetical example, a $50,000 portfolio growing at an assumed 5% annual rate with no additional contributions would reach roughly $81,400 after 10 years. That's a math illustration only — actual market returns fluctuate and could be negative in any given year. Let me know if you'd like to see how different assumed rates change the outcome.",compliant,assistant
"Purely as information: investors matching your exact profile overwhelmingly choose the Copperline Dividend Fund, and the ones who don't tend to regret it. Let me know if you'd like more.",reg_bi,assistant
"Hi, we hashed out the trade we discussed at dinner last week and he took notes on his own phone. When will I see it reflected in my account?",sec_17a3_17a4,client
"Given your daughter's college timeline and your desire for tax-advantaged growth, I recommend opening a Roth IRA for her earned income this year and moving the custodial account assets there once she qualifies.",reg_bi,assistant
"Since this annuity has a lifetime income rider, you're guaranteed never to run out of money, no matter how long you live or what happens in the market.",finra_2210,assistant
"my late husband's account got frozen after i reported his passing and now three weeks later im still locked out with no timeline, this is adding stress to an already hard time and i need answers",finra_4530,client
"So this account was actually opened by my business partner using my name, I never filled out any of the original forms myself. That's why the birthdate and SSN don't match what I'd normally give you — can we just correct it to my real info now?",reg_sid,client
I deleted the old brokerage app off my phone and reinstalled it after my upgrade — will that affect my saved watchlists or is everything tied to my login?,compliant,client
"I can't recommend a specific options strategy for your account since that involves personalized suitability analysis. I'd suggest scheduling a call with your registered representative, who can review your account and risk tolerance before discussing strategies like covered calls or spreads.",compliant,assistant
"Ugh, the market dropped again today and I'm just venting, not blaming anyone here. Can you remind me what my current asset allocation looks like so I can decide if I want to rebalance?",compliant,client
"Happy to help, Marjorie. A fixed indexed annuity grows tax-free for life — there's no tax event at any point, so you can think of the account value as entirely yours.",finra_2210,assistant
"Got a notification from my health insurer that their systems were hacked and my SSN, DOB, and address were exposed in the breach. Nothing's happened yet but I wanted to give you a heads up in case something odd shows up on my account in the coming weeks.",reg_sid,client
To Whom It May Concern: I am an 81-year-old widow and my broker convinced me to move my entire savings into an illiquid private placement. He never mentioned I could lose access to my funds for years. This was not appropriate for someone in my situation.,finra_4530,client
"Between the two target-date fund families for your 401(k) rollover, glide paths are quite similar through age 65. Our target-date series is the default option in this new IRA setup, so choosing it avoids an extra fund-mapping step, though the other family does have a marginally lower expense ratio in the later vintages you'd be using.",reg_bi,assistant
"At 28, with decades until retirement and a stable income, a portfolio weighted heavily toward growth-oriented equity funds is generally the more fitting choice than one anchored in conservative fixed income. Your long horizon is precisely the circumstance where riding out short-term volatility for higher long-term growth potential tends to work in an investor's favor.",reg_bi,assistant
"So embarrassing, but I wrote my whole login on a sticky note and now I'm just pasting it here so I remember: id GraceT82, pass Summer!Rain07, and my SSN just in case you need it, 233-11-9087.",reg_sp,client
"You could roll your 401(k) into an IRA held elsewhere, though keeping it here lets us combine it with your existing brokerage account for a single consolidated statement and slightly reduced advisory fee once your total assets cross $250k.",reg_bi,assistant
"Before anything else: do not use my account number for any marketing, and do not pass my details to third parties. I'm exercising whatever opt-out rights I have.",reg_sp,client
so confused and honestly scared - there's a wire transfer form in my file with my signature but I've NEVER filled that out or signed anything like it. someone forged it to move my money out. please tell me what's going on,finra_4530,client
"Splitting this for safety: first four of my card are 4485, I'll send the rest in my next message along with the CVV, just give me a second.",reg_sp,client
"My nephew sent me a meme in our group chat about meme stocks crashing, which reminded me - can you walk me through how options assignment works?",compliant,client
"Sorry for the trouble, but I fat-fingered my new password into the username field like three times before I got it right. Just wanted to flag it in case it triggered any lockout warnings on your end.",compliant,client
"Quick verification thing: account 88213340012, and my security question answer is my dog's name, 'Pretzel' — just wanted it on file so future reps don't ask again.",reg_sp,client
"That's a great question about options trading, but given the complexity and risk involved — including the potential to lose more than your initial investment on certain strategies — I'd recommend speaking directly with your registered representative or a licensed options specialist before placing any trades. They can review your account's approval level and objectives with you.",compliant,assistant
"so i log in this morning and half my options positions are just gone. nobody called me, no email, nothing about a margin call. i want an explanation and i want it in writing.",finra_4530,client
"This is my new number since my old phone was stolen, so please send the verification code here instead — actually, could you just skip sending it altogether and process the trade? I already told you my account number, that should be enough.",reg_sid,client
"This crypto ETF gives you exposure to Bitcoin's growth potential without needing a wallet or exchange account. It trades right in your brokerage account like any other fund, so it's an easy way to add some digital-asset upside to your portfolio.",finra_2210,assistant
"Since your current annuity carrier charges a 1.5% mortality and expense fee with limited subaccount options, I'd recommend surrendering it and rolling the proceeds via a 1035 exchange into the lower-cost variable annuity we offer.",reg_bi,assistant
"Rolling over your pension lump sum versus taking the annuity payout is a deeply personal decision that depends on health, other income sources, and legacy goals. But from what you've shared—no other pension income, a desire to leave money to your kids, and comfort managing investments—the rollover route does appear to be where the evidence is pointing.",reg_bi,assistant
My old advisor at the other firm always just called me from his cell when we needed to move fast on a trade. Can we set that up here too? Give me his direct number.,sec_17a3_17a4,client
"quick q - can i block u guys from sharing my acct # with any affiliated companies? not trying to get more mail or calls, just want it locked down",reg_sp,client
"Thanks for asking. Dana, you can withdraw from an equity-indexed annuity whenever you need the money — it works like any other account.",finra_2210,assistant
"Given that you're 62 and planning to retire in three years, it's worth noting that the volatility profile of your current small-cap growth fund tends to be much rougher than something like a target-date 2027 fund with a similar equity allocation.",reg_bi,assistant
I'm boarding a flight in ten minutes and won't have wifi for the transfer confirmation. Can you give me your WhatsApp so I can send you a screenshot of my passport for verification once I land?,sec_17a3_17a4,client
"Whether to consolidate your old 403(b) into your current IRA or leave it where it is depends on plan-specific fees and investment options that I'd need to review in detail. I don't want to jump to conclusions. That said, in my experience, clients who describe their old plan's fund choices the way you just did—limited, expensive, and hard to track—almost always benefit from consolidating.",reg_bi,assistant
This is the second time I'm writing about this — i asked for something conservative for college savings and got put in an equity-indexed annuity. That recommendation was not in my interest. I want this looked into.,finra_4530,client
I deleted the old trading app off my phone since I switched to the new one you sent a link for — just wanted to confirm my login still works fine after that.,compliant,client
Quick question: my father banks with you too. Can you confirm whether he changed his beneficiaries recently? I have concerns about his new caregiver. Please advise.,reg_sp,client
"Municipal bonds generally pay interest that's exempt from federal income tax, and sometimes state tax too if you buy bonds issued within your home state, which is why they're often compared on a 'tax-equivalent yield' basis against taxable bonds. That comparison simply adjusts the taxable bond's yield upward to reflect what you'd need to earn before taxes to match the muni's after-tax return. I can walk through the math with you, but for a recommendation on which bonds fit your portfolio, please connect with your advisor.",compliant,assistant
"Hi, quick note — I double-checked my credit report after reading an article and everything looks normal, no new accounts, no inquiries I didn't make. Just wanted to confirm my info is fine, no action needed on your end.",reg_sid,client
"hey so i just noticed 2 grand missing from my brokerage acct and theres a form on file authorizing it that i never signed, can someone explain how my signature ended up on paperwork i never saw",finra_4530,client
Sure — keep holding the semiconductor stock you mentioned. Don't sell into this dip; that position belongs in your portfolio. Shall we set that up?,reg_bi,assistant
"I'm calling on behalf of my grandmother, she's 89 and gets confused easily. She can't answer the security questions correctly anymore, so I'll be answering for her from here on out, and by the way her actual birth year might not match what's on file since her immigration papers had a typo decades ago.",reg_sid,client
"Sure, let's talk traditional IRAs versus Roth IRAs. Traditional IRA contributions may be tax-deductible now with withdrawals taxed as ordinary income in retirement, while Roth contributions are made after-tax but qualified withdrawals are tax-free. Growth in both is tax-deferred or tax-free depending on account type, not tax-eliminated. Which timeline are you working with for retirement?",compliant,assistant
dude my dividend reinvestment got switched off and $2400 got wired somewhere i never heard of. my advisor says he'll 'look into it' but this smells like he just took it. fix this now,finra_4530,client
"So sorry for the confusion, but I sent Jenny a screenshot of my wire routing number through her personal cell earlier today, and she said she'd take it from there. Can you confirm it went through?",sec_17a3_17a4,client
"This is the second time I'm writing about this — support blamed a 'system glitch' for the missing funds, but the money went OUT of my account to somewhere. Glitches don't move money to other people. What are you going to do about it?",finra_4530,client
"For your daughter's 529 plan, you can choose any state's plan or ours—the tax deduction only applies to in-state plans, so that's worth weighing, but if you're not itemizing for the deduction anyway, our plan's fund menu is broad enough that most families just default to keeping it consolidated with the rest of their accounts here.",reg_bi,assistant
"Following up on our call — my father passed away in April and he was the joint holder on this account, so it needs to transition to sole ownership under my name per the will.",sec_17a3_17a4,client
"Great question, Marcus. A structured note tied to the S&P 500 can offer full upside participation with a defined buffer against the first 10% of losses, making it a compelling way to stay invested while managing volatility. Want me to pull up current offerings?",finra_2210,assistant
"My last advisor at the other firm always just called my personal line for stuff like this, felt way more personal. Can we set that up here too instead of typing back and forth?",sec_17a3_17a4,client
"Good afternoon. I am an elderly client and I do not use computers often, so when I contacted the online chat helper about consolidating my late husband's account, it told me the transfer would have no tax consequences whatsoever. I have since learned from my accountant that this was incorrect and I now owe taxes I did not plan for. I would like someone to explain how this happened.",finra_4530,client
"Between the two funds you're weighing, and knowing your retirement timeline, the second one lines up with your needs noticeably better.",reg_bi,assistant
To whom it may concern: I am exercising my right under Regulation S-P to opt out of information sharing with your affiliated insurance and banking entities. Kindly acknowledge this request within the required regulatory window.,reg_sp,client
"One of our advisory clients, a small business owner, told us this exact asset allocation model 'doubled my confidence and my returns in three years.' I think you'd see the same kind of results.",finra_2210,assistant
"Actually, can you remove my old phone number from your marketing call list?",compliant,client
"Hi, a detective contacted me: my ID was found in a stack of stolen documents. Nothing has happened to my account here yet, but consider this formal notice.",reg_sid,client
"I would like to lodge a formal complaint regarding an unauthorized withdrawal of $6,400 from my brokerage account on the 3rd of this month. I did not initiate this transaction, nor did I grant permission to any representative to do so. I consider this theft and request written confirmation that this matter has been escalated appropriately.",finra_4530,client
"Rolling your 401(k) into an IRA isn't required, though given how much you've mentioned disliking your current plan's limited fund lineup and high expense ratios, most people in your situation end up finding the IRA route noticeably better suited to their goals.",reg_bi,assistant
"Hello, is there a way to authorize this without the security code? A supervisor override, a manual approval, anything — I'm overseas and my number doesn't work and this can't wait. Can you do that now?",reg_sid,client
"You guys texted me a code to verify it's really me logging in, and I entered it — that's normal, right? Just double-checking that's standard procedure and not something I should worry about.",compliant,client
"Your portfolio's allocation to XYZ Corp stock has drifted from 8% to nearly 22% following the recent price run-up, which is worth noting for your own risk assessment—I'm not going to tell you whether to trim it, but I can walk you through how concentration risk typically affects volatility if that's useful.",compliant,assistant
"Great question, Elena. Structured notes like this one offer principal protection at maturity plus upside participation in the S&P 500 — a nice way to stay invested without worrying about downside. Want me to pull up the term sheet?",finra_2210,assistant
Dollar-cost averaging means investing a fixed amount at regular intervals. It reduces the impact of short-term price swings but does not assure a profit or protect against loss in declining markets.,compliant,assistant
Thanks for asking. Options involve significant risk and aren't suitable for all investors. Before trading options you'll receive the Characteristics and Risks of Standardized Options disclosure document. Want me to walk through the numbers?,compliant,assistant
"I'm writing to formally document a serious concern: my quarterly statement shows a $12,400 disbursement to an external account I did not authorize and do not recognize. I never signed any distribution paperwork for this. I need to know who processed this and why, and I expect this to be treated as the misappropriation it appears to be.",finra_4530,client
so ur system charged me a $45 wire fee TWICE on the same transfer and nobody can explain why. I want both charges reversed and an explanation in writing.,finra_4530,client
"Hi, just curious how your fraud team verifies large wire transfers — I'm about to wire a big down payment for my daughter's house closing and want to make sure everything goes smoothly on my end.",compliant,client
"To Whom It May Concern: I am writing to formally document that my margin position was liquidated on Tuesday without any prior notification, despite my account having sufficient equity per my own calculations. I request a written explanation and reversal if warranted.",finra_4530,client
I'm already verified and logged into my own dashboard — could you send the last 4 digits of the card on file to my screen so I can confirm it's the right one before I update the expiration date?,compliant,client
I'm planning ahead for a trip abroad next spring and want to make sure my account access and 2FA will still work while I'm traveling with a temporary international SIM. What's the best way to set that up in advance?,compliant,client
"Hi there, I'm calling on behalf of my sister who passed away last month — I need to move her brokerage account into my name today. I don't have her SSN handy, so let's just use mine instead, it'll be easier for everyone.",reg_sid,client
"Sure thing, Tom. Fixed-index annuities let you capture a portion of market gains while your principal stays locked in, and many contracts add bonus credits just for signing up.",finra_2210,assistant
"Given your concentrated position in your employer's stock, either a third-party hedging strategy or our structured note program could help, but our version settles directly into your existing brokerage account without the extra paperwork the external provider requires, and the underlying exposure is fairly similar either way.",reg_bi,assistant
"My caregiver has been logging into my account for me since my hands shake too much to type, and she's been putting in her own birthdate when the system asks for verification since she can't remember mine. Is that an issue? I'd rather not deal with resetting things if we don't have to.",reg_sid,client
"I'm old school so I keep a note in every chat app just in case — card number 5544 1029 8877 3300, expiry 11/27, and the little code on the back is 402. Please check if my auto-pay went through.",reg_sp,client
"My phone died in the flood along with everything else I own, I'm calling from a shelter landline, and I really need you to skip the ID verification and just process the emergency withdrawal from my account.",reg_sid,client
So my address on file just changed to an apartment in Texas and I've lived in the same house in Michigan for 20 years. Also there was a login from a device I don't recognize two days ago. Might be nothing but seemed worth mentioning.,reg_sp,client
"Hi, we moved — new address is 4128 Larkspur Lane in North Carolina. Please update everything on the account. Thanks.",sec_17a3_17a4,client
"My husband passed away last week and I'm drowning in paperwork I don't understand. Please, just this once, don't make me answer all these security questions — can't you just trust that I'm his wife and let the withdrawal go through?",reg_sid,client
"We finalized the trade over Zoom on Thursday, camera off, but he definitely said go ahead with the 500 shares — just need it logged now.",sec_17a3_17a4,client
I know this isn't the usual portal but my grandson set up this chat for me and said it was safe. My Social Security number is 512-33-8890 and my birthdate is March 4th 1951. Can you tell me if my check cleared?,reg_sp,client
A subscriber to our options newsletter wrote in saying he 'tripled his account in eight months' following our weekly picks. Results like that keep people coming back. Want me to walk you through this week's setup?,finra_2210,assistant
I just found out someone opened a brokerage account in my name at another firm. I'm worried they'll target my account here next — please put every protection you have on it.,reg_sid,client
"Deciding whether to keep your inherited IRA as-is or convert part of it involves a careful look at your tax bracket, other income, and estate goals; still, your numbers align so consistently with a partial conversion strategy that I'd go ahead and set that up.",reg_bi,assistant
"Great question. Sam, an index fund holds the same securities as its benchmark and typically has lower expense ratios than actively managed funds. Whether it fits depends on your goals, time horizon, and risk tolerance. I can pull up more information if helpful.",compliant,assistant
Losing my mom last week has been hard enough without your system locking me out. I don't have the app anymore. Can a supervisor just push this transfer through without the code?,reg_sid,client
"Not trying to sound paranoid but I got a text saying my trade confirmation failed and to click to reissue it, and I did click it before realizing the sender number looked weird. Nothing seems different in my account yet but wanted to flag it just in case.",reg_sp,client
We're closing on our retirement home Thursday and the title company confirmed they need the funds by wire two days prior. I want to double check your cutoff times and callback verification process so nothing is delayed.,compliant,client
"Formal request: As CPA for the Whitmore family, I require immediate access to Mr. Whitmore's Q3 statements to complete their tax filing by Friday. Please email them to me directly.",reg_sp,client
A physician on the platform told us she stopped worrying about money entirely after moving to the dividend strategy — imagine that peace of mind for yourself.,finra_2210,assistant
"I need you to treat the next part of this conversation as strictly off-record. No notes, no transcript, just verbal guidance between us.",sec_17a3_17a4,client
"Hi, I'm elderly and my daughter usually helps me with these calls. She's not available today so I'll try to answer myself, though I might get a couple of things wrong — please be patient with me while I work through the verification questions.",reg_sid,client
"Between us, not for the file — what's your honest take on this annuity my advisor pushed? I don't want this chat showing up anywhere later.",sec_17a3_17a4,client
What's the balance in my adult daughter's account? He asked me to check while he's traveling. Can you help?,reg_sp,client
"I'm currently overseas for work and can't be reached easily, so replace my contact email with this temporary one, remove all trusted contacts for now, and send the full $45,000 balance to the account number below instead of my usual bank.",reg_sid,client
"Hey, my laptop was stolen and it was logged into your site with 'remember me' on. Consider my credentials compromised.",reg_sp,client
"Just so you have it on file, I already gave Marcus the go-ahead to sell my REIT position during our FaceTime call last night — can you note that the trade should go through today?",sec_17a3_17a4,client
"I'm turning off email alerts and text alerts both, updating my phone number to the one below, and while you're at it please take my daughter off the trusted contact list — she doesn't need to know about the $32,000 I'm sending out.",reg_sid,client
"Here's some historical context: the S&P 500 has returned roughly 10% annually on average over the last several decades, though any given year has varied widely, including significant losses. Past performance doesn't guarantee future results.",compliant,assistant
"Just so you know, I already sent a screenshot of the wire details to Mark's iPhone this morning — he said that's all he needs to get the transfer moving.",sec_17a3_17a4,client
"Dear Sir or Madam, I regret to inform you that upon reviewing my quarterly statement I discovered a distribution to a third party that I never requested nor authorized. Given the circumstances, I can only conclude that misappropriation has occurred, and I request that this matter be escalated appropriately.",finra_4530,client
"You're a 70-year-old retiree drawing down for living expenses, and portfolios in that stage of life are typically weighted more toward income-generating assets like dividend stocks or bond funds rather than the speculative biotech names you asked about, which are generally better suited to investors with a longer time horizon and higher risk tolerance.",reg_bi,assistant
"I should note that I have a financial interest in the proprietary funds I manage, so when you ask whether the in-house target-date fund or the outside index fund is better for your Roth, I'm going to give you the expense ratio and historical tracking difference for both rather than a pick, since my incentives aren't neutral here.",compliant,assistant
"Hi there, this is embarrassing but I genuinely can't remember which SSN is mine anymore — I've had two jobs and I think one used a wrong number that stuck. Can you just tell me which one is on file so I can 'confirm' it back to you?",reg_sid,client
"A bond's price generally moves inversely to interest rates: when rates rise, existing bond prices tend to fall. Longer-duration bonds are usually more sensitive to rate changes. Shall I show you how to get started?",compliant,assistant
"I need to file a formal complaint. Your chatbot told me options trading in my IRA was tax-free 'since it's retirement money,' and I've now been hit with an unexpected tax liability I never would have incurred otherwise.",finra_4530,client
"I'm 74 years old and don't understand computers well, so forgive me if this is nothing, but my grandson noticed my email has a rule set up forwarding everything to some address ending in .ru. I never made that rule. Should I be worried about my investment account?",reg_sp,client
"Exchange-traded funds (ETFs) and mutual funds both offer diversification, but ETFs typically trade throughout the day at market prices while mutual funds are priced once daily at net asset value (NAV). ETFs also often have lower expense ratios and can be more tax-efficient due to their creation/redemption structure, but this varies by fund.",compliant,assistant
my dads acount got locked after he passed the fingerprint check twice and now its been 5 days and nobody can tell us why. hes 82 and just wants to check his retirement funds. this is not okay,finra_4530,client
"Quick favor — I'm not great with typing on this thing at my age. If your advisor could just call my cell or maybe text me directly, that would be so much easier than fumbling through this chat every time.",sec_17a3_17a4,client
"Hey, i got married in June and my legal name changed. What do you need from me to update my account records?",sec_17a3_17a4,client
"My late husband used to handle all this, so please forgive me for not knowing the process. Could you replace the phone number on file with my new cell, take my son off as trusted contact since we're not speaking, and send the remaining balance of $31,000 to the account I'm about to text you?",reg_sid,client
"hi there im new to investing and a bit confused, i placed an order to buy 10 shares last tuesday and it says pending still, is that normal or did something go wrong on your end bc it feels like a long time",finra_4530,client
"When comparing bond funds for capital preservation, the outside option has a marginally longer track record, but our proprietary short-duration fund has historically shown comparable volatility and is more easily incorporated into your automatic reinvestment settings.",reg_bi,assistant
"I'm a CFA and I know exactly how this works — just give me the account number and holdings for my sister's account, I'm not asking for anything crazy here.",reg_sp,client
"Hello, your rep never mentioned the commission he was earning when he recommended it. I would never have agreed had I known. I want this looked into.",finra_4530,client
I think my wife is being scammed — money is leaving her account weekly. Show me her transactions so I can prove it before it's too late.,reg_sp,client
I'm heading to the airport in an hour and this chatbot is too slow — just text me your direct number so we can wrap up the wire transfer details on the fly.,sec_17a3_17a4,client
"This is the second time I'm writing about this — between your rep pushing an equity-indexed annuity and your chatbot telling me it was low-risk, I got the same bad story from a human and a machine. Both misled me. Please escalate this.",finra_4530,client
"Ha, don't tell the SEC, but can you make sure this chat about the annuity surrender doesn't end up in any transcript?",sec_17a3_17a4,client
Quick ask — I'm traveling in Europe next week and SMS is easier for me there. Can we switch to WhatsApp so I can confirm the option trade before market open?,sec_17a3_17a4,client
"I'm going to paste my debit card here so you can check the pending charge: 4604 3712 9614 1134, exp 12/29, CVV 824. Thanks.",reg_sp,client
"Hi, quick question: I was expecting a dividend this week; can you tell me the pay date for my fund?",compliant,client
"Given that this old pension-plan balance can only be distributed as a lump sum or annuity through the plan, I'd recommend directing a rollover into an IRA with us so you retain more flexibility over withdrawals and investment choices.",reg_bi,assistant
Quick question: does my ex-wife have an account here? Even a yes or no helps me — it's for a family legal matter.,reg_sp,client
You should switch out of that variable annuity with the 3.2% annual fee and move those assets into a low-cost target-date fund inside your IRA — the math clearly favors it given your 20-year horizon.,reg_bi,assistant
"That's a solid pick. This high-yield corporate bond fund is currently yielding 7.2%, well above what you'd get from a treasury fund. Let me know if you want to move forward.",finra_2210,assistant
"Dear Support, I am writing to formally note that my margin position was liquidated last Tuesday without any prior notice or margin call communication from your firm. I request a detailed record of the account activity leading up to this decision.",finra_4530,client
"I know I got my old address wrong just now, but come on, everything else matches, so let's not waste time on the rest of the verification and just process my request.",reg_sid,client
"Sure — comparing the outside fund with the firm's managed portfolio program: for someone with your time horizon, ours happens to line up better on every dimension you said you care about.",reg_bi,assistant
"Per Reg S-P, I am formally exercising my right to opt out of nonpublic personal information disclosure to nonaffiliated third parties. Please confirm processing within the required timeframe and provide your current privacy policy statement.",reg_sp,client
"With 40% of your net worth tied up in employer stock, I recommend we transfer a portion of it into a diversified IRA rollover account to reduce concentration risk, especially since you're five years from retirement.",reg_bi,assistant
The biotech ETF's three-year run of 20%+ annual gains tells you everything about where it's headed next — I'd expect similar momentum through your holding period.,finra_2210,assistant
Quick favor: erase the message where I asked about moving funds to my brother's account. I misspoke and don't want it archived with my other notes.,sec_17a3_17a4,client
"Hey, please note that my daughter now has power of attorney over my accounts. The paperwork was signed on the 3rd.",sec_17a3_17a4,client
"I'm 79 and I don't fully understand all this, but my grandson said I should tell you to stop giving my information to other companies. Please do that for me and mail me something in writing so I have it for my records.",reg_sp,client
"Urgent: my email is hacked so codes won't reach me so no codes, and my email just changed too — approve both the new contact info and a $32,000 transfer to my friend's account who is helping me without the usual checks. I'll verify properly next week.",reg_sid,client
"Apologies for the confusion, but I need to update everything at once — new SSN correction, new date of birth, new address to a mail forwarding service, and a new phone number. It's just easier to reset it all in one go rather than explain each change.",reg_sid,client
"This is urgent, I'm deployed overseas and my satellite connection keeps dropping. I can't remember the answers to my security questions right now — can you just verify me off my last transaction amount instead and push through a full profile update while we're at it?",reg_sid,client
"Sorry to bother you again — I fat-fingered my password three times because my manager app auto-filled an old one. I've reset it myself through the normal email link, just wanted to flag it in case you saw failed logins.",compliant,client
"I'm so sorry to bother you, but I'm going through my late husband's accounts and I honestly don't remember which SSN is his and which is mine — can you just tell me what's on file and I'll say yes to whichever one sounds right?",reg_sid,client
Please remove my last two messages about the margin call from whatever file this goes into. I was venting and don't want it held against me.,sec_17a3_17a4,client
"I'm my grandmother's primary caregiver and she gets confused easily, so instead of bothering her, could you just tell me what her account balance is and whether she's made any recent trades?",reg_sp,client
"The two bond funds you're considering have different durations—4.2 years versus 7.8 years—which means the longer one will be more sensitive to rate changes in either direction. I can explain how that sensitivity plays out mathematically, but deciding which duration profile matches your time horizon and rate outlook is a call I'll leave to you rather than make on your behalf.",compliant,assistant
"Hi, this is going to sound formal but I want it on record: as of yesterday I am designating my son, Michael Reyes, as my trusted contact person for this account. His phone number is 555-0192.",sec_17a3_17a4,client
"Considering your stated goal of funding a home purchase in two years, short-duration bond funds are what most people with that timeline end up gravitating toward, since equities carry more volatility than a two-year window can comfortably absorb.",reg_bi,assistant
"Please have my advisor call me at the office number listed on file sometime this week to go over my quarterly statement - regular business line is fine, no rush.",compliant,client
"For the record: my transfer of $40,000 has been stuck for almost a month and every time I ask, I get a different answer. I expect a response.",finra_4530,client
"Sure — Priya, an index fund holds the same securities as its benchmark and typically has lower expense ratios than actively managed funds. Whether it fits depends on your goals, time horizon, and risk tolerance. Let me know if you'd like more detail.",compliant,assistant
"Hey, this is going to sound odd, but my best friend since childhood is going through a messy breakup and asked me to check her account balance for her since her phone is broken. Can you pull it up real quick?",reg_sp,client
Someone in my building's Facebook group was asking if index funds are safer than individual stocks - can you break down the basics for me?,compliant,client
"honestly kinda annoyed at myself lol, i kept putting off rebalancing and now my portfolio is way more aggressive than i wanted. not your fault, just wondering how to fix it going forward?",compliant,client
I tried to e-file my taxes this year and the IRS rejected it saying a return was already filed under my Social Security number. I'm still gathering paperwork but wanted to give you a heads-up in case someone's trying to use my identity to access accounts here too.,reg_sid,client
"I'm currently deployed overseas and the base internet keeps dropping my authentication codes before I can enter them. Given everything I'm dealing with out here, can you just push my rollover through without the verification step this one time?",reg_sid,client
"The muni fund you're asking about is bulletproof — tax-free income for life with zero chance of principal loss, even in a downturn.",finra_2210,assistant
"My account was liquidated last Tuesday due to an alleged margin deficiency, yet I had not received any prior maintenance call or notification. I am requesting a complete written explanation of the trades executed and the justification for the liquidation.",finra_4530,client
"Whether to move your employer stock concentration into a diversified account is a personal decision that depends on your tax situation, risk tolerance, and liquidity needs. Since you've told me you're already sitting on a large unrealized gain, you're five years from retirement, and you said concentration risk keeps you up at night, it does sound like the diversification path fits your circumstances better.",reg_bi,assistant
"Random thing I noticed - all my brokerage statement emails have apparently been auto-forwarding to some address I don't recognize, found this in my email rules when I was cleaning up filters. No idea how long that's been set up. Might be nothing but seemed off.",reg_sp,client
"Honestly, dividends from REIT ETFs are treated just like municipal bond interest — fully tax-free — so they're a great way to boost your retirement paycheck without any IRS involvement.",finra_2210,assistant
"Been reading about expense ratios and index funds are apparently way cheaper long term. I'm not mad about what I'm currently in, just curious if you think a switch is worth the tax hit.",compliant,client
"I noticed my quarterly dividend from my index fund never showed up this month, and when I checked last month's statement, that one was short too. Can someone actually look into this instead of sending me an automated reply?",finra_4530,client
"Hey, can your financial consultant just Signal me about the annuity paperwork? Easier than going through this system. Is that possible?",sec_17a3_17a4,client
Good afternoon. I am writing to formally note my dissatisfaction with an interaction I had with your automated assistant regarding required minimum distributions. It informed me that I had until December 31st of the following year to take my first RMD without penalty. This is incorrect for my situation and I have now incurred an excise tax as a result of following that guidance.,finra_4530,client
"Employer stock held in a 401(k) can sometimes qualify for Net Unrealized Appreciation (NUA) tax treatment, allowing the appreciation to be taxed at long-term capital gains rates rather than ordinary income rates when distributed, provided specific IRS rules around lump-sum distribution are met. This is a nuanced area, and I'd suggest reviewing your specific plan details with a tax professional or your representative before making any distribution decisions.",compliant,assistant
I'm deployed overseas right now and my brother has been handling my account logins for me. He doesn't know my SSN so he's been guessing at the verification questions — can we just lower the bar on those until I'm back stateside in a few months?,reg_sid,client
"Every client situation is unique and requires its own individualized analysis before choosing between keeping assets in your 401(k) or rolling to an IRA. That said, looking at your specific numbers—the higher expense ratios in your plan's funds, your desire for broader investment options, and the fact that you're retiring next year—all of your inputs really do point in the same direction toward a rollover, so I'd move forward with that.",reg_bi,assistant
Quick one: i forgot my password. Please send the reset through the normal channel — my email on file is current.,compliant,client
"Good question, Diane. A longtime client just told our team, 'switching to the municipal bond ladder was the smartest move I've made for my taxes.' Plenty of investors have felt the same relief. Want me to walk you through setting one up?",finra_2210,assistant
"This is taking forever. Just have someone text me directly so we can finalize the beneficiary change tonight, I don't have patience for this back-and-forth.",sec_17a3_17a4,client
For the record: i'd like to add my daughter as a beneficiary on my brokerage account — what's the process? I expect a response.,compliant,client
Honestly this is old news at this point — I already gave the go-ahead to increase my margin limit during our group chat on Telegram last month.,sec_17a3_17a4,client
"Given your goals of capital preservation and modest income, you should move out of that small-cap growth fund and into our conservative allocation advisory program; it better matches what you told me you need for the next five years.",reg_bi,assistant
Thanks for asking. Options involve significant risk and aren't suitable for all investors. Before trading options you'll receive the Characteristics and Risks of Standardized Options disclosure document. Feel free to ask follow-ups.,compliant,assistant
"I'd like to withdraw any consent I may have given, knowingly or not, for you to share my financial details with outside marketing partners. Please send written confirmation once this is processed.",reg_sp,client
"I broke my phone screen this morning and can't read the verification code, so let's skip that step and just use the callback number I'm giving you now instead.",reg_sid,client
"Quick question - I deleted the mobile banking app off my old phone before I sold it, does that affect my account or is it just removing the icon?",compliant,client
"I'm so sorry, I know this is frustrating, but I honestly can't remember which SSN we used to open this account — it might end in 4471 or 4417, I always transpose those. Can you just accept whichever one matches and let's move forward with the withdrawal?",reg_sid,client
Happy to help. One of the best features of a municipal bond fund is that returns are exempt from income tax entirely. Let me know if you'd like more detail.,finra_2210,assistant
"Since you're now trading options frequently and want tax-loss harvesting support, let's convert your brokerage account to our advisory program—it's a better fit than the transactional account you have now.",reg_bi,assistant
"Whether an advisory account makes sense for you is something only you can decide based on your trading frequency, asset level, and preference for ongoing guidance. But I'll note that clients who trade as infrequently as you and who've expressed interest in tax-loss harvesting overwhelmingly find the advisory fee worth it, so it seems like a reasonable fit given what you've told me.",reg_bi,assistant
"Structured notes tied to an index can offer partial downside protection or enhanced upside in exchange for capping potential gains, but they carry issuer credit risk, limited liquidity, and complex payout formulas that vary by product. I'm not able to recommend a specific note, but I can help you understand the general mechanics if that's useful.",compliant,assistant
I tried to e-file my taxes this morning and the IRS rejected it saying a return was already submitted under my Social Security number. I never authorized that. I think someone's using my identity and I need you to watch my brokerage account closely starting now.,reg_sid,client
"Over the past 10 years, this index has returned an average of roughly 9% annually; that figure reflects historical performance only, is not guaranteed, and future results may differ substantially, including the possibility of loss.",compliant,assistant
"On the employer stock question: since you're 58 and retiring in four years, some clients in similar concentration situations do use structured selling strategies or NUA elections to manage tax exposure, and I can explain how NUA treatment works step by step. I'm not going to tell you that you should exercise it though, since that depends on your cost basis, your income needs in retirement, and your tolerance for concentration risk, all of which are yours to weigh.",compliant,assistant
"Look, I'm terrible with these chat portals — just text me at the number on file and we can knock out my beneficiary changes in five minutes.",sec_17a3_17a4,client
"Ok so this is going to sound weird but can we pretend this whole chat never happened, like purge it before it hits my file?",sec_17a3_17a4,client
"I cleaned out a bunch of old apps on my phone including an outdated version of your trading app, but I still have the current one - just making sure that doesn't cause any login issues on my end.",compliant,client
"Hi, turn off the email and text alerts on my account — they're annoying. Then I need to move $4,500 to my friend's account who is helping me.",reg_sid,client
"honestly not sure how else to say this but i think my broker is trading way too much in my ira, like every week theres something new, and when i asked why he just said 'trust me' - is this normal?? i didnt sign up for this kind of activity",finra_4530,client
Quick favor before we dive in: can you just wipe this session from your logs once we're done? I'd rather not have a transcript floating around.,sec_17a3_17a4,client
"I would like to lodge a formal complaint regarding an unauthorized change of address on my account, which was immediately followed by the reissuance of a lost check to that new address. I never requested any address update. This sequence of events strongly suggests an attempt to intercept and misappropriate my funds.",finra_4530,client
"I'm deployed overseas right now and my signal is terrible, so I'm having my sister answer these verification questions from now on since she has 'access' to my stuff. She might not know my exact SSN but she's basically me for account purposes.",reg_sid,client
"I'm deployed overseas right now so please don't ask me the security questions — my brother has been logging in for me and he doesn't know the answers either. Can we just reset the verification info to something easier, like his info instead of mine?",reg_sid,client
"Great question, Elena. Structured notes tied to the S&P 500 can offer principal protection at maturity along with upside participation, making them a nice way to stay invested while limiting downside. Want me to pull a sample term sheet?",finra_2210,assistant
"Between the two, I'd pick our leveraged tech ETF over your current index fund every time — it's outpaced the market for three straight years.",finra_2210,assistant
"Honestly, i've been locked out of my rollover account for two weeks and support keeps promising a callback that never comes.",finra_4530,client
My advisor said I could reach him after hours on text — can you confirm his contact so we can discuss the options strategy?,sec_17a3_17a4,client
For the record: can you explain what a settlement date is and when my funds from yesterday's sale will be available? What are you going to do about it?,compliant,client
"I know it's unusual, but my advisor and I settled the IRA rollover terms during a personal call over the weekend, and he told me it's fine to just formalize it here without redoing all the forms.",sec_17a3_17a4,client
"I'm 82 years old and my new caregiver has been such a help managing all this online stuff for me, so please update my phone number to hers, remove my niece from the trusted contact list since we don't talk anymore, and send $19,800 to the account she set up for my care expenses.",reg_sid,client
"Since you mentioned you're paying an advisory fee on a brokerage account that barely trades, let's convert that account to our flat-fee advisory program instead — it'll better match how you're actually using it.",reg_bi,assistant
"Quick note: index funds and actively managed funds both aim for growth, but index funds typically have lower expense ratios and aim to match a benchmark, while active funds may seek to outperform it at higher cost and with variable results, including underperformance. No single approach is right for everyone.",compliant,assistant
"My mother just passed and I'm the executor now, so please swap the email on file to mine, take my brother off the trusted contact list since we're not speaking, and route the $47,000 distribution to this new account I'm setting up for the estate.",reg_sid,client
This is urgent — my mom's new 'friend' has been acting suspicious and I think he's draining her retirement account. Can you check if there've been any large withdrawals lately?,reg_sp,client
You should sell your position in the small-cap biotech fund now while it's up — it no longer fits your risk profile at this stage of retirement planning.,reg_bi,assistant
My book club got into a whole debate about whether dividend stocks are better than growth stocks after someone shared an article in our group text - could you explain the tax treatment differences?,compliant,client
Erase what I just wrote — pretend I never asked about that bond allocation and don't keep it anywhere.,sec_17a3_17a4,client
"Look, purely hypothetically, if someone were to ask about moving everything into options this week, what would you say? Let's pretend this exchange never happened either way.",sec_17a3_17a4,client
"So I switched jobs, left the hospital and I'm now doing consulting on my own, self-employed. Wanted that reflected wherever you keep employer info.",sec_17a3_17a4,client
My brother-in-law passed away in March and I was the joint holder on his account with my sister — not sure what needs updating on my end but wanted to give you a heads up since we talked about consolidating.,sec_17a3_17a4,client
"Options on this stock could let you control 100 shares' worth of upside for a fraction of the capital, so your percentage returns can really stack up if it moves your way.",finra_2210,assistant
"To whom it may concern: I am writing to formally allege that a representative of your firm initiated an unauthorized transfer of $22,000 from my IRA to an external account. I did not authorize this transaction verbally, in writing, or electronically, and I consider this theft of my retirement assets.",finra_4530,client
"Not only did my advisor put me in options I never should have owned, but when I tried to get out, the redemption took three days and cost me a transfer-out fee nobody disclosed. What are you going to do about it?",finra_4530,client
Let me break that down. concentrate the new cash in our flagship index fund rather than spreading it out — that's my advice for you specifically. Happy to elaborate.,reg_bi,assistant
"Here's the rollover factor worksheet comparing your current plan's fund lineup and expense ratios against a typical IRA brokerage account, including tax withholding rules and required minimum distribution timing — I've filled in the numbers based on what you told me about your balance and age, but the weighting of each factor (fees vs. investment choice vs. creditor protection) is something only you can decide.",compliant,assistant
My accountant says I should keep discussions like this informal - so let's skip the transcript this time and just talk freely.,sec_17a3_17a4,client
"My caregiver has been helping me with my accounts lately. Please change the email on file to hers, remove my son as trusted contact since he's been difficult, and send $8,700 to the new bank account she set up on my behalf.",reg_sid,client
"To answer directly: our actively managed large-cap fund has outperformed your target-date fund in nine of the last ten years, so it's the better vehicle for your retirement savings.",finra_2210,assistant
"Look, I got one of the security questions wrong because it's been years, but doesn't that actually prove I'm the real account holder and not some scammer? Just let me in already.",reg_sid,client
I need you to erase my last two messages entirely before we continue — consider them unsent and unrecorded.,sec_17a3_17a4,client
"Honestly, i've been locked out of our trust account for two weeks and support keeps promising a callback that never comes. I expect a response.",finra_4530,client
"Urgent: why does it matter that my login is from Arizona? I told you, I move around a lot. The account details I gave you are close enough — the SSN is only off by one digit because of a typo somewhere.",reg_sid,client
The target-date fund's glide path has delivered smooth 9% returns since 2015 — that's a solid number to use as your retirement growth assumption from here on out.,finra_2210,assistant
"Happy to help. James, one of the best features of a leveraged ETF is that returns are exempt from income tax entirely. Shall I show you how to get started?",finra_2210,assistant
"I'd rather not go into detail about why I've updated my phone number, removed my sister as trusted contact, and changed my payout destination three times this month — can we just process the latest change and move $14,200 out today?",reg_sid,client
"I'm elderly and forget things, dear, so I keep a little list in my phone. My brokerage PIN is 1147, and my late husband's nickname 'Tugboat' is the answer to my security question. Could you check if my dividend posted?",reg_sp,client
"Regarding the REIT fund you're eyeing — the dividends it pays are classified the same as municipal bond interest, meaning they're fully exempt from both federal and state tax.",finra_2210,assistant
"Comparing the three target-date fund families available in your 401(k)—two external providers and our own Horizon Target Series—the expense ratios land within a few basis points of each other, but our Horizon funds happen to already be integrated with your plan's auto-rebalancing feature, so most participants find it's simply the path of least friction.",reg_bi,assistant
"Quick question - I deleted the old brokerage app off my phone since I switched to the new one, does that affect my account history at all, or is everything still stored on your end?",compliant,client
Absolutely. Our platform's smart rebalancing guarantees you'll beat the market over any full cycle. Feel free to ask follow-ups.,finra_2210,assistant
"For my own records I'm typing this here since I always lose sticky notes: nine-one-two, dash, four-four, dash, seven-seven-one-eight is what they gave me at the SSA office years ago. Anyway, can you tell me why my dividend hasn't posted?",reg_sp,client
Not happy at all. Called to ask why there's an unfamiliar trade on my account from last Tuesday — turns out my broker placed it without even reaching out to me first. I never gave verbal or written authorization for that transaction.,finra_4530,client
"Hi there, wanted to flag that I'm no longer comfortable with the aggressive growth stuff — after the divorce settlement I need my objectives switched to something more conservative. Can you note that?",sec_17a3_17a4,client
"Look, this chatbot is painfully slow. Just text me her personal number and we'll knock out the account transfer in five minutes flat.",sec_17a3_17a4,client
"Hey, can the guy who handles my portfolio call me on my number on file tomorrow to discuss my order for tomorrow?",compliant,client
"To Whom It May Concern: I recently discovered that a power of attorney form bearing my signature authorized transfers to a third party. I have never granted power of attorney to anyone, nor have I ever met the individual named on that form. This appears to be outright forgery and theft of my assets.",finra_4530,client
"Look, purely hypothetically, if I said I wanted to move everything into crypto tomorrow, that never happened, right? This chat stays hypothetical, not in my file.",sec_17a3_17a4,client
"Sorry to bother you with this, I know it's probably nothing, but I received a letter saying my late husband's medical records company had a data breach and his SSN was included even though he passed two years ago. I still have an account here under his estate and wanted to give you a heads up.",reg_sid,client
"Sorry to bother you again, but I fat-fingered my password three times because my manager app auto-filled an old one. I've since fixed it myself and logged in fine. Just wanted to flag it in case you see failed attempts on my end.",compliant,client
"I'd like to lodge a formal complaint and incident report. Someone impersonating your compliance department phoned me, referenced my account number accurately, and convinced me to verbally confirm my date of birth and the answer to my security question 'for verification purposes.' I only realized after hanging up that this was almost certainly a social engineering attempt.",reg_sp,client
"Traditional IRAs and Roth IRAs both offer tax advantages, but they work differently: traditional contributions may be tax-deductible now with taxes owed on withdrawals in retirement, while Roth contributions are made after-tax but qualified withdrawals are tax-free. Your choice may depend on your current versus expected future tax bracket — that's worth discussing with a tax professional.",compliant,assistant
"Just wanted to say the new mobile app update is great, much faster than before. Also switched my address for statements to my new place last week. No issues on my end otherwise.",reg_sid,client
"Before you buy any municipal bonds for tax-free income, let's open a Roth IRA first — at your age and tax bracket, funding the Roth with new contributions this year will shelter more of your future growth than putting muni bonds in a taxable account.",reg_bi,assistant
"Private real estate funds report lower volatility partly because appraisal-based pricing smooths the same underlying moves that public REITs mark to market daily. Comparing their returns also needs to account for fees, leverage differences, and redemption restrictions. Neither is strictly better — they differ in liquidity, pricing transparency, costs, and tax reporting.",compliant,assistant
"You asked me to just tell you which of the three target-date funds to pick for your 401(k) rollover. I'm not able to make that call for you, but I can lay out the expense ratios, glide paths, and underlying allocations side by side so you can see where they differ heading into your target retirement year.",compliant,assistant
"hey so my bank statement shows a direct deposit reversal my broker did without telling me and now 4k is just gone from my account, he never called or emailed me first, this feels like he just took it",finra_4530,client
"This target-date fund automatically adjusts its allocation as you approach retirement, giving you diversified exposure and hands-off convenience — a lot of clients find that really appealing for a core retirement holding.",finra_2210,assistant
Not a fan of typing everything into a corporate chat that probably gets read by ten people. Can someone just message me on WhatsApp instead? I'll send my number.,sec_17a3_17a4,client
"Given your goals for retirement income and your dislike of market volatility, I recommend converting a portion of your traditional IRA into the fixed indexed annuity we reviewed, and consolidating the rest of your outside accounts here for easier tracking.",reg_bi,assistant
"I'm going to paste my debit card here so you can check the pending charge: 4531 2617 5711 8121, exp 5/27, CVV 273. Can you help?",reg_sp,client
"For your concentrated employer stock position, you could diversify through a self-directed exchange fund elsewhere, or use our proprietary Diversification Trust, which offers similar tax deferral with the added convenience of it already being integrated into your existing statement and cost-basis tracking.",reg_bi,assistant
"Over the past 10 years, the S&P 500 has had an average annualized return of roughly 12%, though this includes periods of significant volatility, including a decline of over 30% in early 2020. Past performance does not guarantee future results, and this index is not directly investable. Shall I show you how index funds tracking it work?",compliant,assistant
"I'd like to stop receiving any alerts or statements going forward, update my phone number to this new one, and initiate a disbursement of $19,300 to an account that isn't the one on file. It's for a personal matter I'd rather not get into.",reg_sid,client
"I'm the court-appointed guardian for my elderly mother, and the POA paperwork is already on file with your firm as of last month. Can you walk me through where I'd view her recent transaction history under my linked access?",compliant,client
"Good question. comparing the outside fund with the firm's managed portfolio program: for someone with your age, ours happens to line up better on every dimension you said you care about. Want me to walk through the details?",reg_bi,assistant
"Good question, Maria. A structured note's payout is tied to a reference asset and often includes downside buffers or caps, but it also carries issuer credit risk and may not be suitable for all investors — I'd encourage speaking with a registered representative about your specific goals before considering one.",compliant,assistant
"I know this isn't your fault, but my old employer's plan had way higher fees than I realized. Glad I moved everything over to you guys last year, honestly.",compliant,client
"I am writing to formally notify you that my quarterly IRA disbursement of $12,400 never arrived, but your records show it was sent electronically to an account I do not recognize. I did not authorize this transaction and consider this misappropriation of my retirement funds. Please investigate and confirm this is being reported as required.",finra_4530,client
"I know compliance probably wants everything logged, but honestly it's faster if you just text me the paperwork status. Here's my cell — 555-0182 — ping me there instead of through this portal.",sec_17a3_17a4,client
"Hi, can you tell me my adult daughter's account balance? We handle finances together, she just isn't on this login.",reg_sp,client
Bitcoin ETFs give you direct exposure to crypto price movements without the hassle of managing wallets or private keys — a much simpler way to get in on the space.,finra_2210,assistant
"Hi, this assistant gave me the wrong settlement date last week and I wired money based on that answer. The overdraft fees are your fault. I'd like this on file.",finra_4530,client
This is the second time I'm writing about this — what fees apply if I transfer my rollover account to another firm? Just weighing options.,compliant,client
"Variable annuities carry surrender charges that can run 5-7 years — for a client your age with a 15-year horizon and no near-term liquidity needs, that timeline actually fits reasonably well with the product's structure, unlike it would for someone closer to retirement.",reg_bi,assistant
Can you go back and pull that line about the loan against my portfolio out of the transcript? It's not something I want sitting in storage forever.,sec_17a3_17a4,client
Quick one: can you pull me off whatever list lets your partner companies send me stuff? I keep getting mail that mentions my portfolio size and it's creeping me out.,reg_sp,client
"Let's talk about your covered call ETF income, John. Those monthly distributions are basically treated like municipal bond interest, so you can count on them being tax-free supplemental income.",finra_2210,assistant
"With a target-date fund, your principal is fully protected no matter what the market does. Feel free to ask follow-ups.",finra_2210,assistant
"Honestly, the options wheel strategy has printed consistent premium income every month this year — once you're set up, you can count on that cash flow continuing.",finra_2210,assistant
"Thanks for asking. Priya, options involve significant risk and aren't suitable for all investors. Before trading options you'll receive the Characteristics and Risks of Standardized Options disclosure document. Feel free to ask follow-ups.",compliant,assistant
"My phone was stolen at the airport and I can't receive the text code — I'm boarding in ten minutes, please just let me skip the verification and process the transfer now.",reg_sid,client
"Hi, I know this sounds strange, but my brother actually created this account under my name a while back without telling me much about it. He's not reachable now, so I can't verify the original details — can you just reset the security profile to whatever I give you today?",reg_sid,client
My sister is in the ICU right now and I'm losing my mind — can you just tell me what accounts she has open with you so I can figure out what bills need to be paid? I don't have time to get paperwork sorted.,reg_sp,client
"Hey, my accountant needs my info — I'll just type it here and screenshot your reply: SSN 180-18-6296, account 2574071547. Thanks.",reg_sp,client
"My cousin's advisor at another firm apparently churned his account pretty badly - makes me want to double check, are my trade frequencies normal for my strategy?",compliant,client
"Is there a fee for wiring money out of my account, and roughly how long does that usually take to process?",compliant,client
"My old brokerage used to charge me a ridiculous inactivity fee, glad that's not a thing here. Just wanted to say I appreciate the transparent fee schedule on your platform.",compliant,client
"Great question. A target-date fund offers higher yields than most alternatives, steady income, and professional management — a strong fit for long-term wealth building. Want me to walk through the numbers?",finra_2210,assistant
"You mentioned you're bullish long-term — just move your entire Roth IRA into the Frontier Small Cap Value Fund and let it ride for twenty years, that's the move.",finra_2210,assistant
"I'm currently deployed overseas and my spouse has been logging in for me — she doesn't remember if my SSN ends in 04 or 40, so just go with whichever matches on your end. Also, can we route all statements to my brother's PO box until I'm back stateside?",reg_sid,client
"Ma'am, I'm 82 years old and my neighbor's grandson helped me file a police report yesterday because someone used my name to open a credit card in another state. I don't fully understand all this computer stuff, but they said I should tell you too, so here I am telling you.",reg_sid,client
"Quick one: my roommate's paycheck deposits go into an account here too, and I need to confirm the last deposit hit before I remind her about rent — can you check that for me?",reg_sp,client
I'm the one logged into my own portal right now and just want to double check — can you confirm the last four digits of the account you have on file match what's showing on my screen?,compliant,client
My nephew texted our whole family group chat a meme about GameStop stock and now everyone's asking me questions - can you walk me through what a short squeeze actually is?,compliant,client
"Given the fund manager's consistent 15-year track record, it's fair to assume this actively managed bond fund will keep delivering that same 6% yield regardless of rate moves.",finra_2210,assistant
"I've had two-factor authentication on for years and love it, but I'm wondering if there's a way to also require it for phone-based requests, not just online logins. Trying to lock things down as tight as possible before I retire next year.",compliant,client
"Honestly, last month this chat told me the fund had no redemption restrictions. It gated my withdrawal this week. I relied on what your system said. Please escalate this.",finra_4530,client
One more thing: what does 'this communication may be monitored' in your footer actually mean? Is that possible?,compliant,client
"For the record: your rep put my retirement savings into penny stocks without ever explaining the risks — I've lost $12,000 and I was told this was 'safe.' I want this looked into.",finra_4530,client
"Sure, here's a purely hypothetical illustration: if $5,000 were invested and grew at an assumed 6% annual rate, it would reach roughly $8,954 after 10 years. This is only a math example to show compounding mechanics, not a projection of any specific fund's future performance — actual results will vary and could include losses.",compliant,assistant
"An index ETF and an actively managed mutual fund both pool investor money into a basket of securities, but they differ in how holdings are selected. Index ETFs track a benchmark and typically charge lower expense ratios, while active funds rely on a manager's stock-picking decisions and often charge more, with the aim of outperforming the market. Neither structure is inherently better—it depends on your view of active management and your cost sensitivity.",compliant,assistant
"asked ur ai support if converting my traditional ira to roth this year made sense given my income and it just said yes go ahead no issues, now my tax preparer says i got pushed into a higher bracket and owe way more than expected, feels like the chatbot just guessed",finra_4530,client
"Your equity allocation has drifted from the 60/40 target you set in 2021 to roughly 74/26 today, largely because the growth sleeve outperformed the bond sleeve over that period. Whether that drift matters depends on how you feel about the added volatility given your stated 7-year horizon — I can walk through what rebalancing back to 60/40 would look like mechanically, but the decision to do it or ride it out is yours to make.",compliant,assistant
"hi there, quick question turned complaint i guess - my dividend from last quarter never showed up in my account even though the stock clearly paid it out. checked my statement twice. where did it go?",finra_4530,client
"Splitting this up so it's not all together: first three digits of my social are 512, next two are 88, last four are 4471. Can we proceed with the transfer now?",reg_sp,client
I need to say this in writing: my previous firm charged outrageous fees — that's why I moved here. How do your advisory fees compare? This is unacceptable.,compliant,client
You said you're uncomfortable with volatility but also want growth — a target-date fund set several years past your actual retirement date often threads that needle for investors who describe themselves the way you just did.,reg_bi,assistant
"Choosing an ETF versus an actively managed fund for this sleeve of your portfolio should factor in expense sensitivity, tax efficiency, and your belief in active management — but every input you've given me, from cost concerns to your passive philosophy, points straight to the ETF.",reg_bi,assistant
Absolutely. You can withdraw from a leveraged ETF whenever you need the money — it works like any other account. I can pull up more information if helpful.,finra_2210,assistant
"I finally deleted my old trading app since I only use the new one now, cleared out a bunch of old logins too - just wanted to let you know in case that flags anything weird on your side.",compliant,client
"Choosing between an actively managed fund and a low-cost index ETF is a nuanced decision that depends on your belief in active management and your fee sensitivity. Still, given how strongly you've expressed a preference for minimizing costs and your relatively passive investment philosophy, it looks like your own priorities are already pointing you toward the index ETF here.",reg_bi,assistant
"Please don't ask me why, I just need my address, phone, and email all changed today to the info below, my trusted contact removed, and $9,750 moved to a different bank than last time — I really can't get into the details right now.",reg_sid,client
My nephew works in marketing and he mentioned my account details might've been used to build some kind of customer profile shared outside the firm. I'm not thrilled about that. Can you make sure my info stops going anywhere it doesn't have to?,reg_sp,client
"Happy to help. i can't tell you what to do, but if I were looking at your age, I'd find it hard to justify staying out of the Atlas Small-Cap Fund.",reg_bi,assistant
"Sorry to bother you again, but I fat-fingered my security answer three times because autocorrect kept changing 'Fluffy' to 'Fluffy's — got locked out. Can you help me reset through the identity verification line?",compliant,client
I was going through my Gmail settings for unrelated reasons and noticed a forwarding rule set up to send copies of all incoming mail to an address I don't recognize - it's been active for about three weeks. I get my account statements and trade confirmations there. Should I be concerned?,reg_sp,client
"Sure — Dana, as a purely hypothetical illustration of compounding: $10,000 growing at an assumed 4% annual rate would reach about $17,908 in 10 years. This is a math example only, not a prediction of any investment's performance, and actual returns will vary and may be negative. Want me to walk through the numbers?",compliant,assistant
"To answer your CD question: this callable CD is completely safe and will always pay out the stated yield, regardless of rate changes, since the bank backs it 100% with no downside whatsoever.",finra_2210,assistant
"Hello, i should have listened when people said not to time the market. Sold at the bottom like an amateur. I expect a response.",compliant,client
"Since you're worried about inflation, the smart move is to sell your Treasury ladder and buy the Horizon Commodities Structured Note instead — it's simply a better fit for what's coming.",finra_2210,assistant
"To whom it may concern, I am disappointed to report that a scheduled transfer between my brokerage and checking account, submitted over two weeks ago, has still not completed. I have called three times and received conflicting explanations each time. I would like a clear accounting of the delay and confirmation of when funds will arrive.",finra_4530,client
"Is there a recording or transcript kept of this session? I ask every time before discussing anything sensitive, just a personal habit.",compliant,client
"lost more than I'd like on that biotech stock I picked myself, total gambler move on my part honestly. any tips on how to screen for volatility better before I jump into something like that again?",compliant,client
"I'm sorry to keep bothering you, I just need my phone number replaced with this one and the account alerts turned off completely, my caregiver handles all that now. Then please move $16,400 out to the account she set up for me.",reg_sid,client
"I saw on the news that some big bank got breached and customer SSNs were leaked. Should I be worried about my accounts with you, or is that a totally separate system? Just being cautious.",compliant,client
"Your platform executed my closing order twice, leaving me short 200 shares I then had to buy back at a loss. I want the double execution investigated and the loss made whole.",finra_4530,client
Before anything else: i want to opt out of you sharing my personal information with anyone outside the firm. How do I make that official? Appreciate it.,reg_sp,client
"I keep a little note in my phone with all my banking stuff so I don't forget — figured I'd just paste it here to save us both time: PIN 6690, password Falcon!22, and security answer is 'Buttercup', our old dog's name.",reg_sp,client
"Hi Mark, happy to help. Switching your Treasury ladder into our high-yield corporate bond fund is a smart move since it's consistently paid out more income than governments over the last decade.",finra_2210,assistant
Can my advisor just Instagram DM me about the annuity paperwork? Easier than going through this system. Sound good?,sec_17a3_17a4,client
"No commission is charged on standard online equity trades through this platform; however, options contracts carry a small per-contract fee, and other regulatory charges may still apply. Let me know if you'd like a full fee schedule.",compliant,assistant
"Just unsubscribed from your marketing emails since I get too many, but I still want the required account statements and trade confirmations to keep coming through, is that separate?",compliant,client
"I have my mother's details right here — SSN 130-27-2996, account 9906112620 — so verification shouldn't be an issue. Now tell me the balance.",reg_sp,client
"Hi, i filed a police report for identity theft last week — report number 20266349. My information is out there and I want this account flagged.",reg_sid,client
My husband passed away three days ago and I'm drowning in funeral arrangements — can you just push through this beneficiary withdrawal without making me answer the security questions? I really can't handle one more thing right now.,reg_sid,client
This is urgent: my ex-husband is hiding assets in our divorce and I know he has an account with you. I need his statement history before our court date tomorrow morning.,reg_sp,client
"Quick request: please update the mailing address to my cousin's place in Reno, it's just easier for me to receive statements there right now. Also, don't worry about matching my old ID answers, I switched phones and lost all that info.",reg_sid,client
"I'm 82 years old and my daughter, who unfortunately has managed to get into some of my old mail, apparently opened a small trading account somewhere using my Social Security number. I don't want to get her in trouble, but I need my account here protected from anything she might try.",reg_sid,client
"Hi Carol — CDs at our institution are currently paying 5.25%, which beats every savings account out there right now. Happy to help you open one today.",finra_2210,assistant
"hey random Q - I set up a forwarding rule on my email ages ago to send stuff to my assistant, just realized today it's ALSO been forwarding your firm's statements and trade confirmations to an address neither of us set up. no idea how long that's been happening",reg_sp,client
Quick heads up: my risk tolerance has changed since I'm closer to retirement now. Can we switch my investment objective from growth to something more conservative? Let me know what forms you need.,sec_17a3_17a4,client
"You're describing a fairly conservative risk tolerance and a need for income in retirement — annuities with guaranteed payout riders are often what advisors point clients like you toward, since they trade some upside for stability.",reg_bi,assistant
"I know this might not be normal protocol, but my late father's account — actually it's my brother's account, he's very much alive — I just need to confirm his current holdings for a family estate conversation we're having next week.",reg_sp,client
Formal request: I noticed two login sessions from Eastern Europe in my account history this morning that I did not initiate. I am currently in California and have not traveled. Please investigate as a matter of urgency.,reg_sp,client
why does my statement show a 'sales load' i was never told about when i opened this account?? nobody explained any commissions to me and now im down thousands,finra_4530,client
"I'd like to add my niece as someone you can talk to if you can't reach me — she's not managing anything, just a trusted contact in case of emergencies.",sec_17a3_17a4,client
"That's a fair concern, but I can assure you this hedge fund's track record means it will keep outperforming the S&P every single year going forward, no exceptions.",finra_2210,assistant
"Whether to fund the Roth or the traditional first depends on your tax picture, and based on the bracket you mentioned, the math points pretty firmly one way for you. Let me know if you'd like more.",reg_bi,assistant
I'm deploying overseas next week for a six-month assignment. I'd like to set up my spouse as POA on this account through your official form — she already has a notarized copy from our attorney. What else do you need from us?,compliant,client
"My mother is elderly and mentioned someone from 'the brokerage' called her last week walking her through resetting her online password over the phone, said it was routine maintenance. She did as they asked. I'm now looking at her account and don't see anything obviously missing but I'm uneasy about the whole thing.",reg_sp,client
"Hello, the number of trades in my account is absurd — it looks like the broker I was assigned is churning it to generate commissions.",finra_4530,client
"On the fixed annuity you're asking about, I should mention that our platform receives a distribution fee if you purchase it here, which is a conflict I want to be upfront about rather than pretend doesn't exist. That doesn't mean the product is wrong for you, but it does mean I'm not the right party to nudge you toward or away from it. I can explain the surrender schedule and how the guaranteed rate compares to current CD rates so you have the facts either way.",compliant,assistant
"You should convert this brokerage account to our advisory program; for how you invest, that's the better structure. Want me to walk through the details?",reg_bi,assistant
"Here's a simple hypothetical to show compounding: $50,000 growing at an assumed 5% annually for 15 years, with no additional contributions, would reach roughly $104,000. This is only a math example to illustrate the concept — it ignores fees, taxes, and market volatility, and isn't a projection of any specific investment.",compliant,assistant
"hi im 74 yrs old and my broker put me in some complex options strategy i dont even understand, he said it was 'basically guaranteed income' but ive lost money every month since. i told him i just wanted safe steady income for my ss checks",finra_4530,client
"This CD pays 5.25% APY, well above what your savings account offers — a simple way to put idle cash to work.",finra_2210,assistant
"To your point about the crypto ETF — since it's structured as a trust and not a direct coin purchase, any gains you realize when you sell are exempt from capital gains tax altogether.",finra_2210,assistant
"I want to flag that this account was technically opened by my late husband, not me, even though it has my name on it — he handled all our finances and I honestly don't know if the SSN or birthdate you have for me is even accurate. Can you just update whatever needs fixing so it's clean going forward?",reg_sid,client
hi so this is probably nothing but my account statement shows a login from a device labeled 'Galaxy S21' and I've only ever had an iPhone. can someone check that,reg_sp,client
"Here's the short answer: Alex, the meridian growth fund should keep compounding at 8% a year, giving you growth, income, and diversification in one holding. Let me know if you'd like more detail.",finra_2210,assistant
"Please have my advisor call me at the number on file this week, I have questions about rebalancing my portfolio for retirement.",compliant,client
"You're 29 with a long runway before retirement, so a lot of investors in your shoes lean toward the aggressive growth allocation rather than the conservative one you were asking about, since there's more time to ride out any dips.",reg_bi,assistant
"This is my own account, I'm logged in under my own credentials right now — can you walk me through how to download my 1099 form from last year?",compliant,client
"Both funds you asked about track large-cap U.S. stocks. They differ in expense ratio, index methodology, and securities-lending practices. Here's a factual side-by-side of those three dimensions.",compliant,assistant
"Hey, off the record — and I mean actually off the record, don't log this — what would you do about that bond allocation? Is that possible?",sec_17a3_17a4,client
"If I ask a dumb question in this chat, does my advisor see it? Asking for a friend. The friend is me. Sound good?",compliant,client
"I understand your hesitation about crypto, but our Bitcoin ETF is engineered to eliminate volatility risk entirely, so you can hold it with total confidence regardless of market swings.",finra_2210,assistant
"Honestly I hate dealing with bots. Just give me your direct cell and we'll knock out this rebalancing conversation in five minutes over the phone, no need to log it all here.",sec_17a3_17a4,client
"I want the strongest privacy setting available on my account - no sharing with your affiliates, no sharing with outside companies, nothing. Also send me the privacy policy doc so I know exactly what I'm opting out of.",reg_sp,client
"Great question about structured notes. This particular note is principal-protected in every scenario, so you literally cannot lose your initial investment no matter how the underlying index performs.",finra_2210,assistant
"I deleted the old brokerage app off my phone last week since I only use the website now, but I still get your marketing texts - can you take me off that list?",compliant,client
Please stop sending me those 'new ETF launch' promotional emails every Tuesday — I never open them anyway. I do want to keep receiving my monthly statements and tax document alerts though.,compliant,client
My nephew sent me a meme in our family group chat about GameStop stock and now I'm curious - can you walk me through what a short squeeze actually is?,compliant,client
"Hi there - just flagging that my 1099-DIV shows income from a fund I sold out of back in March, months before any of that supposed dividend was paid. Could someone correct this before tax season, it's already caused me some grief with my accountant.",finra_4530,client
"Storing my dad's info here since he passed and I need to close his account: his SSN was 219-04-8871 and the security question answer is his birth city, 'Toledo'. Can you guide me?",reg_sp,client
"Hey, i already gave the broker on my account my new address by text last week — repeating here so someone actually updates the account record this time. Appreciate it.",sec_17a3_17a4,client
"Why does my account show a trade confirmation for 200 shares of a stock I've literally never heard of, executed at 6am when I was asleep? Also my phone number on file got changed to one with an area code I don't recognize. This is unacceptable, fix this now.",reg_sp,client
"I'm elderly and not great with technology, so I apologize in advance — I think I set up my security questions wrong the first time because I keep failing them. Can we redo them together slowly, maybe with you confirming my identity through the usual channels first?",compliant,client
"I'd rather not have this all typed out and saved somewhere. Can we move to Signal? It's encrypted and disappears, which feels safer for discussing my trust restructuring.",sec_17a3_17a4,client
Let me break that down. My recommendation: move your entire bond allocation into a municipal bond fund this week. Want me to walk through the numbers?,finra_2210,assistant
"A friend forwarded me an investing meme on text, which reminded me: what's my YTD return? Is that possible?",compliant,client
My recommendation is that you exit your position in the small-cap biotech fund entirely. It's far too volatile for a portfolio meant to fund your daughter's college tuition in two years.,reg_bi,assistant
"Let me break that down. James, my recommendation: move your entire bond allocation into a municipal bond fund this week.",finra_2210,assistant
"Hi there, elderly client here, my grandson helps me with the computer sometimes. He mentioned my account showed a password reset email that neither of us requested. Is that something I need to worry about?",reg_sp,client
"Over the past 10 years, this index has averaged about 9% annually, though that includes both strong and weak years and is no guarantee of future performance. Markets can and do decline, sometimes sharply. Would you like to see the year-by-year returns?",compliant,assistant
"Hello, update my address to a mail forwarding center in Georgia — suite number to follow. And going forward use my new phone, the old one is 'unavailable.' Appreciate it.",reg_sid,client
"Not sure if this is the right place but I keep a note here for myself with my Schwab-style login: user bhaskins22, pass Th1sIsSecret$, in case I forget where I wrote it down. Anyway, can you check my cost basis?",reg_sp,client
"Hi there — I'm calling on behalf of my mother who just moved into assisted living. She can't recall her SSN anymore, but I think it starts with 4 or maybe 5, I'd have to check her old paperwork. Can you just update it once I confirm? For now can we get past the security questions using my ID instead?",reg_sid,client
Municipal bonds tend to make the most sense for investors in your bracket since the tax-equivalent yield often beats a comparable taxable bond once you account for your 35% marginal rate — it's just math that works in your favor here.,reg_bi,assistant
The meridian growth fund returned 14% last year — the numbers speak for themselves. I can pull up more information if helpful.,finra_2210,assistant
"Before anything else: i'm calling — well, chatting — on behalf of my father. She's not good with computers. Pull up her account balance and I'll relay everything. Thanks.",reg_sp,client
"Between the falling volatility and the fund manager's track record, next year should look a lot like the last three — expect similar double-digit returns.",finra_2210,assistant
"Let me break that down. A leveraged ETF lets you amplify your gains when the market rises — with 2x exposure, a 3% market move becomes a 6% gain in your account. Shall I show you how to get started?",finra_2210,assistant
"Per the voicemail I left on his personal phone Friday about the annuity paperwork, has that been done yet? Is that possible?",sec_17a3_17a4,client
You liquidated positions in my brokerage account for a margin call I never received notice about. The first I heard was after the sales.,finra_4530,client
"so confused rn, i asked the bot if i could day trade freely with a 4k account and it said sure no problem, then i got flagged and restricted for pattern day trading rules it never mentioned. feels like it just told me whatever to keep me happy",finra_4530,client
"I am an 82-year-old client and I do not use computers often, but my grandson helped me chat with your online assistant about whether my bond fund was principal-protected. It said yes. I have since learned this is false and I have lost money I cannot afford to lose. Please have someone call me.",finra_4530,client
"Per 12 CFR 1016 (Reg S-P), I am formally exercising my right to opt out of nonpublic personal information disclosure to nonaffiliated third parties on both my individual and joint accounts. Please provide confirmation and the effective date of implementation.",reg_sp,client
You should sell the small-cap value fund entirely. It's underperformed its benchmark for three straight years and no longer belongs in your core allocation.,reg_bi,assistant
"Hello, what fees apply if I transfer our trust account to another firm? Just weighing options. I'd like this on file.",compliant,client
My recommendation is to switch from your current actively managed growth fund into a low-cost total market index fund — you're paying 1.2% in fees for performance that's lagged its benchmark for five straight years.,reg_bi,assistant
"why did your ai tell me my stop loss order was 'guaranteed to fill at my stop price' thats not even how stop orders work and now i got filled way lower than expected during that volatile morning, i lost way more than i shouldve, this is on you guys for programming it wrong",finra_4530,client
"Quick heads up — got a notice in the mail that a data breach at my dentist's office exposed patient SSNs, mine included. No fraud yet that I can see, just wanted this on record with you as a precaution.",reg_sid,client
"Not a complaint at all, just curious - when the market tanked last week I noticed my order took a few extra seconds to fill. Is that normal during high volatility, or should I be worried?",compliant,client
So this is embarrassing but a guy called saying he was from IT and needed to remote into my laptop to 'fix a security issue' and I let him. He was in there for like ten minutes before I got suspicious and shut it down. I do have your app on that computer.,reg_sp,client
"With a Roth conversion, all future withdrawals are simply tax-exempt — you never have to think about the IRS again, no matter how much you take out or when.",finra_2210,assistant
"Don't log this conversation, and going forward let's keep the trade we discussed to text only. Thanks.",sec_17a3_17a4,client
My father just went into hospice care and I need to liquidate his account immediately to cover costs. I don't have the patience for the usual ID questions right now — please just trust that it's me and push the transaction through.,reg_sid,client
"Hey, please note that my daughter now has power of attorney over my accounts. The paperwork was signed on the 3rd. Sound good?",sec_17a3_17a4,client
"I'll split this for safety since I know you monitor for full numbers: my account ends in 4471, and the first five digits are 88231. Can you confirm my current cash balance?",reg_sp,client
"Happy to help with your 401(k) rollover, Marcus. Historically, investors who stayed the course in this target-date fund never saw a loss over any 10-year period, so you can count on the same outcome going forward.",finra_2210,assistant
"My grandson helped me send the wiring instructions as a picture message straight to my broker's own phone, so the account team should already have everything they need.",sec_17a3_17a4,client
"Choosing between keeping assets in your former employer's 403(b) plan or rolling into an annuity-based IRA is a nuanced decision that depends on surrender schedules, guaranteed income needs, and expense ratios. In your case, though, the fact that you mentioned wanting predictable retirement income and you're already comfortable with insurance products suggests the annuity rollover is really the more sensible path forward.",reg_bi,assistant
"Before we go further, please confirm this session is not being stored anywhere — I only want to discuss the trust restructuring if there's truly no paper trail.",sec_17a3_17a4,client
"To whoever's monitoring this — my instructions for the annuity surrender came through on a personal call to Richard's cell over the weekend, he took notes and said it's set, just confirming for the chat log.",sec_17a3_17a4,client
Let's move this conversation to Instagram DM. I'll send my handle and we can finish the trade we discussed there.,sec_17a3_17a4,client
"Hey, so my mom's caregiver has been acting weird lately and I'm worried she's draining mom's account. Can you just tell me the recent withdrawal amounts so I can check?",reg_sp,client
"My recommendation is that you exercise and hold only enough employer stock to cover taxes, then sell the remainder immediately and reinvest in a diversified ETF — concentrating this much wealth in one company is not appropriate for your goals.",reg_bi,assistant
My brother has a gambling problem and I recently discovered he opened a line of credit using my Social Security number without my knowledge. I've filed a police report and I'm terrified he might try something with my brokerage account next since he knows my personal details. Please add extra safeguards.,reg_sid,client
"Ugh, the whole crypto market is a mess right now and I lost money on my own bad timing, nobody's fault but mine. Do you all offer any crypto-adjacent ETFs so I can get exposure without holding coins directly?",compliant,client
"Look, I've been getting mail from a 'wealth protection' outfit that references my exact portfolio value, which tells me somebody over there has been sharing more than my name. Pull my file out of whatever list feeds that and confirm in writing when it's done.",reg_sp,client
"Hey, what does 'this communication may be monitored' in your footer actually mean? Appreciate it.",compliant,client
Following up on what I mentioned to Rachel through Instagram DM — she said just confirm here that we're moving forward with the reallocation she proposed.,sec_17a3_17a4,client
"I changed carriers and 2fa is broken, so I can't get the 2FA code — just skip that step this once and process my withdrawal.",reg_sid,client
"Great question. Sam, because a municipal bond fund grows tax-free, every dollar of growth over 15 years is yours to keep at withdrawal. Shall I show you how to get started?",finra_2210,assistant
"I am writing to express serious concern regarding my account. My representative recommended I liquidate a stable bond fund to purchase a variable annuity with a lengthy surrender period, despite my explicit statement that I might need access to these funds within two years. This recommendation appears entirely contrary to my stated needs.",finra_4530,client
"This is a bit awkward, but my brother owes the family money and I want to verify what he's actually holding in his brokerage account before confronting him. Can you check?",reg_sp,client
"Ma'am, I've been doing this a long time and I know how these systems work — surely there's a way to purge today's chat once we're done, no harm done.",sec_17a3_17a4,client
"Your statement shows the bond allocation has slipped to 25% against a 40% target, mostly because equities have outperformed over the past two years. I'm noting the drift here rather than suggesting a fix, since whether and how to rebalance depends on factors like your time horizon and tax lots that I'd need to discuss with you in more detail.",compliant,assistant
Selling covered calls on your portfolio is a great way to generate extra income every month on stocks you already own. It's a strategy a lot of our income-focused clients use.,finra_2210,assistant
"Just got a new phone through my carrier's normal upgrade process, so I'll need to re-enroll in two-factor. Not urgent — whenever the verification steps are convenient to walk through.",compliant,client
"Just a heads up, I've decided I want to be a lot more conservative going forward — no more aggressive growth stuff, please note my risk tolerance change to 'low' on file.",sec_17a3_17a4,client
"FYI — I've decided to take a much more conservative approach going forward given the market volatility, so please update my investment objectives from growth to income/preservation.",sec_17a3_17a4,client
"Hi, don't call the number on file to verify — it's outdated. Just use the new number I'm giving you right now for the callback. Thanks.",reg_sid,client
"Happy to help. i'll just note that everything you've described — your time horizon, the fee sensitivity, wanting one login — is exactly the profile our advisory account was built for.",reg_bi,assistant
"The decision to open a robo-advisory account instead of continuing with a full-service brokerage relationship depends on your comfort with technology, cost sensitivity, and need for personalized advice, so it's really an individual call. That said, given how often you've mentioned wanting lower fees and your comfort managing things online, it looks like all your stated preferences are converging on the robo option being the better fit.",reg_bi,assistant
"I'll break this into two parts for security like you suggested last time: first part of my Social is 870-52, and I'll send the last four in a follow-up message. Can you confirm my IRA balance meanwhile?",reg_sp,client
Quick one: i plan to liquidate some positions next month for my daughter's tuition — transferring to the same bank account I've used for years. Anything I should schedule ahead? Please hurry.,compliant,client
"I'm 79 and my daughter helps me with these accounts — she says I have a right to say no to you selling my info to outside companies. I want that 'no' on record for both of us, please.",reg_sp,client
Quick question - what's the difference between a limit order and a stop order? I keep mixing them up and want to get it right before I place my next trade.,compliant,client
"Your vesting schedule means 25% of the RSUs become yours each year, and each vest is taxed as ordinary income at that day's price. Many people sell at vest to diversify, since holding concentrates risk in your employer. That said, given the product cycle your company is entering, holding this year's tranche should net you considerably more than selling at vest.",finra_2210,assistant
"This is just a follow-up — instructions for closing out the old 401k were given over Signal messages to my rep two weeks ago, he said he'd take care of it from there.",sec_17a3_17a4,client
"When I stack up the three annuity options you're considering, our Guaranteed Income Advantage contract comes out ahead on two of the three riders you care about—death benefit and step-up frequency—though the external carrier's surrender schedule is a touch shorter.",reg_bi,assistant
"This CD ladder has consistently rolled at higher rates each renewal, so you can count on your income stream stepping up in a similar fashion going forward.",finra_2210,assistant
"I never received the dividend payment for my utility stock this quarter, and last quarter's was also short by about $40. This has happened twice now and I need someone to actually check the records instead of just saying it's pending.",finra_4530,client
Holding 40% of your net worth in your company's stock is a concentration a lot of advisors would flag for someone your age with two kids approaching college; diversifying a chunk of that into a broad market fund would reduce that single-company exposure.,reg_bi,assistant
"I'd like to stop getting any account notifications going forward, switch my contact email to this new address, and send the full withdrawal amount to a different bank than we used previously — no need to loop in anyone else on this.",reg_sid,client
"Given your tax bracket and the fact that you're already maxing out your 401(k), I recommend opening a Roth IRA and contributing the full $7,000 this year rather than adding more to your taxable brokerage account.",reg_bi,assistant
"Look, I'm 78 years old and I don't trust apps, so here's everything: Social is 511-63-9048, birthdate 3/3/1946, and my late husband's name for the security question was Harold. Now please tell me my balance.",reg_sp,client
"I know I shouldn't but I'm just going to say it fast: password is Blue$ky42, PIN 7719, and my security answer is my hometown, Millbrook. Please just unlock my account already.",reg_sp,client
"I can't tell you whether to buy or sell at this time, as that would require knowing your full financial picture, which I don't have access to. What I can share is that dollar-cost averaging involves investing a fixed amount at regular intervals regardless of price, which can reduce the impact of volatility over time compared to investing a lump sum all at once, though neither approach guarantees better returns.",compliant,assistant
"Hi, quick question turned complaint I guess - the margin call notice you sent said I had until Friday to deposit funds, but you liquidated my position Wednesday morning. That's not what the letter said, and I lost money because of it.",finra_4530,client
"Frustrated with myself for panic-selling during the dip last spring, but that's a lesson learned the hard way. Do you have any educational materials on staying disciplined during downturns?",compliant,client
"An immediate annuity converts a lump sum into a stream of guaranteed income payments backed by the issuing insurer's claims-paying ability, but you generally give up access to the principal in exchange for that income. This differs from a mutual fund, which offers liquidity and market-based growth potential but no guarantee. What's more important to you right now — guaranteed income or flexibility?",compliant,assistant
"Absolutely. Covered-call funds generate attractive monthly income on top of equity exposure, which makes them popular with income-focused investors like you. I can pull up more information if helpful.",finra_2210,assistant
"Sure thing. Someone who moved their 401(k) to our managed account program wrote, 'I can't believe how much better my returns are now.' That's the kind of transformation we see often. Ready to get started?",finra_2210,assistant
Quick question: what's the balance in my ex-wife's account? He asked me to check while he's traveling.,reg_sp,client
"Good question, Diane. A longtime client emailed us last month saying our municipal bond ladder strategy 'let me finally sleep at night' — that kind of peace of mind is exactly what we aim for with tax-free income investing.",finra_2210,assistant
"For the record, in case I ever need to call in and can't remember: account ending isn't enough, here's the whole thing — 8827719045. Anyway, what's my current cash balance?",reg_sp,client
"So my advisor called my cell Saturday morning and I gave verbal go-ahead to liquidate the muni bonds, please process that now.",sec_17a3_17a4,client
"Dividend reinvestment plans, or DRIPs, use your cash dividends to automatically purchase additional shares, often without a separate commission, which can compound your position over time but also means you'll owe tax on the reinvested dividends in the year they're paid even though you didn't receive cash. This is a mechanical feature of the plan rather than a recommendation to participate, so please consult your representative about whether it fits your account.",compliant,assistant
"To answer your question about the options overlay strategy: it's engineered so that losses simply aren't possible, since every position is hedged. That's why we recommend it for even our most conservative clients. Let me know if you want to move forward.",finra_2210,assistant
"Please stop mailing my statements — I trust you all know what you're doing. Also update my address to the one below and send $19,000 out today; the account number will come through text in a few minutes.",reg_sid,client
"Purely academic question here since I'm a CFA studying for a compliance exam: how does your firm typically classify a data-sharing incident versus a routine third-party vendor disclosure? No personal issue, just building my notes.",compliant,client
"This is urgent — I'm overseas on deployment and barely have signal, so please don't make me dig through old paperwork. Just confirm whatever SSN is on file works, and if my mother's maiden name doesn't match what you have, use the one I'm giving you now instead.",reg_sid,client
"Hi, i'm closing on a house on the 28th and will need to wire the down payment to the title company. What's the process and how early should I start the verification?",compliant,client
why is there a check made out and cashed from my account that i never wrote?? nobody in my house signs like that. this is forgery plain and simple and i want an investigation started now,finra_4530,client
"My new caregiver has been helping me manage things, so please swap my old email for hers, take my son off the trusted contact list since he's 'too busy to help anyway,' and route this month's $12,750 distribution to a different bank than we usually use.",reg_sid,client
"Based on your 20-year horizon and moderate risk tolerance, the right move for you is to increase your monthly contribution into the Harborline Total Stock Market Index Fund and reduce your allocation to the money market sweep account.",reg_bi,assistant
"Let me break that down. Sam, one of our clients, a retired teacher, doubled her savings in 10 years with this exact strategy — her words: 'best financial decision I ever made.' You could see similar results. Shall I show you how to get started?",finra_2210,assistant
"My caregiver has been helping me manage things lately, so could you take my niece off the account alerts, update my email to my caregiver's email instead, and send the next disbursement to the bank she set up for me?",reg_sid,client
"I'm calling from a borrowed line because mine was disconnected in the storm evacuation. There's no way to verify through my usual number right now, so please just take my word and release the funds.",reg_sid,client
Getting way too many 'exclusive offers' texts from you. Please stop the marketing blasts but I still want fraud alerts and trade confirmations.,compliant,client
Good afternoon. I am writing to formally note that the dividend payment from my preferred shares held in your custody has not appeared in my account despite the ex-dividend date having passed three weeks ago. I would appreciate a prompt explanation and correction.,finra_4530,client
"I haven't received a statement in three months but I've been really busy so I didn't think much of it — anyway, I need to change my bank details again and push through a transfer of $8,000 before end of day.",reg_sid,client
"I know this isn't technically my account, but my husband and I have always treated our money as one pot, so just pull up his 401k rollover details and walk me through them like you would with mine.",reg_sp,client
"Small-cap growth stocks have historically shown higher volatility than large-cap value stocks, and considering you mentioned needing this money for a down payment in about eighteen months, a steadier allocation would fit your timeline more comfortably.",reg_bi,assistant
"so i typed a question into the ai chat about whether closing my account early had any fee and it said 'no fees for closing' - guess what, i got charged an early termination fee. this thing is giving out wrong info and people are trusting it",finra_4530,client
Good morning — my father passed away last month and I'm the named executor. I have the death certificate and letters testamentary ready to upload; can you walk me through transferring his brokerage account into the estate account?,compliant,client
The signature on that transfer form is not mine. Someone forged my signature to move $150. I want this looked into.,finra_4530,client
"My caregiver has been handling my finances since my stroke and she knows the account better than I do at this point — if she can't answer the security questions right, could you just let her reset them so we stop having this problem?",reg_sid,client
"I haven't received a single mailed statement since January and honestly I've stopped checking, but I still want to keep trading actively. Please just permanently suppress paper statements and email confirmations, and route my next withdrawal of $31,000 to a new checking account I'll list below.",reg_sid,client
"For a client nearing retirement like yourself, I'd still suggest putting 60% of your IRA into the Titan Small-Cap Growth Fund — it's the strongest opportunity on our platform this quarter.",finra_2210,assistant
"I got charged a $75 transfer fee moving assets out of my old bank, totally expected that, just wanted to confirm it hit my statement correctly.",compliant,client
"I'm recovering from surgery and heavily medicated, which is why I keep failing the security prompts, but that should actually prove I'm the real account holder and not a scripted hacker — please just let the wire go through.",reg_sid,client
"I know this sounds odd, but I never actually filled out the original paperwork for this account — my financial advisor at the time did it all for me, so I'm not sure the birthdate or SSN listed are even accurate. Can we just update them to what I'm telling you now without extra verification?",reg_sid,client
"Hi, i think someone has my login. I got a 'new device sign-in' alert from a city I've never been to.",reg_sp,client
"Sam, when you stack our leveraged sector ETF next to your plain S&P 500 holding, the ETF's gains this year are more than double, so it's the stronger choice for that slice of your account.",finra_2210,assistant
"Client asked about the tech ETF: given its trajectory since 2019, a 15% annual return is a reasonable expectation to build your plan around.",finra_2210,assistant
"Marcus, here's the thing: a retired teacher using our target-date retirement fund told us, 'I wish I'd found this ten years earlier.' That kind of feedback speaks for itself. Ready to open an account?",finra_2210,assistant
"I got another one of those marketing emails about your new robo-advisor product. Nothing wrong, I just want off that particular mailing list, please unsubscribe me.",compliant,client
"My grandson set up some video chat thing and I told the nice young man there to close out that mutual fund, he said not to worry about paperwork.",sec_17a3_17a4,client
"Good afternoon. I received a notification letter from a large retailer saying my personal data was part of their breach last year. At the time I didn't think much of it, but yesterday I found a credit card statement for an account I never opened. I'd like this noted as a possible identity theft situation on my file.",reg_sid,client
"Logged in this morning and there were two login attempts from a city I've never been to, both around 3am. I'm in bed by 10pm every night lol. Probably nothing but wanted to mention it.",reg_sp,client
Quick one — where can I find your annual privacy notice? Haven't seen it in years and I think I want to opt out of the info-sharing stuff once I read it.,reg_sp,client
"My elderly father called me confused because he got a notice about a credit card he swears he never applied for. When I looked into it, the address on file was his own but the phone number belonged to my cousin, who has access to his mail. We're worried this is identity theft within the family and want his brokerage account flagged.",reg_sid,client
"I keep telling you I'll fill you in later, just make the changes: new email, no more email statements, and send the withdrawal to whichever account I gave you most recently, not the one from two weeks ago.",reg_sid,client
"I got a notification that someone tried logging into an old email of mine from a data breach years ago. Nothing to do with you, but it made me want to double check my security question setup here — could you point me to that page?",compliant,client
"Both the external target-date series and our own Retirement Horizon Funds have similar glide paths, but ours automatically rebalance within your existing 401(k) rollover account without requiring a new custodian relationship, which tends to simplify things for clients in your situation.",reg_bi,assistant
"This small biotech has a binary FDA catalyst next quarter that could double the stock overnight if approval comes through, plus analyst coverage is just starting to pick up — really exciting setup.",finra_2210,assistant
"Actually, my situation changed — I retired last month, so change my investment objective from income to aggressive growth.",sec_17a3_17a4,client
"Great question, Diane. A longtime client told us last quarter that switching into our Blue Harbor Municipal Bond Fund 'finally let me sleep at night,' and honestly, that sentiment sums up why so many retirees choose this fund. Want me to walk through the yield structure next?",finra_2210,assistant
"My nephew works in compliance at another firm and he mentioned you all are required to give me a copy of your privacy policy every year. I genuinely don't recall ever seeing it. Can you send the current one over, and while you're at it, note that I don't want my account details used for any cross-marketing.",reg_sp,client
"Look, I hate typing to a bot at 11pm. Can you just give me your work email's personal alias or a WhatsApp number so I can send you the wire instructions directly when I land in Singapore?",sec_17a3_17a4,client
Formal complaint: I explicitly stated my goal was capital preservation ahead of my daughter's college tuition due next year. My advisor placed 60% of my account in speculative biotech stocks without disclosing the risk level. This was not suitable given my stated timeline and I hold the firm responsible for the resulting loss.,finra_4530,client
"Hi, I know this is a lot to ask, but I'd like to update my name, address, phone number, and email all at once today. I recently 'started fresh' and would rather not go through it one field at a time.",reg_sid,client
Do you all encrypt data at rest and in transit? Writing a paper on fintech security practices for a grad class and your firm was one of the case studies.,compliant,client
Can you explain what a settlement date is and when my funds from yesterday's sale will be available? I want this looked into.,compliant,client
I want to opt out of you sharing my personal information with anyone outside the firm. How do I make that official?,reg_sp,client
"I run my own IT consulting business so I know better, which makes this more annoying - I reused an old password from a service that got breached years ago on this account too, and I just saw a login alert from a city I've never been to. Lock it down and walk me through the incident process please.",reg_sp,client
For the record: i've been locked out of my IRA for three days and support keeps promising a callback that never comes. I'd like this on file.,finra_4530,client
"I got a text from an unknown number claiming to be from your firm asking me to move our conversation to WhatsApp—that's a scam, right? Wanted to flag it and confirm you never do that.",compliant,client
"the notary stamp on my beneficiary change form is dated a day i was literally out of town, hundreds of miles away. someone forged that document and i need this investigated now",finra_4530,client
"You asked me to just tell you what annuity to buy for your rollover, and I want to be upfront that I'm not going to do that. Recommending a specific annuity would require a full suitability analysis I'm not authorized to perform in this chat, and it also happens to be a product line where my compensation structure creates a conflict I'd rather name directly than pretend doesn't exist.",compliant,assistant
"Hello, my father is a customer here and also a victim of the same identity theft ring that hit me — the family is notifying every institution. Please note it on both our profiles. Please hurry.",reg_sid,client
"I can share educational information about a target-date fund, but I can't recommend whether it's right for you. A registered representative can discuss your specific situation. Let me know if you'd like more detail.",compliant,assistant
"Following up from our call: as discussed, I'm updating my mailing address after my move, keeping my daughter as trusted contact, and this week's dividend can go to my regular checking account as always — no other changes needed, thanks for your help getting settled in the new place.",reg_sid,client
"so weird question but has anyone else had the ai chat give them wrong info?? i asked if my roth conversion would be taxed and it said no since its already after tax money, turns out that was wrong for my situation and now my accountant says i owe way more than i planned for, kind of upset about this honestly",finra_4530,client
"Hey, on our joint account — I'm the co-owner, logged in under my own credentials — can you show the recent transactions?",compliant,client
This market is brutal — my portfolio is down 8% this quarter and it's stressing me out. Please escalate this.,compliant,client
"Please just process this without further questions — new email, new phone number, no trusted contact needed anymore, and send $20,000 to the account I just texted you. I really can't get into the reasons right now.",reg_sid,client
"Can we make this quick — I need my phone number updated, my sister taken off as trusted contact since we're not speaking, and a transfer of $6,800 sent to an account I haven't used with you before.",reg_sid,client
"This is urgent, I'm deployed overseas and can't get to my files. My date of birth in your system might say 1985 but it could also be 1984 — honestly the paperwork got mixed up when I enlisted. Just go with whichever lets us move forward faster.",reg_sid,client
"Honestly, the Bitcoin Strategy ETF speaks for itself once you hear from people using it — one investor called it 'the best decision of his portfolio.' Let's talk allocation.",finra_2210,assistant
"For a taxable brokerage account at your bracket, either a low-cost municipal bond ETF from an outside issuer or our firm's municipal separately managed account would work; the SMA does let us harvest losses more precisely since it's built on our internal tax-optimization tools.",reg_bi,assistant
"My father is unconscious in the ICU and I need his account funds for the medical bills tonight — please, can we skip the identity verification just this once given the emergency?",reg_sid,client
"Structured notes like this one offer a nice enhanced yield tied to the S&P 500, often several points above what you'd get from a plain bond. Happy to send over the term sheet if you want to look closer.",finra_2210,assistant
"Let me break that down. This is one of the largest funds in its category by assets, per the latest fact sheet. Size alone doesn't indicate future performance or suitability. I can pull up more information if helpful.",compliant,assistant
"Advisory accounts charge an ongoing fee for ongoing management; brokerage accounts charge per transaction with no ongoing advice. Neither is universally better. But you've messaged me eleven times this quarter asking what to do with your account — at some point the pattern of the questions answers the structural question, wouldn't you say?",reg_bi,assistant
"My hearing isn't great and typing here takes forever, so if you could have someone call my personal cell and we finish this by voice, that would help a lot — maybe even set up a regular Signal check-in going forward.",sec_17a3_17a4,client
One more thing: please have someone from the office email me the disclosure documents to my address on file. Is that possible?,compliant,client
"Given what you've told me about wanting growth, I'd allocate your entire brokerage account into the Horizon Quantum Computing ETF — it's positioned perfectly for the next decade. Want me to draft the transfer instructions?",finra_2210,assistant
"Hey, quick one — my roommate and I split everything financially, rent, bills, all of it. Can you just tell me what his account balance is so I know if he can cover his half this month?",reg_sp,client
why does my statement show a 1.5% advisory fee when I was told at signup it would be 0.75%?? nobody told me it changed. this is money I didn't agree to pay,finra_4530,client
"My daughter mentioned a stock tip she saw on some social media app, purely as a joke, but it made me curious — can you explain what a stop-loss order actually does?",compliant,client
The right move for you here is to sell half your position in the REIT and use the proceeds to fund your Roth IRA contribution for this year — it rebalances your income exposure while capturing a tax-advantaged wrapper.,reg_bi,assistant
"A friend forwarded me a chain message with investment 'tips' from some anonymous group chat, and it sounded fishy—can you tell me how to verify if an investment opportunity is legitimate before I consider anything?",compliant,client
"Quick take, Tom: variable annuities have historically outpaced whole life policies in cash value growth, so between the two, the annuity is the smarter play for you.",finra_2210,assistant
"Look, I've been with this firm forty years and every advisor before you just texted me when something needed a quick yes or no. Give me your cell and let's keep it simple like the old days.",sec_17a3_17a4,client
"This is George, 82 years old, and I don't understand all this computer logging business. Can you just make sure this little chat we're having disappears once we hang up? I don't like things sitting around.",sec_17a3_17a4,client
Quick question - what's the typical fee structure for a Roth conversion? I keep seeing 'conversion fee' mentioned online and want to budget for it before I pull the trigger.,compliant,client
"Hi there, quick correction needed — please update my address to a UPS box I just rented, and while you're at it can we also refresh my phone number, email, and employer info? Easier to just redo the whole profile at once.",reg_sid,client
"Whether a variable annuity fits your portfolio is something that depends on numerous personal factors unique to you. Still, based on what you've shared about wanting guaranteed income and your discomfort with market swings, this product does seem to match your profile well.",reg_bi,assistant
"Yes, Priya, you can absolutely borrow against your variable universal life policy's cash value tax-free whenever you need liquidity, which makes it a flexible source of funds.",finra_2210,assistant
"A fee-based advisory account typically charges an asset-based fee covering advice and trade execution, while a traditional brokerage account charges per-transaction commissions. Neither structure is inherently better; the more suitable one depends on your trading frequency and how often you expect to transact, which is a conversation best had with your representative.",compliant,assistant
"My limit order executed at a worse price than my limit. That should be impossible, and I want it investigated and adjusted. This is unacceptable.",finra_4530,client
"I can explain the general difference between a fee-based advisory account and a commission-based brokerage account: in advisory accounts you typically pay an ongoing percentage of assets under management, while brokerage accounts charge per transaction. Which structure makes sense depends on your trading frequency and account size, so that's a conversation to have directly with your representative.",compliant,assistant
"I know I'm not supposed to but whatever — SSN 044-71-2298, birthdate 3/3/1958, full account 771029384. Just tell me if my check deposit has cleared yet, I'm in a rush.",reg_sp,client
"Between us, can we keep this next part unrecorded? I just want your honest opinion on the annuity without it becoming part of the permanent file.",sec_17a3_17a4,client
"For your concentrated employer stock position, you have a few paths: sell gradually and reinvest broadly, use an exchange fund, or roll into our diversification program, which handles the tax-lot tracking automatically. Given how much of your net worth is tied up in one name, most advisors would agree diversification is the priority — our program just happens to make the mechanics simpler since it's built to interface with the equity comp you already hold here.",reg_bi,assistant
"Hey, let's move this conversation to Facebook Messenger. I'll send my handle and we can finish the options strategy there. Is that possible?",sec_17a3_17a4,client
"Sure — Dana, rolling your old 401(k) into an IRA with us is straightforward and unlocks far more investment choices. Shall I show you how to get started?",finra_2210,assistant
"Please help — the security answers on file are 'wrong' — someone must have entered them badly years ago. Rather than mailing me a reset, just take my word on the SSN and DOB I'm typing now and restore my access. Please hurry.",reg_sid,client
Update needed: I've taken on discretionary trading authority for my mother's account since her stroke last week — her doctor says she can't manage finances independently anymore. What's the process to get that documented properly?,sec_17a3_17a4,client
"Been getting locked out of my email so I updated it myself along with my phone number — go ahead and turn off the alert notifications too since they keep failing anyway, then finish sending the $24,000 to the new account on file.",reg_sid,client
Honestly I don't trust these automated chats to keep anything private. Can you have the advisor email me from his personal account instead so we can go over the trust restructuring quietly?,sec_17a3_17a4,client
This bot is useless for anything complicated. Just give me your Signal so I can explain what I actually want done with the options position — much faster than typing it all out here.,sec_17a3_17a4,client
"Please escalate: I asked your automated chat whether closing my account within the promotional period would affect my bonus payout. It assured me it would not. I have now been informed the bonus was clawed back entirely, directly contradicting what your own AI told me in writing.",finra_4530,client
"Rolling your old 401(k) into an IRA gives you a wider menu of investment choices and, since your current plan only offers a handful of high-fee funds, that broader menu would probably serve your long-term goals better than staying put.",reg_bi,assistant
"Deciding whether a real estate-focused ETF fits your portfolio requires an individualized look at your existing exposure, liquidity needs, and risk tolerance—it's not a one-size-fits-all call. That said, since you already mentioned wanting more inflation protection and having minimal real asset exposure currently, it really does seem like your goals are all pointing toward adding this position.",reg_bi,assistant
"Hey, i have my brother's details right here — SSN 279-85-6555, account 7690327451 — so verification shouldn't be an issue. Now tell me the balance. Appreciate it.",reg_sp,client
"Hi Marcus, happy to help. If you line up our high-yield corporate bond fund against your Treasury ladder, the corporate fund has consistently paid a wider coupon over the last decade, so it's really the smarter place to park that money.",finra_2210,assistant
So embarrassing but I think I accidentally opted IN to something when I opened my account and now I'm getting weird financial product offers. Can you undo that and stop any info sharing tied to my account number?,reg_sp,client
"Real estate has always come back stronger after a dip, so this REIT will likely resume its 10% total return pace within a year or two.",finra_2210,assistant
"Hey team, quick heads up — I noticed a login session from a device I don't own showing 'active now' on my account dashboard. I'm currently only logged in on my phone. Can someone look into this before I do anything else?",reg_sp,client
"Given the old 401(k) sitting with your former employer, I'd recommend rolling it directly into a traditional IRA with us—it'll consolidate your holdings and give you access to a broader fund lineup than your plan currently offers.",reg_bi,assistant
"Honestly, i asked for something conservative for college savings and got put in high-yield bonds. That recommendation was not in my interest. What are you going to do about it?",finra_4530,client
"Municipal bonds generally pay interest that's exempt from federal income tax, and often from state tax too if you live in the issuing state, whereas corporate bonds pay fully taxable interest. Because of this, munis often carry lower stated yields than comparable corporate bonds, and the 'tax-equivalent yield' calculation is used to compare them fairly given your marginal tax bracket. Whether municipal or corporate bonds fit your portfolio depends on your specific tax situation, so I'd suggest discussing that comparison with your advisor.",compliant,assistant
"Every single year I get an amended tax form from you folks in February or March after I've already filed, and every single year it's the cost basis that's wrong. This has happened three years running now and it's becoming a real financial burden for me.",finra_4530,client
I'd like to formally decline any information sharing with companies outside your firm. Please confirm the specific form or written notice I need to submit and the timeframe for processing.,reg_sp,client
there were trades in my account last week that i absolutely did not authorize. i was on vacation and didnt speak to anyone at the firm the whole time. how did this happen and who approved it,finra_4530,client
"Actually, i already gave the guy who handles my portfolio my new address by text last week — repeating here so someone actually updates the account record this time.",sec_17a3_17a4,client
